unsigned char vit_cubin_fmha_v2_flash_attention_fp16_64_32_S_qkv_128_sm100_cu_cubin[] = {
  0x7f, 0x45, 0x4c, 0x46, 0x02, 0x01, 0x01, 0x41, 0x08, 0x00, 0x00, 0x00,
  0x00, 0x00, 0x00, 0x00, 0x02, 0x00, 0xbe, 0x00, 0x01, 0x00, 0x00, 0x00,
  0x00, 0x00, 0x00, 0x00, 0x00, 0x00, 0x00, 0x00, 0xb8, 0x80, 0x00, 0x00,
  0x00, 0x00, 0x00, 0x00, 0x78, 0x7a, 0x00, 0x00, 0x00, 0x00, 0x00, 0x00,
  0x0a, 0x64, 0x00, 0x06, 0x40, 0x00, 0x38, 0x00, 0x05, 0x00, 0x40, 0x00,
  0x19, 0x00, 0x01, 0x00, 0x00, 0x2e, 0x73, 0x68, 0x73, 0x74, 0x72, 0x74,
  0x61, 0x62, 0x00, 0x2e, 0x73, 0x74, 0x72, 0x74, 0x61, 0x62, 0x00, 0x2e,
  0x73, 0x79, 0x6d, 0x74, 0x61, 0x62, 0x00, 0x2e, 0x73, 0x79, 0x6d, 0x74,
  0x61, 0x62, 0x5f, 0x73, 0x68, 0x6e, 0x64, 0x78, 0x00, 0x2e, 0x6e, 0x6f,
  0x74, 0x65, 0x2e, 0x6e, 0x76, 0x2e, 0x74, 0x6b, 0x69, 0x6e, 0x66, 0x6f,
  0x00, 0x2e, 0x6e, 0x6f, 0x74, 0x65, 0x2e, 0x6e, 0x76, 0x2e, 0x63, 0x75,
  0x76, 0x65, 0x72, 0x00, 0x2e, 0x6e, 0x76, 0x2e, 0x69, 0x6e, 0x66, 0x6f,
  0x00, 0x2e, 0x74, 0x65, 0x78, 0x74, 0x2e, 0x66, 0x6d, 0x68, 0x61, 0x5f,
  0x76, 0x32, 0x5f, 0x66, 0x6c, 0x61, 0x73, 0x68, 0x5f, 0x61, 0x74, 0x74,
  0x65, 0x6e, 0x74, 0x69, 0x6f, 0x6e, 0x5f, 0x66, 0x70, 0x31, 0x36, 0x5f,
  0x36, 0x34, 0x5f, 0x33, 0x32, 0x5f, 0x53, 0x5f, 0x71, 0x6b, 0x76, 0x5f,
  0x31, 0x32, 0x38, 0x5f, 0x73, 0x6d, 0x31, 0x30, 0x30, 0x5f, 0x6b, 0x65,
  0x72, 0x6e, 0x65, 0x6c, 0x5f, 0x6e, 0x6c, 0x00, 0x2e, 0x6e, 0x76, 0x2e,
  0x69, 0x6e, 0x66, 0x6f, 0x2e, 0x66, 0x6d, 0x68, 0x61, 0x5f, 0x76, 0x32,
  0x5f, 0x66, 0x6c, 0x61, 0x73, 0x68, 0x5f, 0x61, 0x74, 0x74, 0x65, 0x6e,
  0x74, 0x69, 0x6f, 0x6e, 0x5f, 0x66, 0x70, 0x31, 0x36, 0x5f, 0x36, 0x34,
  0x5f, 0x33, 0x32, 0x5f, 0x53, 0x5f, 0x71, 0x6b, 0x76, 0x5f, 0x31, 0x32,
  0x38, 0x5f, 0x73, 0x6d, 0x31, 0x30, 0x30, 0x5f, 0x6b, 0x65, 0x72, 0x6e,
  0x65, 0x6c, 0x5f, 0x6e, 0x6c, 0x00, 0x2e, 0x6e, 0x76, 0x2e, 0x73, 0x68,
  0x61, 0x72, 0x65, 0x64, 0x2e, 0x66, 0x6d, 0x68, 0x61, 0x5f, 0x76, 0x32,
  0x5f, 0x66, 0x6c, 0x61, 0x73, 0x68, 0x5f, 0x61, 0x74, 0x74, 0x65, 0x6e,
  0x74, 0x69, 0x6f, 0x6e, 0x5f, 0x66, 0x70, 0x31, 0x36, 0x5f, 0x36, 0x34,
  0x5f, 0x33, 0x32, 0x5f, 0x53, 0x5f, 0x71, 0x6b, 0x76, 0x5f, 0x31, 0x32,
  0x38, 0x5f, 0x73, 0x6d, 0x31, 0x30, 0x30, 0x5f, 0x6b, 0x65, 0x72, 0x6e,
  0x65, 0x6c, 0x5f, 0x6e, 0x6c, 0x00, 0x2e, 0x6e, 0x76, 0x2e, 0x73, 0x68,
  0x61, 0x72, 0x65, 0x64, 0x2e, 0x72, 0x65, 0x73, 0x65, 0x72, 0x76, 0x65,
  0x64, 0x2e, 0x30, 0x00, 0x2e, 0x6e, 0x76, 0x2e, 0x63, 0x6f, 0x6d, 0x70,
  0x61, 0x74, 0x00, 0x2e, 0x72, 0x65, 0x6c, 0x2e, 0x74, 0x65, 0x78, 0x74,
  0x2e, 0x66, 0x6d, 0x68, 0x61, 0x5f, 0x76, 0x32, 0x5f, 0x66, 0x6c, 0x61,
  0x73, 0x68, 0x5f, 0x61, 0x74, 0x74, 0x65, 0x6e, 0x74, 0x69, 0x6f, 0x6e,
  0x5f, 0x66, 0x70, 0x31, 0x36, 0x5f, 0x36, 0x34, 0x5f, 0x33, 0x32, 0x5f,
  0x53, 0x5f, 0x71, 0x6b, 0x76, 0x5f, 0x31, 0x32, 0x38, 0x5f, 0x73, 0x6d,
  0x31, 0x30, 0x30, 0x5f, 0x6b, 0x65, 0x72, 0x6e, 0x65, 0x6c, 0x5f, 0x6e,
  0x6c, 0x00, 0x2e, 0x72, 0x65, 0x6c, 0x61, 0x2e, 0x74, 0x65, 0x78, 0x74,
  0x2e, 0x66, 0x6d, 0x68, 0x61, 0x5f, 0x76, 0x32, 0x5f, 0x66, 0x6c, 0x61,
  0x73, 0x68, 0x5f, 0x61, 0x74, 0x74, 0x65, 0x6e, 0x74, 0x69, 0x6f, 0x6e,
  0x5f, 0x66, 0x70, 0x31, 0x36, 0x5f, 0x36, 0x34, 0x5f, 0x33, 0x32, 0x5f,
  0x53, 0x5f, 0x71, 0x6b, 0x76, 0x5f, 0x31, 0x32, 0x38, 0x5f, 0x73, 0x6d,
  0x31, 0x30, 0x30, 0x5f, 0x6b, 0x65, 0x72, 0x6e, 0x65, 0x6c, 0x5f, 0x6e,
  0x6c, 0x00, 0x2e, 0x64, 0x65, 0x62, 0x75, 0x67, 0x5f, 0x66, 0x72, 0x61,
  0x6d, 0x65, 0x00, 0x2e, 0x72, 0x65, 0x6c, 0x2e, 0x64, 0x65, 0x62, 0x75,
  0x67, 0x5f, 0x66, 0x72, 0x61, 0x6d, 0x65, 0x00, 0x2e, 0x72, 0x65, 0x6c,
  0x61, 0x2e, 0x64, 0x65, 0x62, 0x75, 0x67, 0x5f, 0x66, 0x72, 0x61, 0x6d,
  0x65, 0x00, 0x2e, 0x6e, 0x76, 0x2e, 0x63, 0x61, 0x6c, 0x6c, 0x67, 0x72,
  0x61, 0x70, 0x68, 0x00, 0x2e, 0x6e, 0x76, 0x2e, 0x70, 0x72, 0x6f, 0x74,
  0x6f, 0x74, 0x79, 0x70, 0x65, 0x00, 0x2e, 0x6e, 0x76, 0x2e, 0x63, 0x6f,
  0x6e, 0x73, 0x74, 0x61, 0x6e, 0x74, 0x30, 0x2e, 0x66, 0x6d, 0x68, 0x61,
  0x5f, 0x76, 0x32, 0x5f, 0x66, 0x6c, 0x61, 0x73, 0x68, 0x5f, 0x61, 0x74,
  0x74, 0x65, 0x6e, 0x74, 0x69, 0x6f, 0x6e, 0x5f, 0x66, 0x70, 0x31, 0x36,
  0x5f, 0x36, 0x34, 0x5f, 0x33, 0x32, 0x5f, 0x53, 0x5f, 0x71, 0x6b, 0x76,
  0x5f, 0x31, 0x32, 0x38, 0x5f, 0x73, 0x6d, 0x31, 0x30, 0x30, 0x5f, 0x6b,
  0x65, 0x72, 0x6e, 0x65, 0x6c, 0x5f, 0x6e, 0x6c, 0x00, 0x2e, 0x6e, 0x76,
  0x2e, 0x63, 0x61, 0x70, 0x6d, 0x65, 0x72, 0x63, 0x2e, 0x74, 0x65, 0x78,
  0x74, 0x2e, 0x66, 0x6d, 0x68, 0x61, 0x5f, 0x76, 0x32, 0x5f, 0x66, 0x6c,
  0x61, 0x73, 0x68, 0x5f, 0x61, 0x74, 0x74, 0x65, 0x6e, 0x74, 0x69, 0x6f,
  0x6e, 0x5f, 0x66, 0x70, 0x31, 0x36, 0x5f, 0x36, 0x34, 0x5f, 0x33, 0x32,
  0x5f, 0x53, 0x5f, 0x71, 0x6b, 0x76, 0x5f, 0x31, 0x32, 0x38, 0x5f, 0x73,
  0x6d, 0x31, 0x30, 0x30, 0x5f, 0x6b, 0x65, 0x72, 0x6e, 0x65, 0x6c, 0x5f,
  0x6e, 0x6c, 0x00, 0x2e, 0x6e, 0x76, 0x2e, 0x6d, 0x65, 0x72, 0x63, 0x2e,
  0x64, 0x65, 0x62, 0x75, 0x67, 0x5f, 0x66, 0x72, 0x61, 0x6d, 0x65, 0x00,
  0x2e, 0x6e, 0x76, 0x2e, 0x6d, 0x65, 0x72, 0x63, 0x2e, 0x6e, 0x76, 0x2e,
  0x69, 0x6e, 0x66, 0x6f, 0x00, 0x2e, 0x6e, 0x76, 0x2e, 0x6d, 0x65, 0x72,
  0x63, 0x2e, 0x6e, 0x76, 0x2e, 0x69, 0x6e, 0x66, 0x6f, 0x2e, 0x66, 0x6d,
  0x68, 0x61, 0x5f, 0x76, 0x32, 0x5f, 0x66, 0x6c, 0x61, 0x73, 0x68, 0x5f,
  0x61, 0x74, 0x74, 0x65, 0x6e, 0x74, 0x69, 0x6f, 0x6e, 0x5f, 0x66, 0x70,
  0x31, 0x36, 0x5f, 0x36, 0x34, 0x5f, 0x33, 0x32, 0x5f, 0x53, 0x5f, 0x71,
  0x6b, 0x76, 0x5f, 0x31, 0x32, 0x38, 0x5f, 0x73, 0x6d, 0x31, 0x30, 0x30,
  0x5f, 0x6b, 0x65, 0x72, 0x6e, 0x65, 0x6c, 0x5f, 0x6e, 0x6c, 0x00, 0x2e,
  0x6e, 0x76, 0x2e, 0x6d, 0x65, 0x72, 0x63, 0x2e, 0x72, 0x65, 0x6c, 0x61,
  0x2e, 0x74, 0x65, 0x78, 0x74, 0x2e, 0x66, 0x6d, 0x68, 0x61, 0x5f, 0x76,
  0x32, 0x5f, 0x66, 0x6c, 0x61, 0x73, 0x68, 0x5f, 0x61, 0x74, 0x74, 0x65,
  0x6e, 0x74, 0x69, 0x6f, 0x6e, 0x5f, 0x66, 0x70, 0x31, 0x36, 0x5f, 0x36,
  0x34, 0x5f, 0x33, 0x32, 0x5f, 0x53, 0x5f, 0x71, 0x6b, 0x76, 0x5f, 0x31,
  0x32, 0x38, 0x5f, 0x73, 0x6d, 0x31, 0x30, 0x30, 0x5f, 0x6b, 0x65, 0x72,
  0x6e, 0x65, 0x6c, 0x5f, 0x6e, 0x6c, 0x00, 0x2e, 0x6e, 0x76, 0x2e, 0x6d,
  0x65, 0x72, 0x63, 0x2e, 0x72, 0x65, 0x6c, 0x61, 0x2e, 0x64, 0x65, 0x62,
  0x75, 0x67, 0x5f, 0x66, 0x72, 0x61, 0x6d, 0x65, 0x00, 0x2e, 0x6e, 0x76,
  0x2e, 0x6d, 0x65, 0x72, 0x63, 0x2e, 0x6e, 0x76, 0x2e, 0x73, 0x68, 0x61,
  0x72, 0x65, 0x64, 0x2e, 0x72, 0x65, 0x73, 0x65, 0x72, 0x76, 0x65, 0x64,
  0x2e, 0x30, 0x00, 0x2e, 0x6e, 0x76, 0x2e, 0x6d, 0x65, 0x72, 0x63, 0x2e,
  0x73, 0x79, 0x6d, 0x74, 0x61, 0x62, 0x00, 0x00, 0x00, 0x00, 0x00, 0x00,
  0x00, 0x00, 0x00, 0x00, 0x00, 0x00, 0x00, 0x00, 0x00, 0x00, 0x00, 0x00,
  0x00, 0x00, 0x00, 0x00, 0x00, 0x00, 0x00, 0x00, 0x00, 0x00, 0x00, 0x00,
  0x00, 0x00, 0x00, 0x00, 0x00, 0x00, 0x00, 0x00, 0x2e, 0x73, 0x68, 0x73,
  0x74, 0x72, 0x74, 0x61, 0x62, 0x00, 0x2e, 0x73, 0x74, 0x72, 0x74, 0x61,
  0x62, 0x00, 0x2e, 0x73, 0x79, 0x6d, 0x74, 0x61, 0x62, 0x00, 0x2e, 0x73,
  0x79, 0x6d, 0x74, 0x61, 0x62, 0x5f, 0x73, 0x68, 0x6e, 0x64, 0x78, 0x00,
  0x2e, 0x6e, 0x6f, 0x74, 0x65, 0x2e, 0x6e, 0x76, 0x2e, 0x74, 0x6b, 0x69,
  0x6e, 0x66, 0x6f, 0x00, 0x2e, 0x6e, 0x6f, 0x74, 0x65, 0x2e, 0x6e, 0x76,
  0x2e, 0x63, 0x75, 0x76, 0x65, 0x72, 0x00, 0x2e, 0x6e, 0x76, 0x2e, 0x69,
  0x6e, 0x66, 0x6f, 0x00, 0x2e, 0x74, 0x65, 0x78, 0x74, 0x2e, 0x66, 0x6d,
  0x68, 0x61, 0x5f, 0x76, 0x32, 0x5f, 0x66, 0x6c, 0x61, 0x73, 0x68, 0x5f,
  0x61, 0x74, 0x74, 0x65, 0x6e, 0x74, 0x69, 0x6f, 0x6e, 0x5f, 0x66, 0x70,
  0x31, 0x36, 0x5f, 0x36, 0x34, 0x5f, 0x33, 0x32, 0x5f, 0x53, 0x5f, 0x71,
  0x6b, 0x76, 0x5f, 0x31, 0x32, 0x38, 0x5f, 0x73, 0x6d, 0x31, 0x30, 0x30,
  0x5f, 0x6b, 0x65, 0x72, 0x6e, 0x65, 0x6c, 0x5f, 0x6e, 0x6c, 0x00, 0x2e,
  0x6e, 0x76, 0x2e, 0x69, 0x6e, 0x66, 0x6f, 0x2e, 0x66, 0x6d, 0x68, 0x61,
  0x5f, 0x76, 0x32, 0x5f, 0x66, 0x6c, 0x61, 0x73, 0x68, 0x5f, 0x61, 0x74,
  0x74, 0x65, 0x6e, 0x74, 0x69, 0x6f, 0x6e, 0x5f, 0x66, 0x70, 0x31, 0x36,
  0x5f, 0x36, 0x34, 0x5f, 0x33, 0x32, 0x5f, 0x53, 0x5f, 0x71, 0x6b, 0x76,
  0x5f, 0x31, 0x32, 0x38, 0x5f, 0x73, 0x6d, 0x31, 0x30, 0x30, 0x5f, 0x6b,
  0x65, 0x72, 0x6e, 0x65, 0x6c, 0x5f, 0x6e, 0x6c, 0x00, 0x2e, 0x6e, 0x76,
  0x2e, 0x73, 0x68, 0x61, 0x72, 0x65, 0x64, 0x2e, 0x66, 0x6d, 0x68, 0x61,
  0x5f, 0x76, 0x32, 0x5f, 0x66, 0x6c, 0x61, 0x73, 0x68, 0x5f, 0x61, 0x74,
  0x74, 0x65, 0x6e, 0x74, 0x69, 0x6f, 0x6e, 0x5f, 0x66, 0x70, 0x31, 0x36,
  0x5f, 0x36, 0x34, 0x5f, 0x33, 0x32, 0x5f, 0x53, 0x5f, 0x71, 0x6b, 0x76,
  0x5f, 0x31, 0x32, 0x38, 0x5f, 0x73, 0x6d, 0x31, 0x30, 0x30, 0x5f, 0x6b,
  0x65, 0x72, 0x6e, 0x65, 0x6c, 0x5f, 0x6e, 0x6c, 0x00, 0x2e, 0x6e, 0x76,
  0x2e, 0x72, 0x65, 0x73, 0x65, 0x72, 0x76, 0x65, 0x64, 0x53, 0x6d, 0x65,
  0x6d, 0x2e, 0x6f, 0x66, 0x66, 0x73, 0x65, 0x74, 0x30, 0x00, 0x2e, 0x6e,
  0x76, 0x2e, 0x73, 0x68, 0x61, 0x72, 0x65, 0x64, 0x2e, 0x72, 0x65, 0x73,
  0x65, 0x72, 0x76, 0x65, 0x64, 0x2e, 0x30, 0x00, 0x5f, 0x5f, 0x6e, 0x76,
  0x5f, 0x72, 0x65, 0x73, 0x65, 0x72, 0x76, 0x65, 0x64, 0x53, 0x4d, 0x45,
  0x4d, 0x5f, 0x6f, 0x66, 0x66, 0x73, 0x65, 0x74, 0x5f, 0x30, 0x5f, 0x61,
  0x6c, 0x69, 0x61, 0x73, 0x00, 0x2e, 0x6e, 0x76, 0x2e, 0x72, 0x65, 0x73,
  0x65, 0x72, 0x76, 0x65, 0x64, 0x53, 0x6d, 0x65, 0x6d, 0x2e, 0x63, 0x61,
  0x70, 0x00, 0x2e, 0x6e, 0x76, 0x2e, 0x63, 0x6f, 0x6d, 0x70, 0x61, 0x74,
  0x00, 0x2e, 0x72, 0x65, 0x6c, 0x2e, 0x74, 0x65, 0x78, 0x74, 0x2e, 0x66,
  0x6d, 0x68, 0x61, 0x5f, 0x76, 0x32, 0x5f, 0x66, 0x6c, 0x61, 0x73, 0x68,
  0x5f, 0x61, 0x74, 0x74, 0x65, 0x6e, 0x74, 0x69, 0x6f, 0x6e, 0x5f, 0x66,
  0x70, 0x31, 0x36, 0x5f, 0x36, 0x34, 0x5f, 0x33, 0x32, 0x5f, 0x53, 0x5f,
  0x71, 0x6b, 0x76, 0x5f, 0x31, 0x32, 0x38, 0x5f, 0x73, 0x6d, 0x31, 0x30,
  0x30, 0x5f, 0x6b, 0x65, 0x72, 0x6e, 0x65, 0x6c, 0x5f, 0x6e, 0x6c, 0x00,
  0x2e, 0x72, 0x65, 0x6c, 0x61, 0x2e, 0x74, 0x65, 0x78, 0x74, 0x2e, 0x66,
  0x6d, 0x68, 0x61, 0x5f, 0x76, 0x32, 0x5f, 0x66, 0x6c, 0x61, 0x73, 0x68,
  0x5f, 0x61, 0x74, 0x74, 0x65, 0x6e, 0x74, 0x69, 0x6f, 0x6e, 0x5f, 0x66,
  0x70, 0x31, 0x36, 0x5f, 0x36, 0x34, 0x5f, 0x33, 0x32, 0x5f, 0x53, 0x5f,
  0x71, 0x6b, 0x76, 0x5f, 0x31, 0x32, 0x38, 0x5f, 0x73, 0x6d, 0x31, 0x30,
  0x30, 0x5f, 0x6b, 0x65, 0x72, 0x6e, 0x65, 0x6c, 0x5f, 0x6e, 0x6c, 0x00,
  0x2e, 0x64, 0x65, 0x62, 0x75, 0x67, 0x5f, 0x66, 0x72, 0x61, 0x6d, 0x65,
  0x00, 0x2e, 0x72, 0x65, 0x6c, 0x2e, 0x64, 0x65, 0x62, 0x75, 0x67, 0x5f,
  0x66, 0x72, 0x61, 0x6d, 0x65, 0x00, 0x2e, 0x72, 0x65, 0x6c, 0x61, 0x2e,
  0x64, 0x65, 0x62, 0x75, 0x67, 0x5f, 0x66, 0x72, 0x61, 0x6d, 0x65, 0x00,
  0x2e, 0x6e, 0x76, 0x2e, 0x63, 0x61, 0x6c, 0x6c, 0x67, 0x72, 0x61, 0x70,
  0x68, 0x00, 0x2e, 0x6e, 0x76, 0x2e, 0x70, 0x72, 0x6f, 0x74, 0x6f, 0x74,
  0x79, 0x70, 0x65, 0x00, 0x66, 0x6d, 0x68, 0x61, 0x5f, 0x76, 0x32, 0x5f,
  0x66, 0x6c, 0x61, 0x73, 0x68, 0x5f, 0x61, 0x74, 0x74, 0x65, 0x6e, 0x74,
  0x69, 0x6f, 0x6e, 0x5f, 0x66, 0x70, 0x31, 0x36, 0x5f, 0x36, 0x34, 0x5f,
  0x33, 0x32, 0x5f, 0x53, 0x5f, 0x71, 0x6b, 0x76, 0x5f, 0x31, 0x32, 0x38,
  0x5f, 0x73, 0x6d, 0x31, 0x30, 0x30, 0x5f, 0x6b, 0x65, 0x72, 0x6e, 0x65,
  0x6c, 0x5f, 0x6e, 0x6c, 0x00, 0x2e, 0x6e, 0x76, 0x2e, 0x63, 0x6f, 0x6e,
  0x73, 0x74, 0x61, 0x6e, 0x74, 0x30, 0x2e, 0x66, 0x6d, 0x68, 0x61, 0x5f,
  0x76, 0x32, 0x5f, 0x66, 0x6c, 0x61, 0x73, 0x68, 0x5f, 0x61, 0x74, 0x74,
  0x65, 0x6e, 0x74, 0x69, 0x6f, 0x6e, 0x5f, 0x66, 0x70, 0x31, 0x36, 0x5f,
  0x36, 0x34, 0x5f, 0x33, 0x32, 0x5f, 0x53, 0x5f, 0x71, 0x6b, 0x76, 0x5f,
  0x31, 0x32, 0x38, 0x5f, 0x73, 0x6d, 0x31, 0x30, 0x30, 0x5f, 0x6b, 0x65,
  0x72, 0x6e, 0x65, 0x6c, 0x5f, 0x6e, 0x6c, 0x00, 0x00, 0x00, 0x00, 0x00,
  0x00, 0x00, 0x00, 0x00, 0x00, 0x00, 0x00, 0x00, 0x00, 0x00, 0x00, 0x00,
  0x00, 0x00, 0x00, 0x00, 0x00, 0x00, 0x00, 0x00, 0x00, 0x00, 0x00, 0x00,
  0x51, 0x00, 0x00, 0x00, 0x03, 0x00, 0x0d, 0x00, 0x00, 0x00, 0x00, 0x00,
  0x00, 0x00, 0x00, 0x00, 0x00, 0x00, 0x00, 0x00, 0x00, 0x00, 0x00, 0x00,
  0x22, 0x01, 0x00, 0x00, 0x21, 0x00, 0x00, 0x00, 0x40, 0x00, 0x00, 0x00,
  0x00, 0x00, 0x00, 0x00, 0x04, 0x00, 0x00, 0x00, 0x00, 0x00, 0x00, 0x00,
  0x51, 0x01, 0x00, 0x00, 0x20, 0xa0, 0x0f, 0x00, 0x40, 0x00, 0x00, 0x00,
  0x00, 0x00, 0x00, 0x00, 0x00, 0x00, 0x00, 0x00, 0x00, 0x00, 0x00, 0x00,
  0x72, 0x01, 0x00, 0x00, 0x21, 0x00, 0x00, 0x00, 0x00, 0x04, 0x00, 0x00,
  0x00, 0x00, 0x00, 0x00, 0x04, 0x00, 0x00, 0x00, 0x00, 0x00, 0x00, 0x00,
  0x21, 0x02, 0x00, 0x00, 0x03, 0x00, 0x04, 0x00, 0x00, 0x00, 0x00, 0x00,
  0x00, 0x00, 0x00, 0x00, 0x00, 0x00, 0x00, 0x00, 0x00, 0x00, 0x00, 0x00,
  0x51, 0x02, 0x00, 0x00, 0x03, 0x00, 0x0a, 0x00, 0x00, 0x00, 0x00, 0x00,
  0x00, 0x00, 0x00, 0x00, 0x00, 0x00, 0x00, 0x00, 0x00, 0x00, 0x00, 0x00,
  0x6d, 0x02, 0x00, 0x00, 0x12, 0x10, 0x0d, 0x00, 0x00, 0x00, 0x00, 0x00,
  0x00, 0x00, 0x00, 0x00, 0x00, 0x4c, 0x00, 0x00, 0x00, 0x00, 0x00, 0x00,
  0xaa, 0x02, 0x00, 0x00, 0x03, 0x00, 0x10, 0x00, 0x00, 0x00, 0x00, 0x00,
  0x00, 0x00, 0x00, 0x00, 0x00, 0x00, 0x00, 0x00, 0x00, 0x00, 0x00, 0x00,
  0xff, 0xff, 0xff, 0xff, 0x24, 0x00, 0x00, 0x00, 0x00, 0x00, 0x00, 0x00,
  0xff, 0xff, 0xff, 0xff, 0xff, 0xff, 0xff, 0xff, 0x03, 0x00, 0x04, 0x7c,
  0xff, 0xff, 0xff, 0xff, 0x0f, 0x0c, 0x81, 0x80, 0x80, 0x28, 0x00, 0x08,
  0xff, 0x81, 0x80, 0x28, 0x08, 0x81, 0x80, 0x80, 0x28, 0x00, 0x00, 0x00,
  0xff, 0xff, 0xff, 0xff, 0x2c, 0x00, 0x00, 0x00, 0x00, 0x00, 0x00, 0x00,
  0x00, 0x00, 0x00, 0x00, 0x00, 0x00, 0x00, 0x00, 0x00, 0x00, 0x00, 0x00,
  0x00, 0x00, 0x00, 0x00, 0x00, 0x4c, 0x00, 0x00, 0x00, 0x00, 0x00, 0x00,
  0x04, 0x74, 0x00, 0x00, 0x00, 0x0c, 0x81, 0x80, 0x80, 0x28, 0x00, 0x04,
  0x54, 0x12, 0x00, 0x00, 0x00, 0x00, 0x00, 0x00, 0x0c, 0x00, 0x00, 0x00,
  0x94, 0x00, 0x00, 0x00, 0xd0, 0x07, 0x00, 0x00, 0x4e, 0x56, 0x49, 0x44,
  0x49, 0x41, 0x20, 0x43, 0x6f, 0x72, 0x70, 0x00, 0x80, 0x00, 0x00, 0x00,
  0x00, 0x00, 0x00, 0x00, 0x01, 0x00, 0x00, 0x00, 0x07, 0x00, 0x00, 0x00,
  0x36, 0x00, 0x00, 0x00, 0x60, 0x00, 0x00, 0x00, 0x00, 0x70, 0x74, 0x78,
  0x61, 0x73, 0x00, 0x43, 0x75, 0x64, 0x61, 0x20, 0x63, 0x6f, 0x6d, 0x70,
  0x69, 0x6c, 0x61, 0x74, 0x69, 0x6f, 0x6e, 0x20, 0x74, 0x6f, 0x6f, 0x6c,
  0x73, 0x2c, 0x20, 0x72, 0x65, 0x6c, 0x65, 0x61, 0x73, 0x65, 0x20, 0x31,
  0x32, 0x2e, 0x38, 0x2c, 0x20, 0x56, 0x31, 0x32, 0x2e, 0x38, 0x2e, 0x36,
  0x31, 0x00, 0x42, 0x75, 0x69, 0x6c, 0x64, 0x20, 0x63, 0x75, 0x64, 0x61,
  0x5f, 0x31, 0x32, 0x2e, 0x38, 0x2e, 0x72, 0x31, 0x32, 0x2e, 0x38, 0x2f,
  0x63, 0x6f, 0x6d, 0x70, 0x69, 0x6c, 0x65, 0x72, 0x2e, 0x33, 0x35, 0x34,
  0x30, 0x34, 0x36, 0x35, 0x35, 0x5f, 0x30, 0x00, 0x2d, 0x76, 0x20, 0x20,
  0x2d, 0x61, 0x72, 0x63, 0x68, 0x20, 0x73, 0x6d, 0x5f, 0x31, 0x30, 0x30,
  0x61, 0x20, 0x2d, 0x6d, 0x20, 0x36, 0x34, 0x20, 0x00, 0x00, 0x00, 0x00,
  0x0c, 0x00, 0x00, 0x00, 0x0c, 0x00, 0x00, 0x00, 0xe8, 0x03, 0x00, 0x00,
  0x4e, 0x56, 0x49, 0x44, 0x49, 0x41, 0x20, 0x43, 0x6f, 0x72, 0x70, 0x00,
  0x01, 0x00, 0x64, 0x00, 0x01, 0x00, 0x00, 0x00, 0x01, 0x00, 0x00, 0x00,
  0x04, 0x2f, 0x08, 0x00, 0x07, 0x00, 0x00, 0x00, 0xf8, 0x00, 0x00, 0x00,
  0x04, 0x11, 0x08, 0x00, 0x07, 0x00, 0x00, 0x00, 0x00, 0x00, 0x00, 0x00,
  0x04, 0x12, 0x08, 0x00, 0x07, 0x00, 0x00, 0x00, 0x00, 0x00, 0x00, 0x00,
  0x04, 0x37, 0x04, 0x00, 0x80, 0x00, 0x00, 0x00, 0x04, 0x17, 0x0c, 0x00,
  0x00, 0x00, 0x00, 0x00, 0x00, 0x00, 0x00, 0x00, 0x00, 0xf0, 0x01, 0x0b,
  0x03, 0x50, 0x00, 0x00, 0x03, 0x1b, 0xff, 0x00, 0x02, 0x4c, 0x01, 0x00,
  0x04, 0x29, 0x40, 0x00, 0xff, 0xff, 0xff, 0xff, 0xff, 0xff, 0xff, 0xff,
  0xff, 0xff, 0xff, 0xff, 0xff, 0xff, 0xff, 0xff, 0xff, 0xff, 0xff, 0xff,
  0xff, 0xff, 0xff, 0xff, 0xff, 0xff, 0xff, 0xff, 0xff, 0xff, 0xff, 0xff,
  0xff, 0xff, 0xff, 0xff, 0xff, 0xff, 0xff, 0xff, 0xff, 0xff, 0xff, 0xff,
  0xff, 0xff, 0xff, 0xff, 0xff, 0xff, 0xff, 0xff, 0xff, 0xff, 0xff, 0xff,
  0xff, 0xff, 0xff, 0xff, 0xff, 0xff, 0xff, 0xff, 0x04, 0x28, 0x40, 0x00,
  0x40, 0x27, 0x00, 0x00, 0x70, 0x27, 0x00, 0x00, 0xb0, 0x27, 0x00, 0x00,
  0xb0, 0x28, 0x00, 0x00, 0x20, 0x2c, 0x00, 0x00, 0x30, 0x2c, 0x00, 0x00,
  0x60, 0x2c, 0x00, 0x00, 0x70, 0x2c, 0x00, 0x00, 0xf0, 0x2c, 0x00, 0x00,
  0x30, 0x2d, 0x00, 0x00, 0x60, 0x2d, 0x00, 0x00, 0x30, 0x2e, 0x00, 0x00,
  0x00, 0x32, 0x00, 0x00, 0x20, 0x32, 0x00, 0x00, 0x40, 0x32, 0x00, 0x00,
  0x80, 0x32, 0x00, 0x00, 0x02, 0x4a, 0x00, 0x00, 0x04, 0x1c, 0x14, 0x00,
  0xc0, 0x01, 0x00, 0x00, 0x90, 0x49, 0x00, 0x00, 0xc0, 0x49, 0x00, 0x00,
  0xa0, 0x4a, 0x00, 0x00, 0x20, 0x4b, 0x00, 0x00, 0x04, 0x1e, 0x04, 0x00,
  0x00, 0x00, 0x00, 0x00, 0x03, 0x19, 0xc0, 0x02, 0x04, 0x0a, 0x08, 0x00,
  0x08, 0x00, 0x00, 0x00, 0x80, 0x03, 0xc0, 0x02, 0x04, 0x36, 0x04, 0x00,
  0x08, 0x00, 0x00, 0x00, 0x02, 0x02, 0x01, 0x00, 0x02, 0x05, 0x05, 0x00,
  0x02, 0x03, 0x00, 0x00, 0x02, 0x06, 0x01, 0x00, 0x00, 0x00, 0x00, 0x00,
  0xff, 0xff, 0xff, 0xff, 0x00, 0x00, 0x00, 0x00, 0xfe, 0xff, 0xff, 0xff,
  0x00, 0x00, 0x00, 0x00, 0xfd, 0xff, 0xff, 0xff, 0x00, 0x00, 0x00, 0x00,
  0xfc, 0xff, 0xff, 0xff, 0x00, 0x00, 0x00, 0x00, 0x44, 0x00, 0x00, 0x00,
  0x00, 0x00, 0x00, 0x00, 0x02, 0x00, 0x00, 0x00, 0x07, 0x00, 0x00, 0x00,
  0x00, 0x00, 0x00, 0x00, 0x00, 0x00, 0x00, 0x00, 0x00, 0x00, 0x00, 0x00,
  0x00, 0x00, 0x00, 0x00, 0x00, 0x00, 0x00, 0x00, 0x00, 0x00, 0x00, 0x00,
  0x00, 0x00, 0x00, 0x00, 0x00, 0x00, 0x00, 0x00, 0x00, 0x00, 0x00, 0x00,
  0x00, 0x00, 0x00, 0x00, 0x00, 0x00, 0x00, 0x00, 0x00, 0x00, 0x00, 0x00,
  0x00, 0x00, 0x00, 0x00, 0x00, 0x00, 0x00, 0x00, 0x00, 0x00, 0x00, 0x00,
  0x00, 0x00, 0x00, 0x00, 0x00, 0x00, 0x00, 0x00, 0x00, 0x00, 0x00, 0x00,
  0x00, 0x00, 0x00, 0x00, 0x00, 0x00, 0x00, 0x00, 0x00, 0x00, 0x00, 0x00,
  0x00, 0x00, 0x00, 0x00, 0x00, 0x00, 0x00, 0x00, 0x00, 0x00, 0x00, 0x00,
  0x00, 0x00, 0x00, 0x00, 0x00, 0x00, 0x00, 0x00, 0x00, 0x00, 0x00, 0x00,
  0x00, 0x00, 0x00, 0x00, 0x00, 0x00, 0x00, 0x00, 0x00, 0x00, 0x00, 0x00,
  0x00, 0x00, 0x00, 0x00, 0x00, 0x00, 0x00, 0x00, 0x82, 0x7b, 0x01, 0xff,
  0x00, 0xdf, 0x00, 0x00, 0x00, 0x08, 0x00, 0x00, 0x00, 0x70, 0x0e, 0x00,
  0xc3, 0x79, 0x08, 0x00, 0x00, 0x00, 0x00, 0x00, 0x00, 0x27, 0x00, 0x00,
  0x00, 0xa2, 0x0e, 0x00, 0xac, 0x77, 0x04, 0xff, 0x00, 0xb3, 0x00, 0x00,
  0x00, 0x0a, 0x00, 0x08, 0x00, 0xa2, 0x0e, 0x00, 0xac, 0x77, 0x0c, 0xff,
  0x00, 0x6b, 0x00, 0x00, 0x00, 0x0a, 0x00, 0x08, 0x00, 0xe2, 0x0e, 0x00,
  0xa5, 0x78, 0x04, 0x08, 0x04, 0x00, 0x00, 0x00, 0x04, 0x00, 0x8e, 0x0f,
  0x00, 0xcc, 0x4f, 0x00, 0x24, 0x7e, 0x02, 0xff, 0x04, 0x00, 0x00, 0x00,
  0xff, 0x00, 0x8e, 0x0f, 0x00, 0xe4, 0x0f, 0x00, 0x24, 0x7e, 0x03, 0xff,
  0x05, 0x00, 0x00, 0x00, 0xff, 0x00, 0x8e, 0x0f, 0x00, 0xc6, 0x0f, 0x00,
  0xac, 0x77, 0x04, 0xff, 0x00, 0xb4, 0x00, 0x00, 0x00, 0x0a, 0x00, 0x08,
  0x00, 0xa4, 0x0e, 0x00, 0x81, 0x79, 0x08, 0x02, 0x0c, 0x00, 0x00, 0x00,
  0x00, 0x19, 0x1e, 0x0c, 0x00, 0xe8, 0x8e, 0x00, 0x81, 0x79, 0x00, 0x02,
  0x0c, 0x04, 0x00, 0x00, 0x00, 0x19, 0x1e, 0x0c, 0x00, 0x22, 0x0f, 0x00,
  0x8c, 0x72, 0x00, 0x04, 0xff, 0x00, 0x00, 0x00, 0x70, 0x50, 0xf0, 0x0b,
  0x00, 0xc8, 0x4f, 0x00, 0x8c, 0x72, 0x00, 0x05, 0xff, 0x00, 0x00, 0x00,
  0x00, 0x53, 0xf0, 0x0b, 0x00, 0xcc, 0x0f, 0x00, 0x1c, 0x78, 0x08, 0x00,
  0x00, 0x00, 0x00, 0x00, 0x08, 0xf0, 0xf4, 0x03, 0x00, 0xca, 0x0f, 0x00,
  0x91, 0x02, 0x04, 0x08, 0x04, 0x00, 0x00, 0x00, 0xff, 0x10, 0x82, 0x0f,
  0x00, 0xc8, 0x0f, 0x00, 0x91, 0x02, 0x05, 0x08, 0x05, 0x00, 0x00, 0x00,
  0xff, 0x14, 0x8f, 0x08, 0x00, 0xe4, 0x0f, 0x00, 0x02, 0x7c, 0x04, 0x00,
  0x04, 0x00, 0x00, 0x00, 0x00, 0x0f, 0x00, 0x08, 0x00, 0xc8, 0x0f, 0x00,
  0x24, 0x7e, 0x05, 0xff, 0x05, 0x00, 0x00, 0x00, 0xff, 0x00, 0x8e, 0x0f,
  0x00, 0xca, 0x0f, 0x00, 0x81, 0x29, 0x06, 0x04, 0x0c, 0x04, 0x00, 0x00,
  0x00, 0x19, 0x1e, 0x0c, 0x00, 0x68, 0x05, 0x00, 0x81, 0x29, 0x07, 0x04,
  0x0c, 0x00, 0x00, 0x00, 0x00, 0x19, 0x1e, 0x0c, 0x00, 0x62, 0x05, 0x00,
  0xac, 0x77, 0x06, 0xff, 0x20, 0xbb, 0x00, 0x00, 0x00, 0x00, 0x00, 0x08,
  0x00, 0x62, 0x0e, 0x00, 0x19, 0x79, 0xc0, 0x00, 0x00, 0x00, 0x00, 0x00,
  0x00, 0x25, 0x00, 0x00, 0x00, 0xa2, 0x0e, 0x00, 0x0c, 0x7c, 0x00, 0xff,
  0x06, 0x00, 0x00, 0x00, 0x70, 0x52, 0xf0, 0x0b, 0x00, 0xda, 0x2f, 0x00,
  0x82, 0x0b, 0xe3, 0xff, 0x00, 0x56, 0x01, 0x00, 0x00, 0x08, 0x00, 0x00,
  0x00, 0x62, 0x0e, 0x00, 0x24, 0x78, 0xc0, 0xc0, 0x40, 0x00, 0x00, 0x00,
  0xff, 0x00, 0x8e, 0x07, 0x00, 0xe2, 0x4f, 0x00, 0xca, 0x72, 0x05, 0x08,
  0x00, 0x00, 0x00, 0x00, 0x00, 0x00, 0x0e, 0x00, 0x00, 0xe4, 0x8f, 0x00,
  0xca, 0x72, 0x04, 0x00, 0x00, 0x00, 0x00, 0x00, 0x00, 0x00, 0x0e, 0x00,
  0x00, 0xda, 0x0f, 0x01, 0x90, 0x72, 0x04, 0x05, 0x04, 0x00, 0x00, 0x00,
  0xff, 0xe1, 0xff, 0x0f, 0x00, 0xcc, 0x0f, 0x00, 0x0c, 0x7c, 0x00, 0xc0,
  0x04, 0x00, 0x00, 0x00, 0x70, 0x62, 0xf2, 0x0b, 0x00, 0xda, 0x0f, 0x00,
  0x4d, 0x19, 0x00, 0x00, 0x00, 0x00, 0x00, 0x00, 0x00, 0x00, 0x80, 0x03,
  0x00, 0xea, 0x2f, 0x00, 0x82, 0x7b, 0x0c, 0xff, 0x00, 0x54, 0x01, 0x00,
  0x00, 0x08, 0x00, 0x00, 0x00, 0x62, 0x0e, 0x00, 0x19, 0x79, 0xc1, 0x00,
  0x00, 0x00, 0x00, 0x00, 0x00, 0x21, 0x00, 0x00, 0x00, 0xa2, 0x0e, 0x00,
  0x24, 0x0c, 0xe3, 0xe3, 0x08, 0x00, 0x00, 0x00, 0xff, 0x02, 0x8e, 0x0f,
  0x00, 0xe2, 0x0f, 0x00, 0xca, 0x22, 0x06, 0x06, 0x00, 0x00, 0x00, 0x00,
  0x00, 0x00, 0x0e, 0x00, 0x00, 0xe2, 0x0f, 0x02, 0x19, 0x79, 0x0b, 0x00,
  0x00, 0x00, 0x00, 0x00, 0x00, 0x26, 0x00, 0x00, 0x00, 0xe2, 0x0e, 0x00,
  0xca, 0x22, 0x07, 0x07, 0x00, 0x00, 0x00, 0x00, 0x00, 0x00, 0x0e, 0x00,
  0x00, 0xc6, 0x0f, 0x00, 0x82, 0x7b, 0x13, 0xff, 0x00, 0x53, 0x01, 0x00,
  0x00, 0x08, 0x00, 0x00, 0x00, 0x62, 0x0e, 0x00, 0x02, 0x8c, 0xe3, 0x00,
  0x05, 0x00, 0x00, 0x00, 0x00, 0x0f, 0x00, 0x08, 0x00, 0xe2, 0x0f, 0x00,
  0x82, 0x7c, 0x05, 0x00, 0x04, 0x00, 0x00, 0x00, 0x00, 0x00, 0x00, 0x08,
  0x00, 0xc6, 0x0f, 0x00, 0x19, 0x78, 0x18, 0xff, 0x1f, 0x00, 0x00, 0x00,
  0xe3, 0x14, 0x01, 0x00, 0x00, 0xca, 0x0f, 0x00, 0x90, 0x02, 0x05, 0x06,
  0x07, 0x00, 0x00, 0x80, 0xff, 0xe0, 0xff, 0x0f, 0x00, 0xe2, 0x0f, 0x00,
  0x0c, 0x72, 0x00, 0x0c, 0x13, 0x00, 0x00, 0x00, 0x70, 0x62, 0xf0, 0x03,
  0x00, 0xe2, 0x2f, 0x00, 0x24, 0x78, 0x00, 0xc1, 0x10, 0x00, 0x00, 0x00,
  0xff, 0x00, 0x8e, 0x07, 0x00, 0xe2, 0x4f, 0x00, 0x19, 0x78, 0x11, 0xff,
  0x04, 0x00, 0x00, 0x00, 0xc1, 0x16, 0x01, 0x00, 0x00, 0xe2, 0x0f, 0x00,
  0x24, 0x78, 0x04, 0x0b, 0x00, 0x01, 0x00, 0x00, 0xff, 0x00, 0x8e, 0x07,
  0x00, 0xc6, 0x8f, 0x00, 0x12, 0x78, 0x06, 0x00, 0xf0, 0x00, 0x00, 0x00,
  0xff, 0xc0, 0x8e, 0x07, 0x00, 0xce, 0x0f, 0x00, 0x47, 0x09, 0xec, 0x00,
  0x00, 0x00, 0x00, 0x00, 0x00, 0x00, 0x80, 0x03, 0x00, 0xea, 0x0f, 0x00,
  0x13, 0x72, 0x09, 0x00, 0x0c, 0x00, 0x00, 0x00, 0x00, 0x00, 0x00, 0x00,
  0x00, 0xe2, 0x0f, 0x00, 0xac, 0x77, 0x08, 0xff, 0x00, 0x7e, 0x00, 0x00,
  0x00, 0x0a, 0x00, 0x08, 0x00, 0x62, 0x0e, 0x00, 0x13, 0x72, 0x0f, 0x00,
  0x0b, 0x00, 0x00, 0x00, 0x00, 0x00, 0x00, 0x00, 0x00, 0xe4, 0x0f, 0x00,
  0x06, 0x73, 0x08, 0x00, 0x09, 0x00, 0x00, 0x00, 0x00, 0x94, 0x20, 0x00,
  0x00, 0xb0, 0x0e, 0x00, 0x08, 0x73, 0x08, 0x00, 0x08, 0x00, 0x00, 0x00,
  0x00, 0x10, 0x00, 0x00, 0x00, 0xa4, 0x4e, 0x00, 0x10, 0x78, 0x02, 0x08,
  0xfe, 0xff, 0xff, 0x0f, 0xff, 0xe0, 0xff, 0x07, 0x00, 0xcc, 0x4f, 0x00,
  0x05, 0x73, 0x03, 0x00, 0x02, 0x00, 0x00, 0x00, 0x00, 0xf0, 0x21, 0x00,
  0x00, 0xe4, 0x04, 0x00, 0x24, 0x72, 0x02, 0xff, 0xff, 0x00, 0x00, 0x00,
  0xff, 0x00, 0x8e, 0x07, 0x00, 0xe4, 0x4f, 0x00, 0x24, 0x72, 0x0a, 0xff,
  0xff, 0x00, 0x00, 0x00, 0x03, 0x0a, 0x8e, 0x07, 0x00, 0xc8, 0x8f, 0x00,
  0x24, 0x72, 0x0d, 0x0a, 0x09, 0x00, 0x00, 0x00, 0xff, 0x02, 0x8e, 0x07,
  0x00, 0xe2, 0x0f, 0x00, 0x13, 0x72, 0x0a, 0x00, 0x13, 0x00, 0x00, 0x00,
  0x00, 0x00, 0x00, 0x00, 0x00, 0xc6, 0x0f, 0x00, 0x27, 0x72, 0x03, 0x03,
  0x0d, 0x00, 0x00, 0x00, 0x02, 0x00, 0x8e, 0x07, 0x00, 0xe2, 0x0f, 0x00,
  0x12, 0x72, 0x02, 0x13, 0x0c, 0x00, 0x00, 0x00, 0xff, 0x3c, 0x8e, 0x07,
  0x00, 0xc8, 0x0f, 0x00, 0x0c, 0x72, 0x00, 0x02, 0xff, 0x00, 0x00, 0x00,
  0x70, 0x62, 0xf6, 0x03, 0x00, 0xe2, 0x0f, 0x00, 0x27, 0x72, 0x03, 0x03,
  0x0a, 0x00, 0x00, 0x00, 0xff, 0x00, 0x8e, 0x07, 0x00, 0xca, 0x0f, 0x00,
  0x10, 0x72, 0x08, 0x03, 0xff, 0x00, 0x00, 0x00, 0xff, 0xe1, 0xff, 0x07,
  0x00, 0xca, 0x0f, 0x00, 0x24, 0x72, 0x08, 0x09, 0x08, 0x00, 0x00, 0x00,
  0x0a, 0x02, 0x8e, 0x07, 0x00, 0xca, 0x0f, 0x00, 0x0c, 0x72, 0x00, 0x09,
  0x08, 0x00, 0x00, 0x00, 0x70, 0x40, 0xf4, 0x03, 0x00, 0xda, 0x0f, 0x00,
  0x24, 0xa8, 0x08, 0x08, 0x01, 0x00, 0x00, 0x00, 0x09, 0x0a, 0x8e, 0x07,
  0x00, 0xe4, 0x0f, 0x00, 0x36, 0xa8, 0x03, 0x03, 0x01, 0x00, 0x00, 0x00,
  0x00, 0x00, 0x00, 0x00, 0x00, 0xe2, 0x0f, 0x00, 0x0c, 0x72, 0x00, 0x0c,
  0xff, 0x00, 0x00, 0x00, 0x70, 0x52, 0xf4, 0x03, 0x00, 0xe4, 0x0f, 0x00,
  0x0c, 0x72, 0x00, 0x08, 0x09, 0x00, 0x00, 0x00, 0x70, 0x60, 0xf2, 0x03,
  0x00, 0xda, 0x0f, 0x00, 0x10, 0x18, 0x03, 0x03, 0x01, 0x00, 0x00, 0x00,
  0xff, 0xe0, 0xff, 0x07, 0x00, 0xca, 0x0f, 0x00, 0x24, 0x72, 0x0e, 0xff,
  0xff, 0x00, 0x00, 0x00, 0x03, 0x00, 0x8e, 0x07, 0x00, 0xc8, 0x0f, 0x00,
  0x24, 0xb2, 0x0e, 0xff, 0xff, 0x00, 0x00, 0x00, 0x0e, 0x0a, 0x8e, 0x07,
  0x00, 0xe2, 0x0f, 0x00, 0x12, 0xa2, 0x0e, 0xff, 0x0c, 0x00, 0x00, 0x00,
  0xff, 0x33, 0x8e, 0x07, 0x00, 0xc8, 0x0f, 0x00, 0x13, 0x72, 0x09, 0x00,
  0x0e, 0x00, 0x00, 0x00, 0x00, 0x00, 0x00, 0x00, 0x00, 0xe4, 0x0f, 0x08,
  0x13, 0x72, 0x10, 0x00, 0x0e, 0x00, 0x00, 0x00, 0x00, 0x00, 0x00, 0x00,
  0x00, 0xe4, 0x0f, 0x00, 0x06, 0x73, 0x08, 0x00, 0x09, 0x00, 0x00, 0x00,
  0x00, 0x94, 0x20, 0x00, 0x00, 0xb0, 0x0e, 0x00, 0x08, 0x73, 0x08, 0x00,
  0x08, 0x00, 0x00, 0x00, 0x00, 0x10, 0x00, 0x00, 0x00, 0xa4, 0x4e, 0x00,
  0x10, 0x78, 0x02, 0x08, 0xfe, 0xff, 0xff, 0x0f, 0xff, 0xe0, 0xff, 0x07,
  0x00, 0xe2, 0x4f, 0x00, 0x24, 0x72, 0x08, 0xff, 0xff, 0x00, 0x00, 0x00,
  0x10, 0x0a, 0x8e, 0x07, 0x00, 0xca, 0x0f, 0x00, 0x05, 0x73, 0x03, 0x00,
  0x02, 0x00, 0x00, 0x00, 0x00, 0xf0, 0x21, 0x00, 0x00, 0xe4, 0x04, 0x00,
  0x02, 0x72, 0x02, 0x00, 0xff, 0x00, 0x00, 0x00, 0x00, 0x0f, 0x00, 0x00,
  0x00, 0xe2, 0x4f, 0x00, 0x24, 0x72, 0x0a, 0xff, 0xff, 0x00, 0x00, 0x00,
  0x03, 0x0a, 0x8e, 0x07, 0x00, 0xc8, 0x8f, 0x00, 0x24, 0x72, 0x0d, 0x0a,
  0x09, 0x00, 0x00, 0x00, 0xff, 0x02, 0x8e, 0x07, 0x00, 0xe4, 0x0f, 0x00,
  0x24, 0x72, 0x0a, 0xff, 0xff, 0x00, 0x00, 0x00, 0x0f, 0x00, 0x8e, 0x07,
  0x00, 0xe4, 0x0f, 0x00, 0x27, 0x72, 0x03, 0x03, 0x0d, 0x00, 0x00, 0x00,
  0x02, 0x00, 0x8e, 0x07, 0x00, 0xcc, 0x0f, 0x00, 0x27, 0x72, 0x03, 0x03,
  0x0a, 0x00, 0x00, 0x00, 0xff, 0x00, 0x8e, 0x07, 0x00, 0xc8, 0x0f, 0x00,
  0x24, 0x72, 0x02, 0x03, 0x08, 0x00, 0x00, 0x00, 0x0a, 0x02, 0x8e, 0x07,
  0x00, 0xe4, 0x0f, 0x00, 0x24, 0x7c, 0x08, 0x18, 0x08, 0x00, 0x00, 0x00,
  0xff, 0x02, 0x8e, 0x0f, 0x00, 0xc6, 0x2f, 0x00, 0x0c, 0x72, 0x00, 0x09,
  0x02, 0x00, 0x00, 0x00, 0x70, 0x40, 0xf4, 0x03, 0x00, 0xe2, 0x0f, 0x00,
  0x24, 0x7c, 0x0f, 0xe3, 0x09, 0x00, 0x00, 0x00, 0x08, 0x02, 0x8e, 0x0f,
  0x00, 0xd8, 0x0f, 0x00, 0x24, 0xa8, 0x02, 0x02, 0x01, 0x00, 0x00, 0x00,
  0x09, 0x0a, 0x8e, 0x07, 0x00, 0xe2, 0x0f, 0x00, 0x10, 0xa8, 0x03, 0x03,
  0x01, 0x00, 0x00, 0x00, 0xff, 0xe0, 0xff, 0x07, 0x00, 0xe4, 0x0f, 0x00,
  0x0c, 0x72, 0x00, 0x0e, 0xff, 0x00, 0x00, 0x00, 0x70, 0x52, 0xf4, 0x03,
  0x00, 0xe4, 0x0f, 0x00, 0x0c, 0x72, 0x00, 0x02, 0x09, 0x00, 0x00, 0x00,
  0x70, 0x60, 0xf2, 0x03, 0x00, 0xe4, 0x0f, 0x00, 0x12, 0x72, 0x02, 0x0b,
  0x0e, 0x00, 0x00, 0x00, 0xff, 0x3c, 0x8e, 0x07, 0x00, 0xc8, 0x0f, 0x00,
  0x0c, 0x72, 0x00, 0x02, 0xff, 0x00, 0x00, 0x00, 0x70, 0x62, 0xf6, 0x03,
  0x00, 0xce, 0x0f, 0x00, 0x36, 0x18, 0x03, 0x03, 0x01, 0x00, 0x00, 0x00,
  0x00, 0x00, 0x00, 0x00, 0x00, 0xcc, 0x0f, 0x00, 0x24, 0xb2, 0x03, 0xff,
  0xff, 0x00, 0x00, 0x00, 0x03, 0x0a, 0x8e, 0x07, 0x00, 0xe2, 0x0f, 0x00,
  0x12, 0xa2, 0x03, 0xff, 0x0e, 0x00, 0x00, 0x00, 0xff, 0x33, 0x8e, 0x07,
  0x00, 0xc8, 0x0f, 0x00, 0x10, 0x72, 0x03, 0x03, 0x13, 0x00, 0x00, 0x00,
  0xff, 0xe0, 0xff, 0x07, 0x00, 0xca, 0x0f, 0x00, 0x24, 0x78, 0x02, 0x03,
  0x00, 0x01, 0x00, 0x00, 0xff, 0x00, 0x8e, 0x07, 0x00, 0xca, 0x0f, 0x00,
  0x19, 0x78, 0x03, 0xff, 0x1f, 0x00, 0x00, 0x00, 0x02, 0x14, 0x01, 0x00,
  0x00, 0xc6, 0x0f, 0x00, 0x25, 0x7c, 0x02, 0xe3, 0x08, 0x00, 0x00, 0x00,
  0x02, 0x00, 0x8e, 0x0f, 0x00, 0xc8, 0x0f, 0x00, 0x24, 0x78, 0x0a, 0x03,
  0x01, 0x00, 0x00, 0x00, 0x0f, 0x02, 0x8e, 0x07, 0x00, 0xe2, 0x0f, 0x00,
  0x02, 0x72, 0x0d, 0x00, 0x02, 0x00, 0x00, 0x00, 0x00, 0x0f, 0x00, 0x00,
  0x00, 0xe2, 0x0f, 0x00, 0x47, 0x79, 0x2c, 0x00, 0x00, 0x00, 0x00, 0x00,
  0x00, 0x00, 0x80, 0x03, 0x00, 0xec, 0x0f, 0x00, 0x82, 0x7b, 0x08, 0xff,
  0x00, 0x58, 0x01, 0x00, 0x00, 0x08, 0x00, 0x00, 0x00, 0x62, 0x0e, 0x00,
  0xac, 0x77, 0x08, 0xff, 0x00, 0x7e, 0x00, 0x00, 0x00, 0x0a, 0x00, 0x08,
  0x00, 0xa2, 0x0e, 0x00, 0x24, 0x72, 0x05, 0xff, 0xff, 0x00, 0x00, 0x00,
  0xff, 0x00, 0x8e, 0x07, 0x00, 0xe4, 0x0f, 0x00, 0x24, 0x7c, 0x0a, 0x18,
  0x08, 0x00, 0x00, 0x00, 0xff, 0x02, 0x8e, 0x0f, 0x00, 0xe4, 0x4f, 0x00,
  0x25, 0x7c, 0x02, 0xe3, 0x08, 0x00, 0x00, 0x00, 0x04, 0x00, 0x8e, 0x0f,
  0x00, 0xc8, 0x0f, 0x00, 0x24, 0x72, 0x08, 0x13, 0x08, 0x00, 0x00, 0x00,
  0xff, 0x02, 0x8e, 0x07, 0x00, 0xe4, 0x2f, 0x00, 0x24, 0x7c, 0x0f, 0xe3,
  0x09, 0x00, 0x00, 0x00, 0x0a, 0x02, 0x8e, 0x0f, 0x00, 0xe4, 0x0f, 0x00,
  0x24, 0x78, 0x09, 0x08, 0x01, 0x00, 0x00, 0x00, 0x08, 0x02, 0x8e, 0x07,
  0x00, 0xca, 0x0f, 0x00, 0x10, 0x72, 0x0d, 0x09, 0x02, 0x00, 0x00, 0x00,
  0xff, 0xe0, 0xf3, 0x07, 0x00, 0xe4, 0x0f, 0x00, 0x10, 0x72, 0x02, 0x0f,
  0x03, 0x00, 0x00, 0x00, 0xff, 0xe0, 0xff, 0x07, 0x00, 0xc8, 0x0f, 0x00,
  0x11, 0x72, 0x0a, 0x09, 0x02, 0x00, 0x00, 0x00, 0xff, 0x0e, 0x8f, 0x00,
  0x00, 0xce, 0x0f, 0x00, 0xac, 0x77, 0x12, 0xff, 0x00, 0x70, 0x00, 0x00,
  0x00, 0x0a, 0x00, 0x08, 0x00, 0x62, 0x0e, 0x00, 0x24, 0x72, 0x07, 0xff,
  0xff, 0x00, 0x00, 0x00, 0xff, 0x00, 0x8e, 0x07, 0x00, 0xe4, 0x0f, 0x00,
  0x25, 0x7c, 0xd4, 0x11, 0x08, 0x00, 0x00, 0x00, 0x06, 0x00, 0x8e, 0x0f,
  0x00, 0xc6, 0x0f, 0x00, 0x10, 0x7c, 0x08, 0xd4, 0x12, 0x00, 0x00, 0x00,
  0x0d, 0xe0, 0xa3, 0x0f, 0x00, 0xe2, 0x2f, 0x00, 0x24, 0x7c, 0x0d, 0x11,
  0x09, 0x00, 0x00, 0x00, 0xd5, 0x02, 0x8e, 0x0f, 0x00, 0xca, 0x0f, 0x00,
  0x10, 0x7c, 0x09, 0x0d, 0x13, 0x00, 0x00, 0x00, 0x0a, 0x44, 0xfe, 0x08,
  0x00, 0xe2, 0x0f, 0x00, 0x47, 0x09, 0xe8, 0x00, 0x00, 0x00, 0x00, 0x00,
  0x00, 0x00, 0x80, 0x03, 0x00, 0xec, 0x0f, 0x00, 0x13, 0x72, 0x04, 0x00,
  0x0c, 0x00, 0x00, 0x00, 0x00, 0x00, 0x00, 0x00, 0x00, 0xe2, 0x0f, 0x00,
  0xac, 0x77, 0x06, 0xff, 0x00, 0xac, 0x00, 0x00, 0x00, 0x08, 0x00, 0x08,
  0x00, 0x62, 0x0e, 0x00, 0x13, 0x72, 0x0a, 0x00, 0x13, 0x00, 0x00, 0x00,
  0x00, 0x00, 0x00, 0x00, 0x00, 0xe4, 0x0f, 0x00, 0x06, 0x73, 0x05, 0x00,
  0x04, 0x00, 0x00, 0x00, 0x00, 0x94, 0x20, 0x00, 0x00, 0xa2, 0x0e, 0x00,
  0x13, 0x72, 0x10, 0x00, 0x0b, 0x00, 0x00, 0x00, 0x00, 0x00, 0x00, 0x00,
  0x00, 0xce, 0x0f, 0x00, 0x08, 0x73, 0x05, 0x00, 0x05, 0x00, 0x00, 0x00,
  0x00, 0x10, 0x00, 0x00, 0x00, 0xa2, 0x4e, 0x00, 0x90, 0x72, 0x06, 0x06,
  0x06, 0x00, 0x00, 0x00, 0xff, 0xe0, 0xff, 0x0f, 0x00, 0xe2, 0x2f, 0x00,
  0x36, 0x78, 0x02, 0x05, 0xfe, 0xff, 0xff, 0x0f, 0x00, 0x00, 0x00, 0x00,
  0x00, 0xcc, 0x4f, 0x00, 0x05, 0x73, 0x03, 0x00, 0x02, 0x00, 0x00, 0x00,
  0x00, 0xf0, 0x21, 0x00, 0x00, 0xa4, 0x02, 0x00, 0x24, 0x72, 0x02, 0xff,
  0xff, 0x00, 0x00, 0x00, 0xff, 0x00, 0x8e, 0x07, 0x00, 0xe2, 0x2f, 0x00,
  0x10, 0x72, 0x15, 0xff, 0x03, 0x00, 0x00, 0x80, 0xff, 0xe0, 0xff, 0x07,
  0x00, 0xca, 0x4f, 0x00, 0x24, 0x72, 0x15, 0x15, 0x04, 0x00, 0x00, 0x00,
  0xff, 0x02, 0x8e, 0x07, 0x00, 0xc8, 0x0f, 0x00, 0x27, 0x72, 0x15, 0x03,
  0x15, 0x00, 0x00, 0x00, 0x02, 0x00, 0x8e, 0x07, 0x00, 0xe2, 0x0f, 0x00,
  0x12, 0x72, 0x02, 0x13, 0x0c, 0x00, 0x00, 0x00, 0xff, 0x3c, 0x8e, 0x07,
  0x00, 0xc6, 0x0f, 0x00, 0x24, 0x72, 0x03, 0xff, 0xff, 0x00, 0x00, 0x00,
  0x0a, 0x00, 0x8e, 0x07, 0x00, 0xe2, 0x0f, 0x00, 0x0c, 0x72, 0x00, 0x02,
  0xff, 0x00, 0x00, 0x00, 0x70, 0x62, 0xf4, 0x03, 0x00, 0xc6, 0x0f, 0x00,
  0x27, 0x72, 0x0a, 0x15, 0x03, 0x00, 0x00, 0x00, 0xff, 0x00, 0x8e, 0x07,
  0x00, 0xca, 0x0f, 0x00, 0x10, 0x72, 0x05, 0x0a, 0xff, 0x00, 0x00, 0x00,
  0xff, 0xe1, 0xff, 0x07, 0x00, 0xca, 0x0f, 0x00, 0x24, 0x72, 0x03, 0x04,
  0x05, 0x00, 0x00, 0x00, 0x03, 0x02, 0x8e, 0x07, 0x00, 0xca, 0x0f, 0x00,
  0x0c, 0x72, 0x00, 0x04, 0x03, 0x00, 0x00, 0x00, 0x70, 0x40, 0xf0, 0x03,
  0x00, 0xda, 0x0f, 0x00, 0x24, 0x88, 0x03, 0x03, 0x01, 0x00, 0x00, 0x00,
  0x04, 0x0a, 0x8e, 0x07, 0x00, 0xe4, 0x0f, 0x00, 0x36, 0x88, 0x0a, 0x0a,
  0x01, 0x00, 0x00, 0x00, 0x00, 0x00, 0x00, 0x00, 0x00, 0xe2, 0x0f, 0x00,
  0x0c, 0x72, 0x00, 0x0c, 0xff, 0x00, 0x00, 0x00, 0x70, 0x52, 0xf0, 0x03,
  0x00, 0xe4, 0x0f, 0x00, 0x0c, 0x72, 0x00, 0x03, 0x04, 0x00, 0x00, 0x00,
  0x70, 0x60, 0xf2, 0x03, 0x00, 0xda, 0x0f, 0x00, 0x10, 0x18, 0x0a, 0x0a,
  0x01, 0x00, 0x00, 0x00, 0xff, 0xe0, 0xff, 0x07, 0x00, 0xca, 0x0f, 0x00,
  0x24, 0xa2, 0x0a, 0xff, 0xff, 0x00, 0x00, 0x00, 0x0a, 0x0a, 0x8e, 0x07,
  0x00, 0xe2, 0x0f, 0x00, 0x12, 0x82, 0x0a, 0xff, 0x0c, 0x00, 0x00, 0x00,
  0xff, 0x33, 0x8e, 0x07, 0x00, 0xc8, 0x0f, 0x00, 0x13, 0x72, 0x05, 0x00,
  0x0a, 0x00, 0x00, 0x00, 0x00, 0x00, 0x00, 0x00, 0x00, 0xe4, 0x0f, 0x08,
  0x13, 0x72, 0x12, 0x00, 0x0a, 0x00, 0x00, 0x00, 0x00, 0x00, 0x00, 0x00,
  0x00, 0xe4, 0x0f, 0x00, 0x06, 0x73, 0x04, 0x00, 0x05, 0x00, 0x00, 0x00,
  0x00, 0x94, 0x20, 0x00, 0x00, 0x70, 0x0e, 0x00, 0x08, 0x73, 0x04, 0x00,
  0x04, 0x00, 0x00, 0x00, 0x00, 0x10, 0x00, 0x00, 0x00, 0x64, 0x2e, 0x00,
  0x36, 0x78, 0x02, 0x04, 0xfe, 0xff, 0xff, 0x0f, 0x00, 0x00, 0x00, 0x00,
  0x00, 0xe2, 0x2f, 0x00, 0x10, 0x72, 0x04, 0xff, 0x12, 0x00, 0x00, 0x80,
  0xff, 0xe0, 0xff, 0x07, 0x00, 0xca, 0x0f, 0x00, 0x05, 0x73, 0x03, 0x00,
  0x02, 0x00, 0x00, 0x00, 0x00, 0xf0, 0x21, 0x00, 0x00, 0xa4, 0x02, 0x00,
  0x24, 0x72, 0x02, 0xff, 0xff, 0x00, 0x00, 0x00, 0xff, 0x00, 0x8e, 0x07,
  0x00, 0xe2, 0x2f, 0x00, 0x10, 0x72, 0x0e, 0xff, 0x03, 0x00, 0x00, 0x80,
  0xff, 0xe0, 0xff, 0x07, 0x00, 0xca, 0x4f, 0x00, 0x24, 0x72, 0x15, 0x0e,
  0x05, 0x00, 0x00, 0x00, 0xff, 0x02, 0x8e, 0x07, 0x00, 0xe4, 0x0f, 0x00,
  0x24, 0x72, 0x0e, 0xff, 0xff, 0x00, 0x00, 0x00, 0x10, 0x00, 0x8e, 0x07,
  0x00, 0xe4, 0x0f, 0x00, 0x27, 0x72, 0x03, 0x03, 0x15, 0x00, 0x00, 0x00,
  0x02, 0x00, 0x8e, 0x07, 0x00, 0xcc, 0x0f, 0x00, 0x27, 0x72, 0x03, 0x03,
  0x0e, 0x00, 0x00, 0x00, 0xff, 0x00, 0x8e, 0x07, 0x00, 0xc8, 0x0f, 0x00,
  0x24, 0x72, 0x02, 0x03, 0x04, 0x00, 0x00, 0x00, 0x0e, 0x02, 0x8e, 0x07,
  0x00, 0xca, 0x0f, 0x00, 0x0c, 0x72, 0x00, 0x05, 0x02, 0x00, 0x00, 0x00,
  0x70, 0x40, 0xf2, 0x03, 0x00, 0xda, 0x0f, 0x00, 0x24, 0x98, 0x02, 0x02,
  0x01, 0x00, 0x00, 0x00, 0x05, 0x0a, 0x8e, 0x07, 0x00, 0xe4, 0x0f, 0x00,
  0x36, 0x98, 0x03, 0x03, 0x01, 0x00, 0x00, 0x00, 0x00, 0x00, 0x00, 0x00,
  0x00, 0xe2, 0x0f, 0x00, 0x0c, 0x72, 0x00, 0x0a, 0xff, 0x00, 0x00, 0x00,
  0x70, 0x52, 0xf2, 0x03, 0x00, 0xe4, 0x0f, 0x00, 0x0c, 0x72, 0x00, 0x02,
  0x05, 0x00, 0x00, 0x00, 0x70, 0x60, 0xf0, 0x03, 0x00, 0xe4, 0x0f, 0x00,
  0x12, 0x72, 0x02, 0x0b, 0x0a, 0x00, 0x00, 0x00, 0xff, 0x3c, 0x8e, 0x07,
  0x00, 0xc8, 0x0f, 0x00, 0x0c, 0x72, 0x00, 0x02, 0xff, 0x00, 0x00, 0x00,
  0x70, 0x62, 0xf4, 0x03, 0x00, 0xe2, 0x0f, 0x00, 0x24, 0x78, 0x02, 0x0c,
  0x01, 0x00, 0x00, 0x00, 0x13, 0x02, 0x8e, 0x07, 0x00, 0xcc, 0x0f, 0x00,
  0x10, 0x08, 0x03, 0x03, 0x01, 0x00, 0x00, 0x00, 0xff, 0xe0, 0xff, 0x07,
  0x00, 0xcc, 0x0f, 0x00, 0x24, 0xa2, 0x03, 0xff, 0xff, 0x00, 0x00, 0x00,
  0x03, 0x0a, 0x8e, 0x07, 0x00, 0xe2, 0x0f, 0x00, 0x12, 0x92, 0x03, 0xff,
  0x0a, 0x00, 0x00, 0x00, 0xff, 0x33, 0x8e, 0x07, 0x00, 0xc8, 0x0f, 0x00,
  0x19, 0x78, 0x03, 0x03, 0x08, 0x00, 0x00, 0x00, 0xff, 0x06, 0x00, 0x00,
  0x00, 0xca, 0x0f, 0x00, 0x24, 0x7c, 0x02, 0x02, 0x06, 0x00, 0x00, 0x00,
  0x03, 0x02, 0x8e, 0x0f, 0x00, 0xca, 0x0f, 0x00, 0x19, 0x78, 0x03, 0xff,
  0x1f, 0x00, 0x00, 0x00, 0x02, 0x14, 0x01, 0x00, 0x00, 0xc6, 0x0f, 0x00,
  0x25, 0x7c, 0x02, 0xe3, 0x08, 0x00, 0x00, 0x00, 0x02, 0x00, 0x8e, 0x0f,
  0x00, 0xc8, 0x0f, 0x00, 0x24, 0x78, 0x04, 0x0f, 0x01, 0x00, 0x00, 0x00,
  0x03, 0x02, 0x8e, 0x07, 0x00, 0xe2, 0x0f, 0x00, 0x47, 0x79, 0x20, 0x00,
  0x00, 0x00, 0x00, 0x00, 0x00, 0x00, 0x80, 0x03, 0x00, 0xec, 0x0f, 0x00,
  0x82, 0x7b, 0x02, 0xff, 0x00, 0x58, 0x01, 0x00, 0x00, 0x08, 0x00, 0x00,
  0x00, 0x62, 0x0e, 0x00, 0x24, 0x72, 0x05, 0xff, 0xff, 0x00, 0x00, 0x00,
  0xff, 0x00, 0x8e, 0x07, 0x00, 0xe4, 0x0f, 0x00, 0x25, 0x7c, 0x04, 0xe3,
  0x08, 0x00, 0x00, 0x00, 0x04, 0x00, 0x8e, 0x0f, 0x00, 0xc8, 0x0f, 0x00,
  0x24, 0x72, 0x02, 0x13, 0x02, 0x00, 0x00, 0x00, 0xff, 0x02, 0x8e, 0x07,
  0x00, 0xca, 0x2f, 0x00, 0x19, 0x78, 0x03, 0x02, 0x02, 0x00, 0x00, 0x00,
  0xff, 0x06, 0x00, 0x00, 0x00, 0xc8, 0x0f, 0x00, 0x10, 0x72, 0x02, 0x03,
  0x04, 0x00, 0x00, 0x00, 0xff, 0xe0, 0xf1, 0x07, 0x00, 0xe4, 0x0f, 0x00,
  0x19, 0x78, 0x03, 0xff, 0x1f, 0x00, 0x00, 0x00, 0x03, 0x14, 0x01, 0x00,
  0x00, 0xc8, 0x0f, 0x00, 0x10, 0x72, 0x04, 0x03, 0x0f, 0x00, 0x00, 0x00,
  0x05, 0xe4, 0x7f, 0x00, 0x00, 0xce, 0x0f, 0x00, 0x10, 0x7c, 0xd4, 0xd4,
  0x12, 0x00, 0x00, 0x00, 0x02, 0xe0, 0x91, 0x0f, 0x00, 0xe2, 0x0f, 0x00,
  0x8c, 0x78, 0x00, 0x05, 0x20, 0x00, 0x00, 0x00, 0x70, 0x12, 0xf0, 0x0b,
  0x00, 0xe2, 0x0f, 0x00, 0x12, 0x72, 0x02, 0x11, 0xc0, 0x00, 0x00, 0x00,
  0xff, 0xfc, 0x8e, 0x07, 0x00, 0xe2, 0x0f, 0x04, 0x24, 0x72, 0x10, 0xff,
  0xff, 0x00, 0x00, 0x00, 0xc0, 0x0a, 0x8e, 0x07, 0x00, 0xe2, 0x0f, 0x00,
  0x02, 0x7c, 0x05, 0x00, 0x05, 0x00, 0x00, 0x00, 0x00, 0x0f, 0x00, 0x08,
  0x00, 0xe2, 0x0f, 0x00, 0x87, 0x78, 0x0a, 0x05, 0x20, 0x00, 0x00, 0x00,
  0x00, 0x00, 0x00, 0x08, 0x00, 0xe2, 0x0f, 0x00, 0x10, 0x72, 0x1b, 0x02,
  0xe3, 0x00, 0x00, 0x00, 0xff, 0xe0, 0xf5, 0x07, 0x00, 0xe2, 0x0f, 0x00,
  0x36, 0x78, 0x03, 0x11, 0x08, 0x00, 0x00, 0x00, 0x00, 0x00, 0x00, 0x00,
  0x00, 0xe2, 0x0f, 0x00, 0x46, 0x74, 0x10, 0x10, 0x40, 0x00, 0x00, 0x00,
  0x05, 0x01, 0x80, 0x03, 0x00, 0xe2, 0x0f, 0x00, 0x24, 0x78, 0x06, 0x0b,
  0x00, 0x01, 0x00, 0x00, 0x06, 0x02, 0x8e, 0x07, 0x00, 0xe2, 0x0f, 0x00,
  0x10, 0x7c, 0xd5, 0x0d, 0x13, 0x00, 0x00, 0x00, 0x04, 0x24, 0x7e, 0x08,
  0x00, 0xe2, 0x0f, 0x00, 0x24, 0x72, 0x18, 0xff, 0xff, 0x00, 0x00, 0x00,
  0x18, 0x06, 0x0e, 0x01, 0x00, 0xe2, 0x0f, 0x00, 0x0c, 0x7c, 0x00, 0x03,
  0x0a, 0x00, 0x00, 0x00, 0x70, 0x62, 0xf6, 0x0b, 0x00, 0xe2, 0x0f, 0x04,
  0x24, 0x72, 0x07, 0xff, 0xff, 0x00, 0x00, 0x00, 0xff, 0x00, 0x8e, 0x07,
  0x00, 0xe2, 0x0f, 0x00, 0x0c, 0x72, 0x00, 0x03, 0x10, 0x00, 0x00, 0x00,
  0x70, 0x62, 0xf0, 0x03, 0x00, 0xe2, 0x0f, 0x08, 0xc3, 0x79, 0x07, 0x00,
  0x00, 0x00, 0x00, 0x00, 0x00, 0x88, 0x00, 0x00, 0x00, 0x62, 0x0e, 0x00,
  0x24, 0x7c, 0x04, 0x18, 0x08, 0x00, 0x00, 0x00, 0xff, 0x02, 0x8e, 0x0f,
  0x00, 0xe2, 0x0f, 0x00, 0x10, 0x78, 0x05, 0x11, 0x10, 0x00, 0x00, 0x00,
  0xff, 0xe0, 0xff, 0x07, 0x00, 0xe2, 0x0f, 0x00, 0x25, 0x7c, 0x02, 0x1b,
  0x08, 0x00, 0x00, 0x00, 0x06, 0x00, 0x8e, 0x0f, 0x00, 0xe2, 0x0f, 0x04,
  0x10, 0x78, 0x0d, 0x1b, 0x08, 0x00, 0x00, 0x00, 0xff, 0xe0, 0xfb, 0x07,
  0x00, 0xe2, 0x0f, 0x00, 0x82, 0x78, 0x06, 0x00, 0x00, 0x04, 0x00, 0x00,
  0x00, 0x00, 0x00, 0x00, 0x00, 0xe2, 0x0f, 0x00, 0x0c, 0x7c, 0x00, 0x05,
  0x0a, 0x00, 0x00, 0x00, 0x70, 0x62, 0xf2, 0x0b, 0x00, 0xe2, 0x0f, 0x00,
  0x24, 0x7c, 0x0b, 0x1b, 0x09, 0x00, 0x00, 0x00, 0x04, 0x02, 0x8e, 0x0f,
  0x00, 0xe2, 0x0f, 0x00, 0x0c, 0x72, 0x00, 0x05, 0x10, 0x00, 0x00, 0x00,
  0x70, 0x62, 0xf4, 0x03, 0x00, 0xe2, 0x0f, 0x00, 0x24, 0x72, 0x04, 0xff,
  0xff, 0x00, 0x00, 0x00, 0x18, 0x06, 0x8e, 0x02, 0x00, 0xe2, 0x0f, 0x00,
  0x10, 0x7c, 0x0a, 0x02, 0x12, 0x00, 0x00, 0x00, 0xff, 0xe0, 0xf9, 0x0f,
  0x00, 0xe2, 0x0f, 0x00, 0x36, 0x78, 0x0f, 0x11, 0x20, 0x00, 0x00, 0x00,
  0x00, 0x00, 0x00, 0x00, 0x00, 0xe2, 0x0f, 0x04, 0x12, 0x78, 0x02, 0x11,
  0x07, 0x00, 0x00, 0x00, 0xff, 0xc0, 0x8e, 0x07, 0x00, 0xe2, 0x0f, 0x00,
  0x24, 0x7c, 0x04, 0x04, 0x08, 0x00, 0x00, 0x00, 0xff, 0x02, 0x8e, 0x0f,
  0x00, 0xe2, 0x0f, 0x00, 0x10, 0x78, 0x05, 0x1b, 0x10, 0x00, 0x00, 0x00,
  0xff, 0xe0, 0xfd, 0x07, 0x00, 0xe2, 0x0f, 0x00, 0x99, 0x78, 0x0f, 0x08,
  0x03, 0x00, 0x00, 0x00, 0xff, 0x06, 0x00, 0x08, 0x00, 0xe2, 0x0f, 0x00,
  0x10, 0x7c, 0x0b, 0x03, 0x13, 0x00, 0x00, 0x00, 0x0b, 0xe4, 0x7f, 0x0a,
  0x00, 0xe2, 0x0f, 0x00, 0x24, 0x7c, 0x15, 0x0d, 0x09, 0x00, 0x00, 0x00,
  0x04, 0x02, 0x8e, 0x0f, 0x00, 0xe2, 0x0f, 0x00, 0x12, 0x78, 0x02, 0x02,
  0x0f, 0x00, 0x00, 0x00, 0xc1, 0x78, 0x8e, 0x07, 0x00, 0xe2, 0x0f, 0x00,
  0x99, 0x78, 0x10, 0x08, 0x03, 0x00, 0x00, 0x00, 0x09, 0x02, 0x01, 0x08,
  0x00, 0xe2, 0x0f, 0x00, 0x10, 0x72, 0x03, 0xff, 0x18, 0x00, 0x00, 0x00,
  0xff, 0xe4, 0x7f, 0x03, 0x00, 0xe2, 0x0f, 0x00, 0x8c, 0x78, 0x00, 0x05,
  0x01, 0x00, 0x00, 0x00, 0x70, 0x62, 0xf0, 0x0b, 0x00, 0xe2, 0x0f, 0x00,
  0x10, 0x78, 0x13, 0x1b, 0x18, 0x00, 0x00, 0x00, 0xff, 0xe0, 0xfd, 0x07,
  0x00, 0xe2, 0x0f, 0x00, 0x24, 0x78, 0xdc, 0x11, 0x10, 0x00, 0x00, 0x00,
  0x02, 0x02, 0x8e, 0x07, 0x00, 0xe2, 0x0f, 0x04, 0x0c, 0x72, 0x00, 0x11,
  0x10, 0x00, 0x00, 0x00, 0x70, 0x62, 0xfa, 0x03, 0x00, 0xe2, 0x0f, 0x08,
  0x24, 0x7c, 0x0c, 0x03, 0x08, 0x00, 0x00, 0x00, 0xff, 0x02, 0x8e, 0x0f,
  0x00, 0xe2, 0x0f, 0x00, 0x91, 0x72, 0x06, 0x07, 0x06, 0x00, 0x00, 0x00,
  0xff, 0xc0, 0x8e, 0x0f, 0x00, 0xe2, 0x2f, 0x00, 0x25, 0x7c, 0x02, 0x0d,
  0x08, 0x00, 0x00, 0x00, 0x06, 0x00, 0x8e, 0x0f, 0x00, 0xe2, 0x0f, 0x00,
  0x19, 0x78, 0xdc, 0xdc, 0x04, 0x00, 0x00, 0x00, 0xff, 0x06, 0x00, 0x00,
  0x00, 0xe2, 0x0f, 0x00, 0x99, 0x78, 0x07, 0x08, 0x04, 0x00, 0x00, 0x00,
  0x09, 0x02, 0x01, 0x08, 0x00, 0xe2, 0x0f, 0x00, 0x07, 0x78, 0x12, 0xff,
  0x01, 0x00, 0x00, 0x00, 0x00, 0x00, 0x80, 0x02, 0x00, 0xe2, 0x0f, 0x00,
  0x24, 0x7c, 0x19, 0x05, 0x09, 0x00, 0x00, 0x00, 0x0c, 0x02, 0x8e, 0x0f,
  0x00, 0xe2, 0x0f, 0x04, 0x10, 0x7c, 0x0c, 0x02, 0x12, 0x00, 0x00, 0x00,
  0xff, 0xe0, 0xf9, 0x0f, 0x00, 0xe2, 0x0f, 0x00, 0x24, 0x72, 0x02, 0xff,
  0xff, 0x00, 0x00, 0x00, 0x18, 0x06, 0x0e, 0x03, 0x00, 0xe2, 0x0f, 0x00,
  0x19, 0x78, 0xc2, 0xff, 0x03, 0x00, 0x00, 0x00, 0xc1, 0x16, 0x01, 0x00,
  0x00, 0xe2, 0x0f, 0x00, 0x25, 0x7c, 0x04, 0x05, 0x08, 0x00, 0x00, 0x00,
  0x06, 0x00, 0x8e, 0x0f, 0x00, 0xe2, 0x0f, 0x00, 0x10, 0x7c, 0x0d, 0x03,
  0x13, 0x00, 0x00, 0x00, 0x15, 0xe4, 0x7f, 0x0a, 0x00, 0xe2, 0x0f, 0x00,
  0x90, 0x78, 0x0b, 0x06, 0x00, 0x40, 0x00, 0x00, 0xff, 0xe0, 0xff, 0x0f,
  0x00, 0xe2, 0x0f, 0x00, 0x0c, 0x72, 0x00, 0x0f, 0x10, 0x00, 0x00, 0x00,
  0x70, 0x62, 0xf8, 0x03, 0x00, 0xe2, 0x0f, 0x08, 0x24, 0x7c, 0x02, 0x02,
  0x08, 0x00, 0x00, 0x00, 0xff, 0x02, 0x8e, 0x0f, 0x00, 0xe2, 0x0f, 0x00,
  0x10, 0x7c, 0x04, 0x04, 0x12, 0x00, 0x00, 0x00, 0xff, 0xe0, 0xfd, 0x0f,
  0x00, 0xe2, 0x0f, 0x00, 0x36, 0x7c, 0x17, 0xdc, 0x06, 0x00, 0x00, 0x00,
  0x00, 0x00, 0x00, 0x08, 0x00, 0xe2, 0x0f, 0x00, 0x10, 0x78, 0x0f, 0x11,
  0x18, 0x00, 0x00, 0x00, 0xff, 0xe0, 0xff, 0x07, 0x00, 0xe2, 0x0f, 0x00,
  0x24, 0x7c, 0x15, 0x13, 0x09, 0x00, 0x00, 0x00, 0x02, 0x02, 0x8e, 0x0f,
  0x00, 0xe2, 0x0f, 0x00, 0x10, 0x7c, 0x05, 0x05, 0x13, 0x00, 0x00, 0x00,
  0x19, 0xe4, 0x7f, 0x0b, 0x00, 0xe2, 0x0f, 0x00, 0x25, 0x7c, 0x02, 0x13,
  0x08, 0x00, 0x00, 0x00, 0x06, 0x00, 0x8e, 0x0f, 0x00, 0xe2, 0x0f, 0x00,
  0x84, 0xf9, 0xff, 0xff, 0x00, 0x00, 0x00, 0x00, 0x00, 0x08, 0x00, 0x00,
  0x00, 0xe2, 0x0f, 0x00, 0x84, 0xf9, 0xff, 0xff, 0x00, 0x00, 0x00, 0x00,
  0x00, 0x08, 0x00, 0x00, 0x00, 0xe2, 0x0f, 0x00, 0x84, 0xf9, 0xff, 0xff,
  0x00, 0x00, 0x00, 0x00, 0x00, 0x08, 0x00, 0x00, 0x00, 0xe2, 0x0f, 0x00,
  0xae, 0x7f, 0x17, 0x0a, 0x00, 0x00, 0x00, 0x00, 0x0c, 0x18, 0x98, 0x0e,
  0x00, 0xe2, 0x03, 0x00, 0x07, 0x78, 0x13, 0xff, 0x02, 0x00, 0x00, 0x00,
  0x00, 0x00, 0x00, 0x00, 0x00, 0xe2, 0x0f, 0x00, 0x90, 0x78, 0x0e, 0x06,
  0x00, 0x60, 0x00, 0x00, 0xff, 0xe0, 0xff, 0x0f, 0x00, 0xe2, 0x0f, 0x00,
  0x0c, 0x72, 0x00, 0x0f, 0x10, 0x00, 0x00, 0x00, 0x70, 0x62, 0xfc, 0x03,
  0x00, 0xe2, 0x0f, 0x00, 0xae, 0x7f, 0x17, 0x0c, 0x00, 0x00, 0x80, 0x00,
  0x0c, 0x18, 0x18, 0x0c, 0x00, 0xe2, 0x05, 0x00, 0x10, 0x7c, 0x0e, 0x02,
  0x12, 0x00, 0x00, 0x00, 0xff, 0xe0, 0xfb, 0x0f, 0x00, 0xc4, 0x0f, 0x00,
  0x05, 0x78, 0xce, 0x00, 0x00, 0x00, 0x00, 0x00, 0x00, 0xff, 0x01, 0x00,
  0x00, 0xe4, 0x0f, 0x00, 0x0c, 0x7c, 0x00, 0x0f, 0x0a, 0x00, 0x00, 0x00,
  0x70, 0x62, 0xf0, 0x0b, 0x00, 0xe2, 0x0f, 0x00, 0xae, 0x7f, 0x17, 0x04,
  0x00, 0x00, 0x00, 0x01, 0x0c, 0x18, 0x18, 0x0d, 0x00, 0xe2, 0x07, 0x00,
  0x10, 0x7c, 0x0f, 0x03, 0x13, 0x00, 0x00, 0x00, 0x15, 0xe4, 0xff, 0x0a,
  0x00, 0xe2, 0x0f, 0x00, 0x36, 0x78, 0x03, 0x11, 0x30, 0x00, 0x00, 0x00,
  0x00, 0x00, 0x00, 0x00, 0x00, 0xe2, 0x0f, 0x00, 0x10, 0x78, 0x19, 0x1b,
  0x20, 0x00, 0x00, 0x00, 0xff, 0xe0, 0xfb, 0x07, 0x00, 0xe4, 0x0f, 0x04,
  0x05, 0x78, 0xcc, 0x00, 0x00, 0x00, 0x00, 0x00, 0x00, 0xff, 0x01, 0x00,
  0x00, 0xe4, 0x0f, 0x00, 0x10, 0x7c, 0xdd, 0xdc, 0x0b, 0x00, 0x00, 0x00,
  0xff, 0xe0, 0xff, 0x0f, 0x00, 0xe2, 0x0f, 0x04, 0x36, 0x7c, 0xdc, 0xdc,
  0x0e, 0x00, 0x00, 0x00, 0x00, 0x00, 0x00, 0x08, 0x00, 0xe2, 0x0f, 0x00,
  0x05, 0x78, 0xca, 0x00, 0x00, 0x00, 0x00, 0x00, 0x00, 0xff, 0x01, 0x00,
  0x00, 0xe2, 0x0f, 0x00, 0x24, 0x72, 0x02, 0xff, 0xff, 0x00, 0x00, 0x00,
  0x18, 0x06, 0x8e, 0x02, 0x00, 0xe2, 0x0f, 0x10, 0x10, 0x78, 0x0b, 0x1b,
  0x28, 0x00, 0x00, 0x00, 0xff, 0xe0, 0xfb, 0x07, 0x00, 0xe2, 0x2f, 0x00,
  0xae, 0x7f, 0x17, 0x0e, 0x00, 0x00, 0x80, 0x01, 0x0c, 0x18, 0x18, 0x0f,
  0x00, 0xe2, 0x03, 0x00, 0x07, 0x78, 0x0c, 0xff, 0x04, 0x00, 0x00, 0x00,
  0x00, 0x00, 0x00, 0x01, 0x00, 0xe2, 0x4f, 0x00, 0x24, 0x7c, 0x02, 0x02,
  0x08, 0x00, 0x00, 0x00, 0xff, 0x02, 0x8e, 0x0f, 0x00, 0xe2, 0x0f, 0x00,
  0x0c, 0x72, 0x00, 0x03, 0x10, 0x00, 0x00, 0x00, 0x70, 0x62, 0xf4, 0x03,
  0x00, 0xe2, 0x0f, 0x08, 0x24, 0x72, 0x0a, 0xff, 0xff, 0x00, 0x00, 0x00,
  0x18, 0x06, 0x8e, 0x02, 0x00, 0xe2, 0x0f, 0x00, 0x10, 0x78, 0x03, 0x11,
  0x38, 0x00, 0x00, 0x00, 0xff, 0xe0, 0xff, 0x07, 0x00, 0xe2, 0x0f, 0x00,
  0x24, 0x7c, 0x1d, 0x19, 0x09, 0x00, 0x00, 0x00, 0x02, 0x02, 0x8e, 0x0f,
  0x00, 0xe2, 0x0f, 0x00, 0x07, 0x78, 0x15, 0xff, 0x00, 0x04, 0x00, 0x00,
  0x00, 0x00, 0x00, 0x01, 0x00, 0xe2, 0x0f, 0x00, 0x24, 0x7c, 0x0a, 0x0a,
  0x08, 0x00, 0x00, 0x00, 0xff, 0x02, 0x8e, 0x0f, 0x00, 0xe2, 0x0f, 0x00,
  0x0c, 0x72, 0x00, 0x03, 0x10, 0x00, 0x00, 0x00, 0x70, 0x62, 0xf4, 0x03,
  0x00, 0xe2, 0x0f, 0x00, 0x25, 0x7c, 0x02, 0x19, 0x08, 0x00, 0x00, 0x00,
  0x06, 0x00, 0x8e, 0x0f, 0x00, 0xe2, 0x0f, 0x00, 0x07, 0x78, 0x0d, 0xff,
  0x08, 0x00, 0x00, 0x00, 0x00, 0x00, 0x00, 0x03, 0x00, 0xc4, 0x0f, 0x00,
  0x05, 0x78, 0xc8, 0x00, 0x00, 0x00, 0x00, 0x00, 0x00, 0xff, 0x01, 0x00,
  0x00, 0xe4, 0x0f, 0x00, 0x07, 0x78, 0x14, 0xff, 0x00, 0x08, 0x00, 0x00,
  0x00, 0x00, 0x00, 0x01, 0x00, 0xe2, 0x0f, 0x00, 0x24, 0x7c, 0x19, 0x0b,
  0x09, 0x00, 0x00, 0x00, 0x0a, 0x02, 0x8e, 0x0f, 0x00, 0xe2, 0x0f, 0x00,
  0x0c, 0x7c, 0x00, 0x11, 0x0a, 0x00, 0x00, 0x00, 0x70, 0x62, 0xf4, 0x0b,
  0x00, 0xe2, 0x0f, 0x04, 0x36, 0x78, 0x11, 0x11, 0x28, 0x00, 0x00, 0x00,
  0x00, 0x00, 0x00, 0x00, 0x00, 0xe2, 0x0f, 0x00, 0x10, 0x7c, 0x0a, 0x02,
  0x12, 0x00, 0x00, 0x00, 0xff, 0xe0, 0xfb, 0x0f, 0x00, 0xe2, 0x0f, 0x00,
  0x25, 0x7c, 0x04, 0x0b, 0x08, 0x00, 0x00, 0x00, 0x06, 0x00, 0x8e, 0x0f,
  0x00, 0xe2, 0x8f, 0x00, 0x10, 0x72, 0x12, 0x0c, 0x13, 0x00, 0x00, 0x00,
  0x12, 0xe0, 0xff, 0x07, 0x00, 0xe2, 0x0f, 0x00, 0x99, 0x78, 0x0a, 0x08,
  0x04, 0x00, 0x00, 0x00, 0xff, 0x06, 0x00, 0x08, 0x00, 0xe2, 0x0f, 0x00,
  0x10, 0x7c, 0x0b, 0x03, 0x13, 0x00, 0x00, 0x00, 0x1d, 0xe4, 0xff, 0x0a,
  0x00, 0xc4, 0x0f, 0x00, 0x05, 0x78, 0xc6, 0x00, 0x00, 0x00, 0x00, 0x00,
  0x00, 0xff, 0x01, 0x00, 0x00, 0xe4, 0x0f, 0x00, 0x07, 0x78, 0x0e, 0xff,
  0x00, 0x01, 0x00, 0x00, 0x00, 0x00, 0x00, 0x02, 0x00, 0xe4, 0x2f, 0x00,
  0x05, 0x78, 0xc4, 0x00, 0x00, 0x00, 0x00, 0x00, 0x00, 0xff, 0x01, 0x00,
  0x00, 0xe4, 0x0f, 0x00, 0x0c, 0x72, 0x00, 0x11, 0x10, 0x00, 0x00, 0x00,
  0x70, 0x62, 0xfa, 0x03, 0x00, 0xe2, 0x0f, 0x00, 0xae, 0x7f, 0x17, 0x0a,
  0x00, 0x00, 0x00, 0x02, 0x0c, 0x18, 0x18, 0x0e, 0x00, 0xe2, 0x0f, 0x00,
  0x10, 0x7c, 0x04, 0x04, 0x12, 0x00, 0x00, 0x00, 0xff, 0xe0, 0xfd, 0x0f,
  0x00, 0xe4, 0x0f, 0x00, 0x05, 0x78, 0x1e, 0x00, 0x00, 0x00, 0x00, 0x00,
  0x00, 0xff, 0x01, 0x00, 0x00, 0xc4, 0x0f, 0x00, 0x10, 0x72, 0x0f, 0x0e,
  0x12, 0x00, 0x00, 0x00, 0x0d, 0xe0, 0xff, 0x07, 0x00, 0xe4, 0x0f, 0x00,
  0x05, 0x78, 0x1c, 0x00, 0x00, 0x00, 0x00, 0x00, 0x00, 0xff, 0x01, 0x00,
  0x00, 0xe4, 0x0f, 0x00, 0x12, 0x78, 0x02, 0x00, 0x70, 0x00, 0x00, 0x00,
  0xff, 0xc0, 0x8e, 0x07, 0x00, 0xe4, 0x0f, 0x00, 0x05, 0x78, 0xd0, 0x00,
  0x00, 0x00, 0x00, 0x00, 0x00, 0xff, 0x01, 0x00, 0x00, 0xe4, 0x0f, 0x00,
  0x07, 0x78, 0x0e, 0xff, 0x00, 0x02, 0x00, 0x00, 0x00, 0x00, 0x80, 0x02,
  0x00, 0xe4, 0x0f, 0x00, 0x19, 0x78, 0x00, 0xff, 0x01, 0x00, 0x00, 0x00,
  0xc1, 0x16, 0x01, 0x00, 0x00, 0xc4, 0x0f, 0x00, 0x10, 0x7c, 0x05, 0x05,
  0x13, 0x00, 0x00, 0x00, 0x19, 0xe4, 0x7f, 0x0b, 0x00, 0xe2, 0x0f, 0x00,
  0x24, 0x78, 0x0e, 0x0e, 0x01, 0x00, 0x00, 0x00, 0x0f, 0x02, 0x8e, 0x07,
  0x00, 0xe2, 0x0f, 0x00, 0x10, 0x78, 0x13, 0x1b, 0x30, 0x00, 0x00, 0x00,
  0xff, 0xe0, 0xfd, 0x07, 0x00, 0xe4, 0x0f, 0x00, 0x12, 0x78, 0x0c, 0x02,
  0x10, 0x00, 0x00, 0x00, 0xc1, 0x78, 0x8e, 0x07, 0x00, 0xe2, 0x0f, 0x10,
  0xae, 0x7f, 0x17, 0x04, 0x00, 0x00, 0x80, 0x02, 0x0c, 0x18, 0x98, 0x0e,
  0x00, 0xe2, 0x03, 0x00, 0x12, 0x78, 0x02, 0x00, 0x30, 0x00, 0x00, 0x00,
  0xff, 0xc0, 0x8e, 0x07, 0x00, 0xe2, 0x0f, 0x00, 0x24, 0x72, 0x16, 0xff,
  0xff, 0x00, 0x00, 0x00, 0x18, 0x06, 0x0e, 0x03, 0x00, 0xe2, 0x0f, 0x00,
  0x19, 0x78, 0x03, 0xc1, 0x08, 0x00, 0x00, 0x00, 0xff, 0x06, 0x00, 0x00,
  0x00, 0xe4, 0x0f, 0x00, 0x10, 0x78, 0x11, 0x1b, 0x38, 0x00, 0x00, 0x00,
  0xff, 0xe0, 0xfd, 0x07, 0x00, 0xe2, 0x0f, 0x00, 0x24, 0x7c, 0x16, 0x16,
  0x08, 0x00, 0x00, 0x00, 0xff, 0x02, 0x8e, 0x0f, 0x00, 0xe2, 0x0f, 0x00,
  0x12, 0x78, 0x0d, 0x02, 0x0f, 0x00, 0x00, 0x00, 0xc1, 0xf8, 0x8e, 0x07,
  0x00, 0xc4, 0x0f, 0x00, 0x05, 0x78, 0x1a, 0x00, 0x00, 0x00, 0x00, 0x00,
  0x00, 0xff, 0x01, 0x00, 0x00, 0xe4, 0x0f, 0x00, 0x10, 0x72, 0x0e, 0x0e,
  0x15, 0x00, 0x00, 0x00, 0x14, 0xe0, 0xff, 0x07, 0x00, 0xe2, 0x0f, 0x00,
  0x24, 0x72, 0x10, 0xff, 0xff, 0x00, 0x00, 0x00, 0x18, 0x06, 0x0e, 0x03,
  0x00, 0xe2, 0x0f, 0x00, 0x12, 0x78, 0xe2, 0x0c, 0x00, 0x0f, 0x00, 0x00,
  0x03, 0xf8, 0x8e, 0x07, 0x00, 0xe2, 0x0f, 0x00, 0x25, 0x7c, 0x02, 0x13,
  0x08, 0x00, 0x00, 0x00, 0x06, 0x00, 0x8e, 0x0f, 0x00, 0xe2, 0x0f, 0x00,
  0x11, 0x72, 0x12, 0x0d, 0x0c, 0x00, 0x00, 0x00, 0xff, 0x40, 0x8e, 0x07,
  0x00, 0xe4, 0x0f, 0x00, 0x05, 0x78, 0x18, 0x00, 0x00, 0x00, 0x00, 0x00,
  0x00, 0xff, 0x01, 0x00, 0x00, 0xe4, 0x0f, 0x00, 0x19, 0x78, 0x0c, 0xff,
  0x06, 0x00, 0x00, 0x00, 0x0e, 0x16, 0x01, 0x00, 0x00, 0xe2, 0x0f, 0x00,
  0x24, 0x7c, 0x13, 0x13, 0x09, 0x00, 0x00, 0x00, 0x16, 0x02, 0x8e, 0x0f,
  0x00, 0xe2, 0x0f, 0x00, 0x19, 0x78, 0x0e, 0xff, 0x07, 0x00, 0x00, 0x00,
  0x0e, 0x16, 0x01, 0x00, 0x00, 0xe2, 0x0f, 0x00, 0x24, 0x7c, 0x10, 0x10,
  0x08, 0x00, 0x00, 0x00, 0xff, 0x02, 0x8e, 0x0f, 0x00, 0xe2, 0x0f, 0x00,
  0x10, 0x7c, 0x02, 0x02, 0x12, 0x00, 0x00, 0x00, 0xff, 0xe0, 0xfd, 0x0f,
  0x00, 0xe2, 0x0f, 0x00, 0x25, 0x7c, 0x06, 0x11, 0x08, 0x00, 0x00, 0x00,
  0x06, 0x00, 0x8e, 0x0f, 0x00, 0xe2, 0x0f, 0x00, 0x12, 0x78, 0xff, 0x0c,
  0x10, 0x00, 0x00, 0x00, 0xff, 0xc0, 0x88, 0x07, 0x00, 0xc4, 0x0f, 0x00,
  0x05, 0x78, 0x14, 0x00, 0x00, 0x00, 0x00, 0x00, 0x00, 0xff, 0x01, 0x00,
  0x00, 0xe4, 0x0f, 0x00, 0x12, 0x78, 0xff, 0x0e, 0x10, 0x00, 0x00, 0x00,
  0xff, 0xc0, 0x8a, 0x07, 0x00, 0xe2, 0x0f, 0x00, 0x24, 0x7c, 0x11, 0x11,
  0x09, 0x00, 0x00, 0x00, 0x10, 0x02, 0x8e, 0x0f, 0x00, 0xe2, 0x0f, 0x00,
  0x10, 0x7c, 0x03, 0x03, 0x13, 0x00, 0x00, 0x00, 0x13, 0xe4, 0x7f, 0x0b,
  0x00, 0xe2, 0x0f, 0x00, 0xac, 0x77, 0x09, 0xff, 0x80, 0xac, 0x00, 0x00,
  0x00, 0x08, 0x00, 0x08, 0x00, 0xa2, 0x0e, 0x00, 0x10, 0x7c, 0x06, 0x06,
  0x12, 0x00, 0x00, 0x00, 0xff, 0xe0, 0xfd, 0x0f, 0x00, 0xe4, 0x0f, 0x00,
  0x12, 0x78, 0x00, 0x00, 0x08, 0x00, 0x00, 0x00, 0xff, 0xc0, 0x8e, 0x07,
  0x00, 0xe4, 0x0f, 0x00, 0x10, 0x7c, 0x07, 0x07, 0x13, 0x00, 0x00, 0x00,
  0x11, 0xe4, 0x7f, 0x0b, 0x00, 0xc4, 0x0f, 0x00, 0x12, 0x78, 0x0c, 0xc2,
  0x01, 0x00, 0x00, 0x00, 0xff, 0xc0, 0x8e, 0x07, 0x00, 0xe2, 0x0f, 0x00,
  0xae, 0x7f, 0x17, 0x02, 0x00, 0x00, 0x00, 0x03, 0x0c, 0x18, 0x18, 0x0a,
  0x00, 0xe2, 0x07, 0x00, 0x10, 0x7c, 0x04, 0x08, 0x0f, 0x00, 0x00, 0x00,
  0xff, 0xe0, 0xf9, 0x0f, 0x00, 0xe4, 0x2f, 0x00, 0x12, 0x78, 0x00, 0x00,
  0x07, 0x00, 0x00, 0x00, 0xc1, 0xf8, 0x8e, 0x07, 0x00, 0xe2, 0x0f, 0x10,
  0xae, 0x7f, 0x17, 0x06, 0x00, 0x00, 0x80, 0x03, 0x0c, 0x18, 0x98, 0x0a,
  0x00, 0xe2, 0x03, 0x00, 0x10, 0x7c, 0x0a, 0x08, 0x0a, 0x00, 0x00, 0x00,
  0xff, 0xe0, 0xfb, 0x0f, 0x00, 0xe4, 0x0f, 0x00, 0x12, 0x78, 0x0d, 0x0c,
  0x07, 0x00, 0x00, 0x00, 0xc1, 0x78, 0x8e, 0x07, 0x00, 0xe2, 0x0f, 0x00,
  0xae, 0x7f, 0xdd, 0x08, 0x00, 0x00, 0x00, 0x00, 0x0c, 0x18, 0x18, 0x0d,
  0x00, 0xe2, 0x0f, 0x00, 0x10, 0x7c, 0x05, 0x09, 0x10, 0x00, 0x00, 0x00,
  0xff, 0xe4, 0x7f, 0x0a, 0x00, 0xc4, 0x0f, 0x00, 0x10, 0x7c, 0x0b, 0x09,
  0x07, 0x00, 0x00, 0x00, 0xff, 0xe4, 0xff, 0x0a, 0x00, 0xe2, 0x0f, 0x00,
  0x24, 0x78, 0xdb, 0x00, 0x10, 0x00, 0x00, 0x00, 0x0d, 0x02, 0x8e, 0x07,
  0x00, 0xe2, 0x0f, 0x00, 0x10, 0x7c, 0x0c, 0x0a, 0x0f, 0x00, 0x00, 0x00,
  0xff, 0xe0, 0xf9, 0x0f, 0x00, 0xe2, 0x0f, 0x00, 0xae, 0x7f, 0xdd, 0x04,
  0x00, 0x00, 0x80, 0x00, 0x0c, 0x18, 0x98, 0x0d, 0x00, 0xe2, 0x0f, 0x00,
  0x10, 0x7c, 0x0e, 0xd4, 0x0a, 0x00, 0x00, 0x00, 0xff, 0xe0, 0xfb, 0x0f,
  0x00, 0xe2, 0x0f, 0x04, 0x24, 0x78, 0xdb, 0xdb, 0x10, 0x00, 0x00, 0x00,
  0xff, 0x00, 0x8e, 0x07, 0x00, 0xe2, 0x0f, 0x00, 0x10, 0x7c, 0x0d, 0x0b,
  0x10, 0x00, 0x00, 0x00, 0xff, 0xe4, 0x7f, 0x0a, 0x00, 0xe2, 0x0f, 0x00,
  0xae, 0x7f, 0xdd, 0x0a, 0x00, 0x00, 0x00, 0x01, 0x0c, 0x18, 0x98, 0x0c,
  0x00, 0xe2, 0x0f, 0x00, 0x10, 0x7c, 0x02, 0xd4, 0x0f, 0x00, 0x00, 0x00,
  0xff, 0xe0, 0xf9, 0x0f, 0x00, 0xe4, 0x8f, 0x00, 0x05, 0x78, 0x16, 0x00,
  0x00, 0x00, 0x00, 0x00, 0x00, 0xff, 0x01, 0x00, 0x00, 0xc4, 0x2f, 0x00,
  0x10, 0x7c, 0x0f, 0xd5, 0x07, 0x00, 0x00, 0x00, 0xff, 0xe4, 0xff, 0x0a,
  0x00, 0xe2, 0x0f, 0x04, 0xae, 0x7f, 0xdd, 0x0c, 0x00, 0x00, 0x80, 0x01,
  0x0c, 0x18, 0x18, 0x0c, 0x00, 0xe2, 0x0f, 0x00, 0x10, 0x7c, 0x03, 0xd5,
  0x10, 0x00, 0x00, 0x00, 0xff, 0xe4, 0x7f, 0x0a, 0x00, 0xe2, 0x0f, 0x00,
  0x90, 0x78, 0x07, 0x05, 0x1f, 0x00, 0x00, 0x00, 0xff, 0xe0, 0xff, 0x0f,
  0x00, 0xe2, 0x0f, 0x00, 0x10, 0x7c, 0x10, 0x0e, 0x0f, 0x00, 0x00, 0x00,
  0xff, 0xe0, 0xf9, 0x0f, 0x00, 0xe2, 0x0f, 0x00, 0xae, 0x7f, 0xdc, 0xd4,
  0x00, 0x00, 0x00, 0x00, 0x0c, 0x18, 0x18, 0x0d, 0x00, 0xe2, 0x0f, 0x00,
  0x12, 0x78, 0x20, 0x12, 0x20, 0x00, 0x00, 0x00, 0xff, 0x3c, 0x8e, 0x07,
  0x00, 0xe2, 0x0f, 0x04, 0x99, 0x78, 0x08, 0xff, 0x1f, 0x00, 0x00, 0x00,
  0x07, 0x14, 0x01, 0x08, 0x00, 0xe2, 0x0f, 0x00, 0x10, 0x7c, 0x11, 0x0f,
  0x10, 0x00, 0x00, 0x00, 0xff, 0xe4, 0x7f, 0x0a, 0x00, 0xe2, 0x0f, 0x00,
  0xae, 0x7f, 0xdc, 0x02, 0x00, 0x00, 0x80, 0x00, 0x0c, 0x18, 0x98, 0x0d,
  0x00, 0xe2, 0x0f, 0x00, 0x12, 0x78, 0x24, 0x12, 0x40, 0x00, 0x00, 0x00,
  0xff, 0x3c, 0x8e, 0x07, 0x00, 0xe2, 0x0f, 0x04, 0x91, 0x72, 0x08, 0x08,
  0x07, 0x00, 0x00, 0x00, 0xff, 0x28, 0x8f, 0x0f, 0x00, 0xe2, 0x0f, 0x00,
  0x12, 0x78, 0x28, 0x12, 0x60, 0x00, 0x00, 0x00, 0xff, 0x3c, 0x8e, 0x07,
  0x00, 0xe2, 0x0f, 0x04, 0xae, 0x7f, 0xdc, 0x0e, 0x00, 0x00, 0x00, 0x01,
  0x0c, 0x18, 0x98, 0x0c, 0x00, 0xe2, 0x03, 0x00, 0x12, 0x78, 0x34, 0x12,
  0xa0, 0x00, 0x00, 0x00, 0xff, 0x3c, 0x8e, 0x07, 0x00, 0xc4, 0x0f, 0x00,
  0x12, 0x78, 0x38, 0x12, 0xc0, 0x00, 0x00, 0x00, 0xff, 0x3c, 0x8e, 0x07,
  0x00, 0xe2, 0x0f, 0x04, 0xae, 0x7f, 0xdc, 0x10, 0x00, 0x00, 0x80, 0x01,
  0x0c, 0x18, 0x18, 0x0c, 0x00, 0xe2, 0x07, 0x00, 0x1c, 0x78, 0x08, 0x00,
  0x00, 0x00, 0x00, 0x00, 0x08, 0xf0, 0xf0, 0x03, 0x00, 0xe4, 0x0f, 0x00,
  0x12, 0x78, 0x3c, 0x12, 0xe0, 0x00, 0x00, 0x00, 0xff, 0x3c, 0x8e, 0x07,
  0x00, 0xe2, 0x0f, 0x00, 0xaf, 0x79, 0x00, 0x00, 0x00, 0x00, 0x00, 0x00,
  0x00, 0x00, 0x00, 0x00, 0x00, 0x22, 0x0e, 0x00, 0x12, 0x78, 0x07, 0xe2,
  0x20, 0x00, 0x00, 0x00, 0xff, 0x3c, 0x8e, 0x07, 0x00, 0xe4, 0x0f, 0x04,
  0x12, 0x78, 0x06, 0xe2, 0x40, 0x00, 0x00, 0x00, 0xff, 0x3c, 0x8e, 0x07,
  0x00, 0xe4, 0x0f, 0x00, 0x05, 0x78, 0x0e, 0x00, 0x00, 0x00, 0x00, 0x00,
  0x00, 0xff, 0x01, 0x00, 0x00, 0xc4, 0x2f, 0x00, 0x12, 0x78, 0x05, 0xe2,
  0x60, 0x00, 0x00, 0x00, 0xff, 0x3c, 0x8e, 0x07, 0x00, 0xe4, 0x0f, 0x04,
  0x12, 0x78, 0x04, 0xe2, 0x80, 0x00, 0x00, 0x00, 0xff, 0xfc, 0x8e, 0x07,
  0x00, 0xe4, 0x0f, 0x04, 0x05, 0x78, 0x10, 0x00, 0x00, 0x00, 0x00, 0x00,
  0x00, 0xff, 0x01, 0x00, 0x00, 0xe4, 0x8f, 0x00, 0x12, 0x78, 0x03, 0xe2,
  0xa0, 0x00, 0x00, 0x00, 0xff, 0x3c, 0x8e, 0x07, 0x00, 0xe4, 0x0f, 0x04,
  0x12, 0x78, 0x02, 0xe2, 0xc0, 0x00, 0x00, 0x00, 0xff, 0x3c, 0x8e, 0x07,
  0x00, 0xe4, 0x0f, 0x04, 0x12, 0x78, 0x00, 0xe2, 0xe0, 0x00, 0x00, 0x00,
  0xff, 0x3c, 0x8e, 0x07, 0x00, 0xc4, 0x0f, 0x00, 0x12, 0x78, 0xda, 0xdb,
  0x20, 0x00, 0x00, 0x00, 0xff, 0x3c, 0x8e, 0x07, 0x00, 0xe4, 0x0f, 0x04,
  0x12, 0x78, 0xd9, 0xdb, 0x40, 0x00, 0x00, 0x00, 0xff, 0x3c, 0x8e, 0x07,
  0x00, 0xe4, 0x0f, 0x04, 0x12, 0x78, 0x0a, 0xdb, 0x60, 0x00, 0x00, 0x00,
  0xff, 0x3c, 0x8e, 0x07, 0x00, 0xe4, 0x0f, 0x04, 0x12, 0x78, 0x0b, 0xdb,
  0xa0, 0x00, 0x00, 0x00, 0xff, 0x3c, 0x8e, 0x07, 0x00, 0xe4, 0x0f, 0x04,
  0x12, 0x78, 0x0c, 0xdb, 0xc0, 0x00, 0x00, 0x00, 0xff, 0x3c, 0x8e, 0x07,
  0x00, 0xe2, 0x0f, 0x00, 0x1a, 0x79, 0x00, 0x00, 0x00, 0x80, 0x00, 0x00,
  0x00, 0x00, 0x00, 0x00, 0x00, 0xc8, 0x0f, 0x00, 0x1d, 0x7b, 0x00, 0x00,
  0x00, 0x00, 0x00, 0x00, 0x00, 0x00, 0x01, 0x00, 0x00, 0xe2, 0x0f, 0x00,
  0x12, 0x78, 0x0d, 0xdb, 0xe0, 0x00, 0x00, 0x00, 0xff, 0x3c, 0x8e, 0x07,
  0x00, 0xca, 0x0f, 0x00, 0x3b, 0x78, 0x20, 0x20, 0x06, 0x00, 0x00, 0x00,
  0x00, 0x02, 0x00, 0x08, 0x00, 0x68, 0x0e, 0x00, 0x3b, 0x78, 0x24, 0x24,
  0x06, 0x00, 0x00, 0x00, 0x00, 0x02, 0x00, 0x08, 0x00, 0xe8, 0x0e, 0x00,
  0x3b, 0x78, 0x28, 0x28, 0x06, 0x00, 0x00, 0x00, 0x00, 0x02, 0x00, 0x08,
  0x00, 0x28, 0x0f, 0x00, 0x3b, 0x78, 0x2c, 0x12, 0x06, 0x00, 0x00, 0x00,
  0x00, 0x02, 0x00, 0x08, 0x00, 0x68, 0x0e, 0x00, 0x3b, 0x78, 0x30, 0x12,
  0x06, 0x80, 0x00, 0x00, 0x00, 0x02, 0x00, 0x08, 0x00, 0x68, 0x0a, 0x00,
  0x3b, 0x78, 0x34, 0x34, 0x06, 0x00, 0x00, 0x00, 0x00, 0x02, 0x00, 0x08,
  0x00, 0x68, 0x0e, 0x00, 0x3b, 0x78, 0x38, 0x38, 0x06, 0x00, 0x00, 0x00,
  0x00, 0x02, 0x00, 0x08, 0x00, 0x62, 0x0e, 0x00, 0x05, 0x78, 0x12, 0x00,
  0x00, 0x00, 0x00, 0x00, 0x00, 0xff, 0x01, 0x00, 0x00, 0xc6, 0x0f, 0x02,
  0x3b, 0x78, 0x3c, 0x3c, 0x06, 0x00, 0x00, 0x00, 0x00, 0x02, 0x00, 0x08,
  0x00, 0x62, 0x0e, 0x00, 0x90, 0x72, 0x06, 0x09, 0x09, 0x00, 0x00, 0x00,
  0xff, 0xe0, 0xff, 0x0f, 0x00, 0xc6, 0x4f, 0x00, 0x3b, 0x78, 0x40, 0xdb,
  0x0b, 0x00, 0x00, 0x00, 0x00, 0x02, 0x00, 0x08, 0x00, 0x68, 0x04, 0x00,
  0x3b, 0x78, 0x44, 0xdb, 0x0b, 0x00, 0x10, 0x00, 0x00, 0x02, 0x00, 0x08,
  0x00, 0x68, 0x04, 0x00, 0x3b, 0x78, 0x48, 0xda, 0x0b, 0x00, 0x00, 0x00,
  0x00, 0x02, 0x00, 0x08, 0x00, 0x68, 0x04, 0x00, 0x3b, 0x78, 0x4c, 0xda,
  0x0b, 0x00, 0x10, 0x00, 0x00, 0x02, 0x00, 0x08, 0x00, 0x68, 0x04, 0x00,
  0x3b, 0x78, 0x50, 0xd9, 0x0b, 0x00, 0x00, 0x00, 0x00, 0x02, 0x00, 0x08,
  0x00, 0x68, 0x04, 0x00, 0x3b, 0x78, 0x54, 0xd9, 0x0b, 0x00, 0x10, 0x00,
  0x00, 0x02, 0x00, 0x08, 0x00, 0x68, 0x04, 0x00, 0x3b, 0x78, 0x58, 0x0a,
  0x0b, 0x00, 0x00, 0x00, 0x00, 0x02, 0x00, 0x08, 0x00, 0x68, 0x04, 0x00,
  0x3b, 0x78, 0x5c, 0x0a, 0x0b, 0x00, 0x10, 0x00, 0x00, 0x02, 0x00, 0x08,
  0x00, 0x68, 0x04, 0x00, 0x3b, 0x78, 0x60, 0xdb, 0x0b, 0x80, 0x00, 0x00,
  0x00, 0x02, 0x00, 0x08, 0x00, 0x68, 0x04, 0x00, 0x3b, 0x78, 0x64, 0xdb,
  0x0b, 0x80, 0x10, 0x00, 0x00, 0x02, 0x00, 0x08, 0x00, 0x68, 0x04, 0x00,
  0x3b, 0x78, 0x68, 0x0b, 0x0b, 0x00, 0x00, 0x00, 0x00, 0x02, 0x00, 0x08,
  0x00, 0x68, 0x04, 0x00, 0x3b, 0x78, 0x6c, 0x0b, 0x0b, 0x00, 0x10, 0x00,
  0x00, 0x02, 0x00, 0x08, 0x00, 0x68, 0x04, 0x00, 0x3b, 0x78, 0x70, 0x0c,
  0x0b, 0x00, 0x00, 0x00, 0x00, 0x02, 0x00, 0x08, 0x00, 0x68, 0x04, 0x00,
  0x3b, 0x78, 0x74, 0x0c, 0x0b, 0x00, 0x10, 0x00, 0x00, 0x02, 0x00, 0x08,
  0x00, 0x68, 0x04, 0x00, 0x3b, 0x78, 0x78, 0x0d, 0x0b, 0x00, 0x00, 0x00,
  0x00, 0x02, 0x00, 0x08, 0x00, 0x68, 0x04, 0x00, 0x3b, 0x78, 0x7c, 0x0d,
  0x0b, 0x00, 0x10, 0x00, 0x00, 0x02, 0x00, 0x08, 0x00, 0x68, 0x04, 0x00,
  0x3b, 0x78, 0x80, 0xe2, 0x0e, 0x00, 0x00, 0x00, 0x00, 0x42, 0x00, 0x08,
  0x00, 0x68, 0x04, 0x00, 0x3b, 0x78, 0x84, 0x07, 0x0e, 0x00, 0x00, 0x00,
  0x00, 0x42, 0x00, 0x08, 0x00, 0x68, 0x04, 0x00, 0x3b, 0x78, 0x88, 0x06,
  0x0e, 0x00, 0x00, 0x00, 0x00, 0x42, 0x00, 0x08, 0x00, 0x68, 0x04, 0x00,
  0x3b, 0x78, 0x8c, 0x05, 0x0e, 0x00, 0x00, 0x00, 0x00, 0x42, 0x00, 0x08,
  0x00, 0x68, 0x04, 0x00, 0x3b, 0x78, 0x90, 0x04, 0x0e, 0x00, 0x00, 0x00,
  0x00, 0x42, 0x00, 0x08, 0x00, 0x68, 0x04, 0x00, 0x3b, 0x78, 0x94, 0x03,
  0x0e, 0x00, 0x00, 0x00, 0x00, 0x42, 0x00, 0x08, 0x00, 0x68, 0x04, 0x00,
  0x3b, 0x78, 0x98, 0x02, 0x0e, 0x00, 0x00, 0x00, 0x00, 0x42, 0x00, 0x08,
  0x00, 0x68, 0x04, 0x00, 0x3b, 0x78, 0x9c, 0x00, 0x0e, 0x00, 0x00, 0x00,
  0x00, 0x42, 0x00, 0x08, 0x00, 0x68, 0x04, 0x00, 0x3b, 0x78, 0xa0, 0xe2,
  0x0e, 0x00, 0x10, 0x00, 0x00, 0x42, 0x00, 0x08, 0x00, 0x68, 0x04, 0x00,
  0x3b, 0x78, 0xa4, 0x07, 0x0e, 0x00, 0x10, 0x00, 0x00, 0x42, 0x00, 0x08,
  0x00, 0x68, 0x04, 0x00, 0x3b, 0x78, 0xa8, 0x06, 0x0e, 0x00, 0x10, 0x00,
  0x00, 0x42, 0x00, 0x08, 0x00, 0x68, 0x04, 0x00, 0x3b, 0x78, 0xac, 0x05,
  0x0e, 0x00, 0x10, 0x00, 0x00, 0x42, 0x00, 0x08, 0x00, 0x68, 0x04, 0x00,
  0x3b, 0x78, 0xb0, 0x04, 0x0e, 0x00, 0x10, 0x00, 0x00, 0x42, 0x00, 0x08,
  0x00, 0x68, 0x04, 0x00, 0x3b, 0x78, 0xb4, 0x03, 0x0e, 0x00, 0x10, 0x00,
  0x00, 0x42, 0x00, 0x08, 0x00, 0x68, 0x04, 0x00, 0x3b, 0x78, 0xb8, 0x02,
  0x0e, 0x00, 0x10, 0x00, 0x00, 0x42, 0x00, 0x08, 0x00, 0x68, 0x04, 0x00,
  0x3b, 0x78, 0xbc, 0x00, 0x0e, 0x00, 0x10, 0x00, 0x00, 0x42, 0x00, 0x08,
  0x00, 0x62, 0x04, 0x00, 0x47, 0x89, 0xb8, 0x00, 0x1c, 0x00, 0x00, 0x00,
  0x00, 0x00, 0x80, 0x03, 0x00, 0xea, 0x8f, 0x01, 0x02, 0x7c, 0xc3, 0x00,
  0x05, 0x00, 0x00, 0x00, 0x00, 0x0f, 0x00, 0x08, 0x00, 0xe2, 0x0f, 0x00,
  0xac, 0x77, 0x13, 0xff, 0x00, 0xb6, 0x00, 0x00, 0x00, 0x00, 0x00, 0x08,
  0x00, 0xe2, 0x0e, 0x00, 0x24, 0x78, 0xc1, 0xc1, 0x01, 0x00, 0x00, 0x00,
  0xc1, 0x02, 0x8e, 0x07, 0x00, 0xe2, 0x0f, 0x00, 0x12, 0x78, 0xc2, 0xc2,
  0x70, 0x00, 0x00, 0x00, 0xff, 0xc0, 0x8e, 0x07, 0x00, 0xe4, 0x0f, 0x00,
  0x10, 0x7c, 0xc0, 0xc3, 0x04, 0x00, 0x00, 0x80, 0xc0, 0xe0, 0xff, 0x0f,
  0x00, 0xe2, 0x0f, 0x00, 0x92, 0x78, 0x09, 0x08, 0xe0, 0xff, 0xff, 0xff,
  0xff, 0xc0, 0x8e, 0x0f, 0x00, 0xe2, 0x0f, 0x00, 0x12, 0x78, 0xd2, 0xc2,
  0x06, 0x00, 0x00, 0x00, 0xc1, 0xf8, 0x8e, 0x07, 0x00, 0xe2, 0x0f, 0x00,
  0x82, 0x78, 0x0f, 0x00, 0x10, 0x00, 0x00, 0x00, 0x00, 0x00, 0x00, 0x00,
  0x00, 0xe2, 0x0f, 0x00, 0xca, 0x72, 0x07, 0xc0, 0x00, 0x00, 0x00, 0x00,
  0x00, 0x00, 0x0e, 0x00, 0x00, 0xe2, 0x0f, 0x04, 0x82, 0x7c, 0x08, 0x00,
  0x05, 0x00, 0x00, 0x00, 0x00, 0x00, 0x00, 0x08, 0x00, 0xe2, 0x0f, 0x00,
  0xca, 0x72, 0x0a, 0xc0, 0x00, 0x00, 0x00, 0x00, 0x00, 0x00, 0x0e, 0x00,
  0x00, 0xe2, 0x0f, 0x00, 0x8c, 0x72, 0x00, 0x13, 0xff, 0x00, 0x00, 0x00,
  0x70, 0x52, 0xf2, 0x0b, 0x00, 0xd4, 0x8f, 0x00, 0x99, 0x78, 0x07, 0xff,
  0x1f, 0x00, 0x00, 0x00, 0x07, 0x14, 0x01, 0x08, 0x00, 0xc8, 0x0f, 0x00,
  0x91, 0x72, 0x07, 0x07, 0x0a, 0x00, 0x00, 0x00, 0xff, 0x28, 0x8f, 0x0f,
  0x00, 0xc8, 0x0f, 0x00, 0x92, 0x78, 0x0a, 0x07, 0xe0, 0xff, 0xff, 0xff,
  0xff, 0xc0, 0x8e, 0x0f, 0x00, 0xc6, 0x0f, 0x00, 0x82, 0x7c, 0x07, 0x00,
  0x05, 0x00, 0x00, 0x00, 0x00, 0x00, 0x00, 0x08, 0x00, 0xd2, 0x0f, 0x00,
  0x90, 0x78, 0x11, 0x0f, 0x10, 0x00, 0x00, 0x00, 0xff, 0xe0, 0xff, 0x0f,
  0x00, 0xc8, 0x0f, 0x00, 0x8c, 0x72, 0x00, 0x11, 0x09, 0x00, 0x00, 0x00,
  0x70, 0x62, 0xf4, 0x0b, 0x00, 0xcc, 0x0f, 0x00, 0x1c, 0x78, 0x08, 0x00,
  0x00, 0x00, 0x00, 0x00, 0x28, 0xf0, 0xf0, 0x03, 0x00, 0xda, 0x0f, 0x00,
  0x47, 0x09, 0xf0, 0x00, 0x00, 0x00, 0x00, 0x00, 0x00, 0x00, 0x80, 0x03,
  0x00, 0xea, 0xaf, 0x00, 0x19, 0x79, 0xc0, 0x00, 0x00, 0x00, 0x00, 0x00,
  0x00, 0x21, 0x00, 0x00, 0x00, 0xe2, 0x0e, 0x00, 0x82, 0x7b, 0xc2, 0xff,
  0x00, 0xfc, 0x00, 0x00, 0x00, 0x0a, 0x00, 0x00, 0x00, 0x22, 0x0f, 0x00,
  0x90, 0x78, 0x07, 0x07, 0xe0, 0xff, 0xff, 0xff, 0xff, 0xe0, 0xff, 0x0f,
  0x00, 0xe4, 0x0f, 0x00, 0x90, 0x78, 0x08, 0x08, 0xe0, 0xff, 0xff, 0xff,
  0xff, 0xe0, 0xff, 0x0f, 0x00, 0xe4, 0x0f, 0x00, 0x8c, 0x78, 0x00, 0x07,
  0x20, 0x00, 0x00, 0x00, 0x70, 0x12, 0xf0, 0x0b, 0x00, 0xe4, 0x0f, 0x00,
  0x8c, 0x78, 0x00, 0x08, 0x20, 0x00, 0x00, 0x00, 0x70, 0x12, 0xf6, 0x0b,
  0x00, 0xe4, 0x0f, 0x00, 0x87, 0x78, 0x10, 0x07, 0x20, 0x00, 0x00, 0x00,
  0x00, 0x00, 0x00, 0x08, 0x00, 0xc4, 0x0f, 0x00, 0x87, 0x78, 0x12, 0x08,
  0x20, 0x00, 0x00, 0x00, 0x00, 0x00, 0x80, 0x09, 0x00, 0xe2, 0x0f, 0x00,
  0x24, 0x78, 0xed, 0xc2, 0x20, 0x00, 0x00, 0x00, 0xff, 0x00, 0x8e, 0x07,
  0x00, 0xe2, 0x0f, 0x05, 0x19, 0x78, 0xe8, 0xc2, 0x05, 0x00, 0x00, 0x00,
  0xc3, 0x02, 0x01, 0x00, 0x00, 0xe2, 0x0f, 0x04, 0x24, 0x78, 0xe9, 0xc3,
  0x28, 0x00, 0x00, 0x00, 0xff, 0x02, 0x8e, 0x07, 0x00, 0xe4, 0x0f, 0x00,
  0x25, 0x78, 0xde, 0xc2, 0x28, 0x00, 0x00, 0x00, 0x08, 0x00, 0x8e, 0x07,
  0x00, 0xe2, 0x0f, 0x00, 0x19, 0x78, 0xe0, 0xff, 0x04, 0x00, 0x00, 0x00,
  0xc0, 0x16, 0x01, 0x00, 0x00, 0xc6, 0x8f, 0x00, 0x24, 0x78, 0xeb, 0xdf,
  0x01, 0x00, 0x00, 0x00, 0xe9, 0x02, 0x8e, 0x07, 0x00, 0xe4, 0x0f, 0x00,
  0x24, 0x72, 0xea, 0xff, 0xff, 0x00, 0x00, 0x00, 0xde, 0x00, 0x8e, 0x07,
  0x00, 0xe2, 0x0f, 0x00, 0x1d, 0x7b, 0x00, 0x00, 0x00, 0x00, 0x00, 0x00,
  0x00, 0x00, 0x01, 0x00, 0x00, 0xe2, 0x0f, 0x00, 0x36, 0x78, 0xc0, 0xe0,
  0x08, 0x00, 0x00, 0x00, 0x00, 0x00, 0x00, 0x00, 0x00, 0xe2, 0x0f, 0x04,
  0x0c, 0x7c, 0x00, 0xe0, 0x10, 0x00, 0x00, 0x00, 0x70, 0x62, 0xfa, 0x0b,
  0x00, 0xe2, 0x0f, 0x00, 0x25, 0x78, 0xe6, 0xc2, 0x30, 0x00, 0x00, 0x00,
  0x08, 0x00, 0x8e, 0x07, 0x00, 0xe2, 0x0f, 0x10, 0x10, 0x78, 0xc1, 0xe0,
  0x10, 0x00, 0x00, 0x00, 0xff, 0xe0, 0xff, 0x07, 0x00, 0xe4, 0x0f, 0x00,
  0x0c, 0x7c, 0x00, 0xc0, 0x10, 0x00, 0x00, 0x00, 0x70, 0x62, 0xf0, 0x0b,
  0x00, 0xe2, 0x0f, 0x00, 0x25, 0x78, 0xe4, 0xc2, 0x38, 0x00, 0x00, 0x00,
  0x08, 0x00, 0x8e, 0x07, 0x00, 0xe2, 0x0f, 0x00, 0x0c, 0x7c, 0x00, 0xc0,
  0x12, 0x00, 0x00, 0x00, 0x70, 0x62, 0xf2, 0x0b, 0x00, 0xc4, 0x0f, 0x00,
  0x10, 0x72, 0xc0, 0xed, 0x08, 0x00, 0x00, 0x00, 0xff, 0xe0, 0xf9, 0x07,
  0x00, 0xe2, 0x0f, 0x00, 0x24, 0x78, 0xef, 0xc3, 0x30, 0x00, 0x00, 0x00,
  0xff, 0x02, 0x8e, 0x07, 0x00, 0xe2, 0x0f, 0x00, 0x0c, 0x7c, 0x00, 0xc1,
  0x10, 0x00, 0x00, 0x00, 0x70, 0x62, 0xf4, 0x0b, 0x00, 0xe2, 0x0f, 0x04,
  0x25, 0x78, 0xde, 0xc2, 0x30, 0x00, 0x00, 0x00, 0xd4, 0x00, 0x8e, 0x07,
  0x00, 0xe2, 0x0f, 0x00, 0x0c, 0x7c, 0x00, 0xc1, 0x12, 0x00, 0x00, 0x00,
  0x70, 0x62, 0xf6, 0x0b, 0x00, 0xe4, 0x0f, 0x00, 0x10, 0x72, 0xe7, 0xe7,
  0xef, 0x00, 0x00, 0x00, 0xff, 0xe0, 0xff, 0x07, 0x00, 0xe2, 0x0f, 0x00,
  0x24, 0x78, 0xc1, 0xe8, 0x01, 0x00, 0x00, 0x00, 0x09, 0x06, 0x0e, 0x02,
  0x00, 0xe2, 0x0f, 0x00, 0x0c, 0x7c, 0x00, 0xe0, 0x12, 0x00, 0x00, 0x00,
  0x70, 0x62, 0xf8, 0x0b, 0x00, 0xe2, 0x0f, 0x00, 0x25, 0x78, 0x08, 0xc2,
  0x38, 0x00, 0x00, 0x00, 0xd4, 0x00, 0x8e, 0x07, 0x00, 0xe2, 0x0f, 0x00,
  0x10, 0x78, 0xe0, 0xe0, 0x18, 0x00, 0x00, 0x00, 0xff, 0xe0, 0xff, 0x07,
  0x00, 0xc4, 0x0f, 0x00, 0x10, 0x72, 0xdf, 0xef, 0xdf, 0x00, 0x00, 0x00,
  0xff, 0xe0, 0xff, 0x07, 0x00, 0xe2, 0x0f, 0x00, 0x24, 0x78, 0xc3, 0xc3,
  0x38, 0x00, 0x00, 0x00, 0xff, 0x02, 0x8e, 0x07, 0x00, 0xe2, 0x0f, 0x00,
  0x0c, 0x7c, 0x00, 0xe0, 0x10, 0x00, 0x00, 0x00, 0x70, 0x62, 0xfc, 0x0b,
  0x00, 0xe2, 0x0f, 0x04, 0x84, 0xf9, 0xff, 0xff, 0x00, 0x00, 0x00, 0x00,
  0x00, 0x08, 0x00, 0x00, 0x00, 0xe2, 0x0f, 0x00, 0x84, 0xf9, 0xff, 0xff,
  0x00, 0x00, 0x00, 0x00, 0x00, 0x08, 0x00, 0x00, 0x00, 0xe2, 0x0f, 0x00,
  0x84, 0xf9, 0xff, 0xff, 0x00, 0x00, 0x00, 0x00, 0x00, 0x08, 0x00, 0x00,
  0x00, 0xe2, 0x0f, 0x00, 0xae, 0x7f, 0xdd, 0xc0, 0x00, 0x00, 0x00, 0x00,
  0x0c, 0x18, 0x98, 0x0e, 0x00, 0xe2, 0x07, 0x00, 0x0c, 0x7c, 0x00, 0xe0,
  0x12, 0x00, 0x00, 0x00, 0x70, 0x62, 0xfa, 0x0b, 0x00, 0xe2, 0x0f, 0x00,
  0x25, 0x78, 0xe0, 0xc2, 0x28, 0x00, 0x00, 0x00, 0xd4, 0x00, 0x8e, 0x07,
  0x00, 0xe4, 0x0f, 0x00, 0xae, 0x7f, 0xdd, 0xea, 0x00, 0x00, 0x80, 0x00,
  0x0c, 0x18, 0x18, 0x0c, 0x00, 0xe2, 0x07, 0x00, 0x10, 0x72, 0xc2, 0xed,
  0xd4, 0x00, 0x00, 0x00, 0xff, 0xe0, 0xf1, 0x07, 0x00, 0xe2, 0x0f, 0x00,
  0x24, 0x78, 0xe1, 0xe9, 0x01, 0x00, 0x00, 0x00, 0xe1, 0x02, 0x8e, 0x07,
  0x00, 0xe4, 0x0f, 0x00, 0x24, 0x78, 0xe5, 0xe5, 0x01, 0x00, 0x00, 0x00,
  0xc3, 0x02, 0x8e, 0x07, 0x00, 0xe2, 0x0f, 0x00, 0xae, 0x7f, 0xdd, 0xe6,
  0x00, 0x00, 0x00, 0x01, 0x0c, 0x18, 0x18, 0x0d, 0x00, 0xe2, 0x07, 0x00,
  0x24, 0x78, 0xe9, 0xc3, 0x01, 0x00, 0x00, 0x00, 0x09, 0x02, 0x8e, 0x07,
  0x00, 0xe2, 0x0f, 0x00, 0x02, 0x72, 0x09, 0x00, 0xc1, 0x00, 0x00, 0x00,
  0x00, 0x0f, 0x00, 0x00, 0x00, 0xe2, 0x0f, 0x00, 0x24, 0x78, 0xc3, 0xe8,
  0x01, 0x00, 0x00, 0x00, 0xd5, 0x06, 0x0e, 0x00, 0x00, 0xe2, 0x0f, 0x00,
  0x02, 0x72, 0xe8, 0x00, 0x08, 0x00, 0x00, 0x00, 0x00, 0x0f, 0x00, 0x00,
  0x00, 0xe2, 0x0f, 0x00, 0xae, 0x7f, 0xdd, 0xe4, 0x00, 0x00, 0x80, 0x01,
  0x0c, 0x18, 0x18, 0x0f, 0x00, 0xe2, 0x07, 0x00, 0x24, 0x72, 0x08, 0xff,
  0xff, 0x00, 0x00, 0x00, 0xc0, 0x00, 0x8e, 0x07, 0x00, 0xc4, 0x0f, 0x00,
  0x24, 0x72, 0xd4, 0xff, 0xff, 0x00, 0x00, 0x00, 0xc2, 0x00, 0x8e, 0x07,
  0x00, 0xe2, 0x0f, 0x00, 0xae, 0x7f, 0xdc, 0xc2, 0x00, 0x00, 0x00, 0x00,
  0x0c, 0x18, 0x18, 0x0e, 0x00, 0xe2, 0x07, 0x00, 0x24, 0x72, 0xd5, 0xff,
  0xff, 0x00, 0x00, 0x00, 0xc3, 0x00, 0x8e, 0x07, 0x00, 0xc6, 0x0f, 0x00,
  0xae, 0x7f, 0xdc, 0xe0, 0x00, 0x00, 0x80, 0x00, 0x0c, 0x18, 0x98, 0x0c,
  0x00, 0xe8, 0x07, 0x00, 0xae, 0x7f, 0xdc, 0xde, 0x00, 0x00, 0x00, 0x01,
  0x0c, 0x18, 0x98, 0x0d, 0x00, 0xe8, 0x07, 0x00, 0xae, 0x7f, 0xdc, 0xe8,
  0x00, 0x00, 0x80, 0x01, 0x0c, 0x18, 0x98, 0x0e, 0x00, 0xe8, 0x07, 0x00,
  0xaf, 0x79, 0x00, 0x00, 0x00, 0x00, 0x00, 0x00, 0x00, 0x00, 0x00, 0x00,
  0x00, 0x24, 0x0e, 0x00, 0x3c, 0x72, 0xe0, 0x2c, 0x42, 0x00, 0x00, 0x00,
  0xff, 0x08, 0x00, 0x00, 0x00, 0xe2, 0xaf, 0x04, 0x82, 0x7b, 0xe7, 0xff,
  0x00, 0x5d, 0x01, 0x00, 0x00, 0x08, 0x00, 0x00, 0x00, 0x62, 0x0e, 0x00,
  0x90, 0x78, 0x10, 0x0f, 0xf0, 0xff, 0xff, 0xff, 0xff, 0xe0, 0xff, 0x0f,
  0x00, 0xe4, 0x0f, 0x00, 0x8c, 0x78, 0x00, 0x0f, 0x10, 0x00, 0x00, 0x00,
  0x70, 0x52, 0xf6, 0x0b, 0x00, 0xe4, 0x0f, 0x00, 0x8c, 0x72, 0x00, 0x10,
  0x0a, 0x00, 0x00, 0x00, 0x70, 0x66, 0xf0, 0x08, 0x00, 0xe4, 0x0f, 0x00,
  0x3c, 0x72, 0xc0, 0x2c, 0x44, 0x00, 0x00, 0x00, 0xff, 0x08, 0x00, 0x00,
  0x00, 0xe4, 0x0f, 0x00, 0x8c, 0x72, 0x00, 0x13, 0xff, 0x00, 0x00, 0x00,
  0x70, 0x56, 0x70, 0x0c, 0x00, 0xe2, 0x0f, 0x00, 0x1c, 0x78, 0x08, 0x00,
  0x00, 0x00, 0x00, 0x00, 0x38, 0xf0, 0xf0, 0x03, 0x00, 0xca, 0x0f, 0x00,
  0x3c, 0x72, 0xde, 0x2c, 0x40, 0x00, 0x00, 0x00, 0xff, 0x08, 0x00, 0x00,
  0x00, 0xe2, 0x0f, 0x00, 0x1c, 0x78, 0x08, 0x00, 0x00, 0x00, 0x00, 0x00,
  0x08, 0xf0, 0xf2, 0x03, 0x00, 0xce, 0x0f, 0x00, 0x3c, 0x72, 0xc2, 0x2c,
  0x46, 0x00, 0x00, 0x00, 0xff, 0x08, 0x00, 0x00, 0x00, 0xf0, 0x0f, 0x00,
  0x3c, 0x72, 0xe0, 0x20, 0x4a, 0x00, 0x00, 0x00, 0xe0, 0x08, 0x00, 0x00,
  0x00, 0xf0, 0x0f, 0x04, 0x3c, 0x72, 0xc0, 0x20, 0x4c, 0x00, 0x00, 0x00,
  0xc0, 0x08, 0x00, 0x00, 0x00, 0xf0, 0x0f, 0x04, 0x3c, 0x72, 0xde, 0x20,
  0x48, 0x00, 0x00, 0x00, 0xde, 0x08, 0x00, 0x00, 0x00, 0xf0, 0x0f, 0x04,
  0x3c, 0x72, 0xc2, 0x20, 0x4e, 0x00, 0x00, 0x00, 0xc2, 0x08, 0x00, 0x00,
  0x00, 0xf0, 0x0f, 0x00, 0x3c, 0x72, 0xe0, 0x24, 0x52, 0x00, 0x00, 0x00,
  0xe0, 0x08, 0x00, 0x00, 0x00, 0xf0, 0x0f, 0x04, 0x3c, 0x72, 0xc0, 0x24,
  0x54, 0x00, 0x00, 0x00, 0xc0, 0x08, 0x00, 0x00, 0x00, 0xf0, 0x0f, 0x04,
  0x3c, 0x72, 0xde, 0x24, 0x50, 0x00, 0x00, 0x00, 0xde, 0x08, 0x00, 0x00,
  0x00, 0xf0, 0x0f, 0x04, 0x3c, 0x72, 0xc2, 0x24, 0x56, 0x00, 0x00, 0x00,
  0xc2, 0x08, 0x00, 0x00, 0x00, 0xf0, 0x0f, 0x00, 0x3c, 0x72, 0xe0, 0x28,
  0x5a, 0x00, 0x00, 0x00, 0xe0, 0x08, 0x00, 0x00, 0x00, 0xf0, 0x0f, 0x04,
  0x3c, 0x72, 0xc0, 0x28, 0x5c, 0x00, 0x00, 0x00, 0xc0, 0x08, 0x00, 0x00,
  0x00, 0xf0, 0x0f, 0x04, 0x3c, 0x72, 0xde, 0x28, 0x58, 0x00, 0x00, 0x00,
  0xde, 0x08, 0x00, 0x00, 0x00, 0xf0, 0x0f, 0x04, 0x3c, 0x72, 0xc2, 0x28,
  0x5e, 0x00, 0x00, 0x00, 0xc2, 0x08, 0x00, 0x00, 0x00, 0xf0, 0x0f, 0x00,
  0x3c, 0x72, 0xe0, 0x30, 0x62, 0x00, 0x00, 0x00, 0xe0, 0x08, 0x00, 0x00,
  0x00, 0xf0, 0x0f, 0x04, 0x3c, 0x72, 0xc0, 0x30, 0x64, 0x00, 0x00, 0x00,
  0xc0, 0x08, 0x00, 0x00, 0x00, 0xf0, 0x0f, 0x04, 0x3c, 0x72, 0xde, 0x30,
  0x60, 0x00, 0x00, 0x00, 0xde, 0x08, 0x00, 0x00, 0x00, 0xf0, 0x0f, 0x04,
  0x3c, 0x72, 0xc2, 0x30, 0x66, 0x00, 0x00, 0x00, 0xc2, 0x08, 0x00, 0x00,
  0x00, 0xf0, 0x0f, 0x00, 0x3c, 0x72, 0xe0, 0x34, 0x6a, 0x00, 0x00, 0x00,
  0xe0, 0x08, 0x00, 0x00, 0x00, 0xf0, 0x0f, 0x04, 0x3c, 0x72, 0xc0, 0x34,
  0x6c, 0x00, 0x00, 0x00, 0xc0, 0x08, 0x00, 0x00, 0x00, 0xf0, 0x0f, 0x04,
  0x3c, 0x72, 0xde, 0x34, 0x68, 0x00, 0x00, 0x00, 0xde, 0x08, 0x00, 0x00,
  0x00, 0xf0, 0x0f, 0x04, 0x3c, 0x72, 0xc2, 0x34, 0x6e, 0x00, 0x00, 0x00,
  0xc2, 0x08, 0x00, 0x00, 0x00, 0xf0, 0x0f, 0x00, 0x3c, 0x72, 0xe0, 0x38,
  0x72, 0x00, 0x00, 0x00, 0xe0, 0x08, 0x00, 0x00, 0x00, 0xf0, 0x0f, 0x04,
  0x3c, 0x72, 0xc0, 0x38, 0x74, 0x00, 0x00, 0x00, 0xc0, 0x08, 0x00, 0x00,
  0x00, 0xf0, 0x0f, 0x04, 0x3c, 0x72, 0xde, 0x38, 0x70, 0x00, 0x00, 0x00,
  0xde, 0x08, 0x00, 0x00, 0x00, 0xf0, 0x0f, 0x04, 0x3c, 0x72, 0xc2, 0x38,
  0x76, 0x00, 0x00, 0x00, 0xc2, 0x08, 0x00, 0x00, 0x00, 0xf0, 0x0f, 0x00,
  0x3c, 0x72, 0xe0, 0x3c, 0x7a, 0x00, 0x00, 0x00, 0xe0, 0x08, 0x00, 0x00,
  0x00, 0xf0, 0x0f, 0x04, 0x3c, 0x72, 0xc0, 0x3c, 0x7c, 0x00, 0x00, 0x00,
  0xc0, 0x08, 0x00, 0x00, 0x00, 0xf0, 0x0f, 0x04, 0x3c, 0x72, 0xde, 0x3c,
  0x78, 0x00, 0x00, 0x00, 0xde, 0x08, 0x00, 0x00, 0x00, 0xe6, 0x0f, 0x00,
  0x32, 0x72, 0xe1, 0xe1, 0xe7, 0x00, 0x00, 0x00, 0x00, 0x00, 0x00, 0x00,
  0x00, 0xc4, 0x2f, 0x00, 0x32, 0x72, 0xe0, 0xe0, 0xe7, 0x00, 0x00, 0x00,
  0x00, 0x00, 0x00, 0x00, 0x00, 0xc6, 0x0f, 0x00, 0x3c, 0x72, 0xc2, 0x3c,
  0x7e, 0x00, 0x00, 0x00, 0xc2, 0x08, 0x00, 0x00, 0x00, 0xe2, 0x0f, 0x00,
  0x40, 0x78, 0xe1, 0xe1, 0xff, 0x7b, 0xff, 0x7b, 0x00, 0x02, 0x84, 0x03,
  0x00, 0xe4, 0x0f, 0x00, 0x32, 0x72, 0xc0, 0xc0, 0xe7, 0x00, 0x00, 0x00,
  0x00, 0x00, 0x00, 0x00, 0x00, 0xe2, 0x0f, 0x08, 0x40, 0x78, 0xe0, 0xe0,
  0xff, 0x7b, 0xff, 0x7b, 0x00, 0x02, 0x84, 0x03, 0x00, 0xe2, 0x0f, 0x00,
  0x32, 0x72, 0xc1, 0xc1, 0xe7, 0x00, 0x00, 0x00, 0x00, 0x00, 0x00, 0x00,
  0x00, 0xe4, 0x0f, 0x08, 0x30, 0x72, 0xed, 0xff, 0xe1, 0x00, 0x00, 0x20,
  0x00, 0x41, 0x00, 0x00, 0x00, 0xe2, 0x0f, 0x10, 0x40, 0x78, 0xc0, 0xc0,
  0xff, 0x7b, 0xff, 0x7b, 0x00, 0x02, 0x84, 0x03, 0x00, 0xe2, 0x0f, 0x00,
  0x30, 0x72, 0xef, 0xff, 0xe1, 0x00, 0x00, 0x30, 0x00, 0x41, 0x00, 0x00,
  0x00, 0xe2, 0x0f, 0x00, 0x40, 0x78, 0xc1, 0xc1, 0xff, 0x7b, 0xff, 0x7b,
  0x00, 0x02, 0x84, 0x03, 0x00, 0xe2, 0x0f, 0x00, 0x32, 0x72, 0xde, 0xde,
  0xe7, 0x00, 0x00, 0x00, 0x00, 0x00, 0x00, 0x00, 0x00, 0xc4, 0x0f, 0x00,
  0x30, 0x72, 0xe6, 0xff, 0xe0, 0x00, 0x00, 0x20, 0x00, 0x41, 0x00, 0x00,
  0x00, 0xe4, 0x0f, 0x00, 0x32, 0x72, 0xdf, 0xdf, 0xe7, 0x00, 0x00, 0x00,
  0x00, 0x00, 0x00, 0x00, 0x00, 0xe4, 0x0f, 0x08, 0x30, 0x72, 0xe1, 0xff,
  0xc0, 0x00, 0x00, 0x20, 0x00, 0x41, 0x00, 0x00, 0x00, 0xe2, 0x0f, 0x10,
  0x40, 0x78, 0xde, 0xde, 0xff, 0x7b, 0xff, 0x7b, 0x00, 0x02, 0x84, 0x03,
  0x00, 0xe2, 0x0f, 0x00, 0x30, 0x72, 0xec, 0xff, 0xc0, 0x00, 0x00, 0x30,
  0x00, 0x41, 0x00, 0x00, 0x00, 0xe2, 0x0f, 0x00, 0x40, 0x78, 0xdf, 0xdf,
  0xff, 0x7b, 0xff, 0x7b, 0x00, 0x02, 0x84, 0x03, 0x00, 0xe2, 0x0f, 0x00,
  0x32, 0x72, 0xe4, 0xc2, 0xe7, 0x00, 0x00, 0x00, 0x00, 0x00, 0x00, 0x00,
  0x00, 0xe4, 0x0f, 0x00, 0x30, 0x72, 0xea, 0xff, 0xc1, 0x00, 0x00, 0x20,
  0x00, 0x41, 0x00, 0x00, 0x00, 0xc4, 0x0f, 0x00, 0x32, 0x72, 0xe7, 0xc3,
  0xe7, 0x00, 0x00, 0x00, 0x00, 0x00, 0x00, 0x00, 0x00, 0xe4, 0x0f, 0x00,
  0x30, 0x72, 0xc2, 0xff, 0xde, 0x00, 0x00, 0x20, 0x00, 0x41, 0x00, 0x00,
  0x00, 0xe2, 0x0f, 0x10, 0x40, 0x78, 0xc0, 0xe4, 0xff, 0x7b, 0xff, 0x7b,
  0x00, 0x02, 0x84, 0x03, 0x00, 0xe2, 0x0f, 0x00, 0x30, 0x72, 0xc3, 0xff,
  0xde, 0x00, 0x00, 0x30, 0x00, 0x41, 0x00, 0x00, 0x00, 0xe2, 0x0f, 0x00,
  0x40, 0x78, 0xe7, 0xe7, 0xff, 0x7b, 0xff, 0x7b, 0x00, 0x02, 0x84, 0x03,
  0x00, 0xe2, 0x0f, 0x00, 0x30, 0x72, 0xe5, 0xff, 0xdf, 0x00, 0x00, 0x20,
  0x00, 0x41, 0x00, 0x00, 0x00, 0xe4, 0x0f, 0x10, 0x30, 0x72, 0xde, 0xff,
  0xdf, 0x00, 0x00, 0x30, 0x00, 0x41, 0x00, 0x00, 0x00, 0xe4, 0x0f, 0x00,
  0x30, 0x72, 0xe4, 0xff, 0xc1, 0x00, 0x00, 0x30, 0x00, 0x41, 0x00, 0x00,
  0x00, 0xe2, 0x0f, 0x00, 0x02, 0x72, 0xc1, 0x00, 0xd6, 0x00, 0x00, 0x00,
  0x00, 0x0f, 0x00, 0x00, 0x00, 0xe2, 0x0f, 0x00, 0x30, 0x72, 0xee, 0xff,
  0xc0, 0x00, 0x00, 0x20, 0x00, 0x41, 0x00, 0x00, 0x00, 0xc4, 0x0f, 0x00,
  0x30, 0x72, 0xf0, 0xff, 0xc0, 0x00, 0x00, 0x30, 0x00, 0x41, 0x00, 0x00,
  0x00, 0xe4, 0x0f, 0x00, 0x30, 0x72, 0xe0, 0xff, 0xe0, 0x00, 0x00, 0x30,
  0x00, 0x41, 0x00, 0x00, 0x00, 0xe4, 0x0f, 0x00, 0x24, 0x72, 0xc0, 0xff,
  0xff, 0x00, 0x00, 0x00, 0xd3, 0x00, 0x8e, 0x07, 0x00, 0xe4, 0x0f, 0x00,
  0x30, 0x72, 0xeb, 0xff, 0xe7, 0x00, 0x00, 0x20, 0x00, 0x41, 0x00, 0x00,
  0x00, 0xe4, 0x0f, 0x10, 0x30, 0x72, 0xdf, 0xff, 0xe7, 0x00, 0x00, 0x30,
  0x00, 0x41, 0x00, 0x00, 0x00, 0xe2, 0x0f, 0x00, 0x47, 0x19, 0x7c, 0x00,
  0x00, 0x00, 0x00, 0x00, 0x00, 0x00, 0x80, 0x03, 0x00, 0xec, 0x0f, 0x00,
  0x36, 0x78, 0xd3, 0xd2, 0x01, 0x00, 0x00, 0x00, 0x00, 0x00, 0x00, 0x00,
  0x00, 0xe2, 0x0f, 0x04, 0x0c, 0x7c, 0x00, 0xd2, 0x05, 0x00, 0x00, 0x00,
  0x70, 0x62, 0xfc, 0x0b, 0x00, 0xc8, 0x0f, 0x00, 0x0c, 0x7c, 0x00, 0xd3,
  0x05, 0x00, 0x00, 0x00, 0x70, 0x62, 0xf4, 0x0b, 0x00, 0xe2, 0x0f, 0x00,
  0x36, 0x78, 0xd3, 0xd2, 0x08, 0x00, 0x00, 0x00, 0x00, 0x00, 0x00, 0x00,
  0x00, 0xe2, 0x0f, 0x00, 0x08, 0x78, 0xc2, 0xc2, 0xff, 0xff, 0x7f, 0xff,
  0x00, 0x00, 0x00, 0x07, 0x00, 0xe4, 0x0f, 0x00, 0x08, 0x78, 0xe5, 0xe5,
  0xff, 0xff, 0x7f, 0xff, 0x00, 0x00, 0x00, 0x07, 0x00, 0xe4, 0x0f, 0x00,
  0x0c, 0x7c, 0x00, 0xd3, 0x05, 0x00, 0x00, 0x00, 0x70, 0x62, 0xf2, 0x0b,
  0x00, 0xe4, 0x0f, 0x00, 0x10, 0x78, 0xd3, 0xd2, 0x09, 0x00, 0x00, 0x00,
  0xff, 0xe0, 0xff, 0x07, 0x00, 0xe4, 0x0f, 0x00, 0x08, 0x78, 0xc3, 0xc3,
  0xff, 0xff, 0x7f, 0xff, 0x00, 0x00, 0x00, 0x05, 0x00, 0xc4, 0x0f, 0x00,
  0x0c, 0x7c, 0x00, 0xd3, 0x05, 0x00, 0x00, 0x00, 0x70, 0x62, 0xfa, 0x0b,
  0x00, 0xe2, 0x0f, 0x00, 0x36, 0x78, 0xd3, 0xd2, 0x10, 0x00, 0x00, 0x00,
  0x00, 0x00, 0x00, 0x00, 0x00, 0xe2, 0x0f, 0x00, 0x08, 0x78, 0xde, 0xde,
  0xff, 0xff, 0x7f, 0xff, 0x00, 0x00, 0x00, 0x05, 0x00, 0xe4, 0x0f, 0x00,
  0x08, 0x78, 0xe6, 0xe6, 0xff, 0xff, 0x7f, 0xff, 0x00, 0x00, 0x80, 0x04,
  0x00, 0xe4, 0x0f, 0x00, 0x0c, 0x7c, 0x00, 0xd3, 0x05, 0x00, 0x00, 0x00,
  0x70, 0x62, 0xf8, 0x0b, 0x00, 0xe2, 0x0f, 0x00, 0x36, 0x78, 0xd3, 0xd2,
  0x11, 0x00, 0x00, 0x00, 0x00, 0x00, 0x00, 0x00, 0x00, 0xe2, 0x0f, 0x00,
  0x08, 0x78, 0xed, 0xed, 0xff, 0xff, 0x7f, 0xff, 0x00, 0x00, 0x80, 0x04,
  0x00, 0xe4, 0x0f, 0x00, 0x08, 0x78, 0xe0, 0xe0, 0xff, 0xff, 0x7f, 0xff,
  0x00, 0x00, 0x80, 0x06, 0x00, 0xc4, 0x0f, 0x00, 0x0c, 0x7c, 0x00, 0xd3,
  0x05, 0x00, 0x00, 0x00, 0x70, 0x62, 0xf6, 0x0b, 0x00, 0xe4, 0x0f, 0x00,
  0x10, 0x78, 0xd3, 0xd2, 0x18, 0x00, 0x00, 0x00, 0xff, 0xe0, 0xff, 0x07,
  0x00, 0xe4, 0x0f, 0x04, 0x08, 0x78, 0xef, 0xef, 0xff, 0xff, 0x7f, 0xff,
  0x00, 0x00, 0x80, 0x06, 0x00, 0xe4, 0x0f, 0x00, 0x0c, 0x7c, 0x00, 0xd3,
  0x05, 0x00, 0x00, 0x00, 0x70, 0x62, 0xfc, 0x0b, 0x00, 0xe2, 0x0f, 0x00,
  0x36, 0x78, 0xd3, 0xd2, 0x19, 0x00, 0x00, 0x00, 0x00, 0x00, 0x00, 0x00,
  0x00, 0xe2, 0x0f, 0x00, 0x08, 0x78, 0xe1, 0xe1, 0xff, 0xff, 0x7f, 0xff,
  0x00, 0x00, 0x00, 0x06, 0x00, 0xe4, 0x0f, 0x00, 0x08, 0x78, 0xea, 0xea,
  0xff, 0xff, 0x7f, 0xff, 0x00, 0x00, 0x00, 0x06, 0x00, 0xc4, 0x0f, 0x00,
  0x0c, 0x7c, 0x00, 0xd3, 0x05, 0x00, 0x00, 0x00, 0x70, 0x62, 0xf4, 0x0b,
  0x00, 0xe4, 0x0f, 0x00, 0x08, 0x78, 0xec, 0xec, 0xff, 0xff, 0x7f, 0xff,
  0x00, 0x00, 0x80, 0x05, 0x00, 0xe4, 0x0f, 0x00, 0x08, 0x78, 0xe4, 0xe4,
  0xff, 0xff, 0x7f, 0xff, 0x00, 0x00, 0x80, 0x05, 0x00, 0xe4, 0x0f, 0x00,
  0x08, 0x78, 0xee, 0xee, 0xff, 0xff, 0x7f, 0xff, 0x00, 0x00, 0x00, 0x07,
  0x00, 0xe4, 0x0f, 0x00, 0x08, 0x78, 0xeb, 0xeb, 0xff, 0xff, 0x7f, 0xff,
  0x00, 0x00, 0x00, 0x07, 0x00, 0xe4, 0x0f, 0x00, 0x08, 0x78, 0xf0, 0xf0,
  0xff, 0xff, 0x7f, 0xff, 0x00, 0x00, 0x00, 0x05, 0x00, 0xc4, 0x0f, 0x00,
  0x08, 0x78, 0xdf, 0xdf, 0xff, 0xff, 0x7f, 0xff, 0x00, 0x00, 0x00, 0x05,
  0x00, 0xce, 0x0f, 0x00, 0x47, 0x09, 0x6c, 0x00, 0x04, 0x00, 0x00, 0x00,
  0x00, 0x00, 0x80, 0x03, 0x00, 0xea, 0x0f, 0x00, 0x76, 0x72, 0xc0, 0xc2,
  0xc3, 0x00, 0x00, 0x00, 0xe6, 0x00, 0x81, 0x07, 0x00, 0xc8, 0x0f, 0x00,
  0x76, 0x72, 0xc1, 0xc0, 0xe0, 0x00, 0x00, 0x00, 0xe1, 0x00, 0x81, 0x07,
  0x00, 0xc8, 0x0f, 0x00, 0x76, 0x72, 0xc1, 0xc1, 0xec, 0x00, 0x00, 0x00,
  0xee, 0x00, 0x81, 0x07, 0x00, 0xc8, 0x0f, 0x00, 0x09, 0x72, 0xc1, 0xc1,
  0xf0, 0x00, 0x00, 0x00, 0x00, 0x00, 0x81, 0x07, 0x00, 0xca, 0x0f, 0x00,
  0x89, 0x7f, 0xc0, 0xc1, 0x00, 0x1f, 0x20, 0x0c, 0x00, 0x00, 0x0e, 0x00,
  0x00, 0x64, 0x0e, 0x00, 0x09, 0x72, 0xd6, 0xc1, 0xc0, 0x00, 0x00, 0x00,
  0x00, 0x00, 0x81, 0x07, 0x00, 0xe4, 0x2f, 0x00, 0x76, 0x72, 0xc0, 0xe5,
  0xde, 0x00, 0x00, 0x00, 0xed, 0x00, 0x81, 0x07, 0x00, 0xc6, 0x0f, 0x00,
  0x89, 0x7f, 0xd3, 0xd6, 0x00, 0x1f, 0x40, 0x0c, 0x00, 0x00, 0x0e, 0x00,
  0x00, 0x62, 0x0e, 0x00, 0x76, 0x72, 0xc0, 0xc0, 0xef, 0x00, 0x00, 0x00,
  0xea, 0x00, 0x81, 0x07, 0x00, 0xc8, 0x0f, 0x00, 0x76, 0x72, 0xc0, 0xc0,
  0xe4, 0x00, 0x00, 0x00, 0xeb, 0x00, 0x81, 0x07, 0x00, 0xc8, 0x0f, 0x00,
  0x09, 0x72, 0xc0, 0xc0, 0xdf, 0x00, 0x00, 0x00, 0x00, 0x00, 0x81, 0x07,
  0x00, 0xca, 0x0f, 0x00, 0x89, 0x7f, 0xd7, 0xc0, 0x00, 0x1f, 0x20, 0x0c,
  0x00, 0x00, 0x0e, 0x00, 0x00, 0xe2, 0x0e, 0x00, 0x09, 0x72, 0xd3, 0xd6,
  0xd3, 0x00, 0x00, 0x00, 0x00, 0x00, 0x81, 0x07, 0x00, 0xca, 0x2f, 0x00,
  0x21, 0x72, 0xc2, 0xd3, 0xc2, 0x00, 0x00, 0x00, 0x00, 0x01, 0x01, 0x00,
  0x00, 0xe2, 0x0f, 0x04, 0x21, 0x72, 0xc1, 0xd3, 0xc3, 0x00, 0x00, 0x00,
  0x00, 0x01, 0x01, 0x00, 0x00, 0xe2, 0x0f, 0x04, 0x21, 0x72, 0xe6, 0xd3,
  0xe6, 0x00, 0x00, 0x00, 0x00, 0x01, 0x01, 0x00, 0x00, 0xe2, 0x0f, 0x04,
  0x21, 0x72, 0xe1, 0xd3, 0xe1, 0x00, 0x00, 0x00, 0x00, 0x01, 0x01, 0x00,
  0x00, 0xe2, 0x0f, 0x04, 0x21, 0x72, 0xec, 0xd3, 0xec, 0x00, 0x00, 0x00,
  0x00, 0x01, 0x01, 0x00, 0x00, 0xe2, 0x0f, 0x00, 0x20, 0x78, 0xd8, 0xc2,
  0x3b, 0xaa, 0xb8, 0x3f, 0x00, 0x00, 0x41, 0x00, 0x00, 0xe2, 0x0f, 0x00,
  0x20, 0x78, 0xc1, 0xc1, 0x3b, 0xaa, 0xb8, 0x3f, 0x00, 0x00, 0x41, 0x00,
  0x00, 0xe2, 0x0f, 0x00, 0x20, 0x78, 0xc2, 0xe6, 0x3b, 0xaa, 0xb8, 0x3f,
  0x00, 0x00, 0x41, 0x00, 0x00, 0xe2, 0x0f, 0x00, 0x20, 0x78, 0xe7, 0xe1,
  0x3b, 0xaa, 0xb8, 0x3f, 0x00, 0x00, 0x41, 0x00, 0x00, 0xe2, 0x0f, 0x00,
  0x09, 0x72, 0xd7, 0xc0, 0xd7, 0x00, 0x00, 0x00, 0x00, 0x00, 0x81, 0x07,
  0x00, 0xe2, 0x8f, 0x00, 0x20, 0x78, 0xe6, 0xec, 0x3b, 0xaa, 0xb8, 0x3f,
  0x00, 0x00, 0x41, 0x00, 0x00, 0xe2, 0x0f, 0x00, 0x08, 0x73, 0xc3, 0x00,
  0xd8, 0x00, 0x00, 0x00, 0x00, 0x08, 0x00, 0x00, 0x00, 0xe2, 0x0f, 0x00,
  0x21, 0x72, 0xe0, 0xd3, 0xe0, 0x00, 0x00, 0x00, 0x00, 0x01, 0x01, 0x00,
  0x00, 0xe2, 0x0f, 0x04, 0x21, 0x72, 0xee, 0xd3, 0xee, 0x00, 0x00, 0x00,
  0x00, 0x01, 0x01, 0x00, 0x00, 0xe2, 0x0f, 0x04, 0x89, 0x7f, 0xd6, 0xd7,
  0x00, 0x1f, 0x40, 0x0c, 0x00, 0x00, 0x0e, 0x00, 0x00, 0x62, 0x0e, 0x00,
  0x21, 0x72, 0xf0, 0xd3, 0xf0, 0x00, 0x00, 0x00, 0x00, 0x01, 0x01, 0x00,
  0x00, 0xe2, 0x0f, 0x00, 0x20, 0x78, 0xe0, 0xe0, 0x3b, 0xaa, 0xb8, 0x3f,
  0x00, 0x00, 0x41, 0x00, 0x00, 0xe2, 0x0f, 0x00, 0x20, 0x78, 0xee, 0xee,
  0x3b, 0xaa, 0xb8, 0x3f, 0x00, 0x00, 0x41, 0x00, 0x00, 0xc4, 0x0f, 0x00,
  0x08, 0x73, 0xe8, 0x00, 0xc1, 0x00, 0x00, 0x00, 0x00, 0x08, 0x00, 0x00,
  0x00, 0xe2, 0x0e, 0x00, 0x20, 0x78, 0xf0, 0xf0, 0x3b, 0xaa, 0xb8, 0x3f,
  0x00, 0x00, 0x41, 0x00, 0x00, 0xce, 0x0f, 0x00, 0x08, 0x73, 0xe7, 0x00,
  0xe7, 0x00, 0x00, 0x00, 0x00, 0x08, 0x00, 0x00, 0x00, 0xf0, 0x0f, 0x00,
  0x08, 0x73, 0xe6, 0x00, 0xe6, 0x00, 0x00, 0x00, 0x00, 0x08, 0x00, 0x00,
  0x00, 0x22, 0x0f, 0x00, 0x21, 0x72, 0xc1, 0xc3, 0xe8, 0x00, 0x00, 0x00,
  0x00, 0x00, 0x01, 0x00, 0x00, 0xe2, 0x8f, 0x00, 0x09, 0x72, 0xd6, 0xd7,
  0xd6, 0x00, 0x00, 0x00, 0x00, 0x00, 0x81, 0x07, 0x00, 0xc6, 0x2f, 0x00,
  0x21, 0x72, 0xc1, 0xff, 0xc1, 0x00, 0x00, 0x00, 0x00, 0x00, 0x01, 0x00,
  0x00, 0xc6, 0x0f, 0x00, 0x08, 0x73, 0xc2, 0x00, 0xc2, 0x00, 0x00, 0x00,
  0x00, 0x08, 0x00, 0x00, 0x00, 0xe2, 0x0f, 0x00, 0x21, 0x72, 0xc0, 0xd6,
  0xed, 0x00, 0x00, 0x00, 0x00, 0x01, 0x01, 0x00, 0x00, 0xe2, 0x0f, 0x04,
  0x21, 0x72, 0xe5, 0xd6, 0xe5, 0x00, 0x00, 0x00, 0x00, 0x01, 0x01, 0x00,
  0x00, 0xe2, 0x0f, 0x04, 0x21, 0x72, 0xde, 0xd6, 0xde, 0x00, 0x00, 0x00,
  0x00, 0x01, 0x01, 0x00, 0x00, 0xe2, 0x0f, 0x04, 0x21, 0x72, 0xe4, 0xd6,
  0xe4, 0x00, 0x00, 0x00, 0x00, 0x01, 0x01, 0x00, 0x00, 0xe2, 0x0f, 0x00,
  0x20, 0x78, 0xc0, 0xc0, 0x3b, 0xaa, 0xb8, 0x3f, 0x00, 0x00, 0x41, 0x00,
  0x00, 0xe2, 0x0f, 0x00, 0x20, 0x78, 0xe5, 0xe5, 0x3b, 0xaa, 0xb8, 0x3f,
  0x00, 0x00, 0x41, 0x00, 0x00, 0xe2, 0x0f, 0x00, 0x20, 0x78, 0xde, 0xde,
  0x3b, 0xaa, 0xb8, 0x3f, 0x00, 0x00, 0x41, 0x00, 0x00, 0xe2, 0x0f, 0x00,
  0x08, 0x73, 0xe9, 0x00, 0xe0, 0x00, 0x00, 0x00, 0x00, 0x08, 0x00, 0x00,
  0x00, 0xe2, 0x0f, 0x00, 0x21, 0x72, 0xea, 0xd6, 0xea, 0x00, 0x00, 0x00,
  0x00, 0x01, 0x01, 0x00, 0x00, 0xe2, 0x0f, 0x00, 0x20, 0x78, 0xe4, 0xe4,
  0x3b, 0xaa, 0xb8, 0x3f, 0x00, 0x00, 0x41, 0x00, 0x00, 0xe2, 0x0f, 0x00,
  0x21, 0x72, 0xef, 0xd6, 0xef, 0x00, 0x00, 0x00, 0x00, 0x01, 0x01, 0x00,
  0x00, 0xe2, 0x0f, 0x04, 0x21, 0x72, 0xeb, 0xd6, 0xeb, 0x00, 0x00, 0x00,
  0x00, 0x01, 0x01, 0x00, 0x00, 0xe2, 0x0f, 0x00, 0x20, 0x78, 0xea, 0xea,
  0x3b, 0xaa, 0xb8, 0x3f, 0x00, 0x00, 0x41, 0x00, 0x00, 0xc4, 0x0f, 0x00,
  0x20, 0x78, 0xef, 0xef, 0x3b, 0xaa, 0xb8, 0x3f, 0x00, 0x00, 0x41, 0x00,
  0x00, 0xe2, 0x0f, 0x00, 0x08, 0x73, 0xe1, 0x00, 0xee, 0x00, 0x00, 0x00,
  0x00, 0x08, 0x00, 0x00, 0x00, 0xe2, 0x0f, 0x00, 0x20, 0x78, 0xeb, 0xeb,
  0x3b, 0xaa, 0xb8, 0x3f, 0x00, 0x00, 0x41, 0x00, 0x00, 0xce, 0x0f, 0x00,
  0x08, 0x73, 0xe0, 0x00, 0xf0, 0x00, 0x00, 0x00, 0x00, 0x08, 0x00, 0x00,
  0x00, 0x70, 0x0e, 0x00, 0x08, 0x73, 0xee, 0x00, 0xc0, 0x00, 0x00, 0x00,
  0x00, 0x08, 0x00, 0x00, 0x00, 0xf0, 0x09, 0x00, 0x08, 0x73, 0xec, 0x00,
  0xe5, 0x00, 0x00, 0x00, 0x00, 0x08, 0x00, 0x00, 0x00, 0xe2, 0x0f, 0x00,
  0x21, 0x72, 0xc0, 0xe7, 0xe6, 0x00, 0x00, 0x00, 0x00, 0x00, 0x01, 0x00,
  0x00, 0xe2, 0x0f, 0x01, 0x21, 0x72, 0xd8, 0xe1, 0xe0, 0x00, 0x00, 0x00,
  0x00, 0x00, 0x01, 0x00, 0x00, 0xc6, 0x2f, 0x00, 0x21, 0x72, 0xd7, 0xc1,
  0xc0, 0x00, 0x00, 0x00, 0x00, 0x00, 0x01, 0x00, 0x00, 0xe2, 0x0f, 0x00,
  0x21, 0x72, 0xc0, 0xd6, 0xdf, 0x00, 0x00, 0x00, 0x00, 0x01, 0x01, 0x00,
  0x00, 0xe2, 0x0f, 0x00, 0x21, 0x72, 0xc1, 0xc2, 0xe9, 0x00, 0x00, 0x00,
  0x00, 0x00, 0x01, 0x00, 0x00, 0xe2, 0x0f, 0x00, 0x08, 0x73, 0xed, 0x00,
  0xde, 0x00, 0x00, 0x00, 0x00, 0x08, 0x00, 0x00, 0x00, 0x64, 0x0e, 0x00,
  0x20, 0x78, 0xc0, 0xc0, 0x3b, 0xaa, 0xb8, 0x3f, 0x00, 0x00, 0x41, 0x00,
  0x00, 0xe2, 0x0f, 0x00, 0x21, 0x72, 0xc1, 0xff, 0xc1, 0x00, 0x00, 0x00,
  0x00, 0x00, 0x01, 0x00, 0x00, 0xc8, 0x0f, 0x00, 0x21, 0x72, 0xd8, 0xc1,
  0xd8, 0x00, 0x00, 0x00, 0x00, 0x00, 0x01, 0x00, 0x00, 0xe2, 0x0f, 0x00,
  0x08, 0x73, 0xe5, 0x00, 0xea, 0x00, 0x00, 0x00, 0x00, 0x08, 0x00, 0x00,
  0x00, 0xf0, 0x0f, 0x00, 0x08, 0x73, 0xe4, 0x00, 0xe4, 0x00, 0x00, 0x00,
  0x00, 0x08, 0x00, 0x00, 0x00, 0xe2, 0x0e, 0x00, 0x21, 0x72, 0xc1, 0xec,
  0xed, 0x00, 0x00, 0x00, 0x00, 0x00, 0x01, 0x00, 0x00, 0xc8, 0x2f, 0x00,
  0x21, 0x72, 0xc1, 0xff, 0xc1, 0x00, 0x00, 0x00, 0x00, 0x00, 0x01, 0x00,
  0x00, 0xc6, 0x0f, 0x00, 0x08, 0x73, 0xef, 0x00, 0xef, 0x00, 0x00, 0x00,
  0x00, 0x08, 0x00, 0x00, 0x00, 0x70, 0x0e, 0x00, 0x08, 0x73, 0xdf, 0x00,
  0xeb, 0x00, 0x00, 0x00, 0x00, 0x08, 0x00, 0x00, 0x00, 0xe2, 0x0f, 0x00,
  0x21, 0x72, 0xea, 0xe5, 0xe4, 0x00, 0x00, 0x00, 0x00, 0x00, 0x01, 0x00,
  0x00, 0xc8, 0x8f, 0x00, 0x21, 0x72, 0xea, 0xc1, 0xea, 0x00, 0x00, 0x00,
  0x00, 0x00, 0x01, 0x00, 0x00, 0xc6, 0x0f, 0x00, 0x08, 0x73, 0xde, 0x00,
  0xc0, 0x00, 0x00, 0x00, 0x00, 0x08, 0x00, 0x00, 0x00, 0xe2, 0x0e, 0x00,
  0x21, 0x72, 0xc1, 0xee, 0xef, 0x00, 0x00, 0x00, 0x00, 0x00, 0x01, 0x00,
  0x00, 0xc8, 0x2f, 0x00, 0x21, 0x72, 0xc1, 0xff, 0xc1, 0x00, 0x00, 0x00,
  0x00, 0x00, 0x01, 0x00, 0x00, 0xe2, 0x0f, 0x00, 0x21, 0x72, 0xf0, 0xdf,
  0xde, 0x00, 0x00, 0x00, 0x00, 0x00, 0x01, 0x00, 0x00, 0xc8, 0x8f, 0x00,
  0x21, 0x72, 0xeb, 0xc1, 0xf0, 0x00, 0x00, 0x00, 0x00, 0x00, 0x01, 0x00,
  0x00, 0xe2, 0x0f, 0x00, 0x21, 0x72, 0xc1, 0xd7, 0xd8, 0x00, 0x00, 0x00,
  0x00, 0x00, 0x01, 0x00, 0x00, 0xc6, 0x0f, 0x00, 0x21, 0x72, 0xea, 0xea,
  0xeb, 0x00, 0x00, 0x00, 0x00, 0x00, 0x01, 0x00, 0x00, 0xe4, 0x0f, 0x00,
  0x89, 0x7f, 0xc0, 0xc1, 0x00, 0x1f, 0x20, 0x0c, 0x00, 0x00, 0x0e, 0x00,
  0x00, 0x68, 0x0e, 0x00, 0x89, 0x7f, 0xd7, 0xea, 0x00, 0x1f, 0x20, 0x0c,
  0x00, 0x00, 0x0e, 0x00, 0x00, 0xe2, 0x0e, 0x00, 0x21, 0x72, 0xc0, 0xc1,
  0xc0, 0x00, 0x00, 0x00, 0x00, 0x00, 0x01, 0x00, 0x00, 0xe2, 0x2f, 0x00,
  0x21, 0x72, 0xeb, 0xea, 0xd7, 0x00, 0x00, 0x00, 0x00, 0x00, 0x01, 0x00,
  0x00, 0xc8, 0x8f, 0x00, 0x89, 0x7f, 0xd7, 0xc0, 0x00, 0x1f, 0x40, 0x0c,
  0x00, 0x00, 0x0e, 0x00, 0x00, 0x68, 0x0e, 0x00, 0x89, 0x7f, 0xd8, 0xeb,
  0x00, 0x1f, 0x40, 0x0c, 0x00, 0x00, 0x0e, 0x00, 0x00, 0xe2, 0x0e, 0x00,
  0x21, 0x72, 0xd7, 0xc0, 0xd7, 0x00, 0x00, 0x00, 0x00, 0x00, 0x01, 0x00,
  0x00, 0xe2, 0x2f, 0x00, 0x21, 0x72, 0xd8, 0xeb, 0xd8, 0x00, 0x00, 0x00,
  0x00, 0x00, 0x01, 0x00, 0x00, 0xe2, 0x8f, 0x00, 0x47, 0x79, 0x10, 0x00,
  0x08, 0x00, 0x00, 0x00, 0x00, 0x00, 0x80, 0x03, 0x00, 0xec, 0x0f, 0x00,
  0x76, 0x72, 0xd3, 0xc2, 0xc3, 0x00, 0x00, 0x00, 0xe6, 0x00, 0x81, 0x07,
  0x00, 0xc8, 0x0f, 0x00, 0x76, 0x72, 0xd3, 0xd3, 0xe0, 0x00, 0x00, 0x00,
  0xe1, 0x00, 0x81, 0x07, 0x00, 0xc8, 0x0f, 0x00, 0x76, 0x72, 0xd3, 0xd3,
  0xec, 0x00, 0x00, 0x00, 0xee, 0x00, 0x81, 0x07, 0x00, 0xc8, 0x0f, 0x00,
  0x09, 0x72, 0xe8, 0xd3, 0xf0, 0x00, 0x00, 0x00, 0x00, 0x00, 0x81, 0x07,
  0x00, 0xca, 0x0f, 0x00, 0x89, 0x7f, 0xd3, 0xe8, 0x00, 0x1f, 0x20, 0x0c,
  0x00, 0x00, 0x0e, 0x00, 0x00, 0x64, 0x0e, 0x00, 0x09, 0x72, 0xe7, 0xe8,
  0xd3, 0x00, 0x00, 0x00, 0x00, 0x00, 0x81, 0x07, 0x00, 0xe4, 0x2f, 0x00,
  0x76, 0x72, 0xd3, 0xe5, 0xde, 0x00, 0x00, 0x00, 0xed, 0x00, 0x81, 0x07,
  0x00, 0xc8, 0x0f, 0x00, 0x76, 0x72, 0xd6, 0xd3, 0xef, 0x00, 0x00, 0x00,
  0xea, 0x00, 0x81, 0x07, 0x00, 0xe4, 0x0f, 0x00, 0x89, 0x7f, 0xd3, 0xe7,
  0x00, 0x1f, 0x40, 0x0c, 0x00, 0x00, 0x0e, 0x00, 0x00, 0x64, 0x0e, 0x00,
  0x76, 0x72, 0xd6, 0xd6, 0xe4, 0x00, 0x00, 0x00, 0xeb, 0x00, 0x81, 0x07,
  0x00, 0xc8, 0x0f, 0x00, 0x09, 0x72, 0xf3, 0xd6, 0xdf, 0x00, 0x00, 0x00,
  0x00, 0x00, 0x81, 0x07, 0x00, 0xca, 0x0f, 0x00, 0x89, 0x7f, 0xd6, 0xf3,
  0x00, 0x1f, 0x20, 0x0c, 0x00, 0x00, 0x0e, 0x00, 0x00, 0xe2, 0x0e, 0x00,
  0x76, 0x72, 0xd3, 0xe7, 0xd3, 0x00, 0x00, 0x00, 0xc0, 0x00, 0x81, 0x07,
  0x00, 0xca, 0x2f, 0x00, 0x21, 0x72, 0xc2, 0xd3, 0xc2, 0x00, 0x00, 0x00,
  0x00, 0x01, 0x01, 0x00, 0x00, 0xe2, 0x0f, 0x04, 0x21, 0x72, 0xe6, 0xd3,
  0xe6, 0x00, 0x00, 0x00, 0x00, 0x01, 0x01, 0x00, 0x00, 0xe2, 0x0f, 0x04,
  0x21, 0x72, 0xe1, 0xd3, 0xe1, 0x00, 0x00, 0x00, 0x00, 0x01, 0x01, 0x00,
  0x00, 0xe2, 0x0f, 0x04, 0x21, 0x72, 0xec, 0xd3, 0xec, 0x00, 0x00, 0x00,
  0x00, 0x01, 0x01, 0x00, 0x00, 0xe2, 0x0f, 0x04, 0x20, 0x78, 0xe9, 0xc2,
  0x3b, 0xaa, 0xb8, 0x3f, 0x00, 0x00, 0x41, 0x00, 0x00, 0xe2, 0x0f, 0x00,
  0x21, 0x72, 0xc2, 0xd3, 0xc3, 0x00, 0x00, 0x00, 0x00, 0x01, 0x01, 0x00,
  0x00, 0xe2, 0x0f, 0x00, 0x09, 0x72, 0xd6, 0xf3, 0xd6, 0x00, 0x00, 0x00,
  0x00, 0x00, 0x81, 0x07, 0x00, 0xe2, 0x8f, 0x00, 0x20, 0x78, 0xe7, 0xe1,
  0x3b, 0xaa, 0xb8, 0x3f, 0x00, 0x00, 0x41, 0x00, 0x00, 0xe2, 0x0f, 0x00,
  0x08, 0x73, 0xc3, 0x00, 0xe9, 0x00, 0x00, 0x00, 0x00, 0x08, 0x00, 0x00,
  0x00, 0xe2, 0x0f, 0x00, 0x20, 0x78, 0xe8, 0xc2, 0x3b, 0xaa, 0xb8, 0x3f,
  0x00, 0x00, 0x41, 0x00, 0x00, 0xe2, 0x0f, 0x00, 0x20, 0x78, 0xc2, 0xe6,
  0x3b, 0xaa, 0xb8, 0x3f, 0x00, 0x00, 0x41, 0x00, 0x00, 0xe2, 0x0f, 0x00,
  0x89, 0x7f, 0xf1, 0xd6, 0x00, 0x1f, 0x40, 0x0c, 0x00, 0x00, 0x0e, 0x00,
  0x00, 0x62, 0x0e, 0x00, 0x20, 0x78, 0xe6, 0xec, 0x3b, 0xaa, 0xb8, 0x3f,
  0x00, 0x00, 0x41, 0x00, 0x00, 0xe2, 0x0f, 0x00, 0x21, 0x72, 0xe0, 0xd3,
  0xe0, 0x00, 0x00, 0x00, 0x00, 0x01, 0x01, 0x00, 0x00, 0xe2, 0x0f, 0x04,
  0x21, 0x72, 0xee, 0xd3, 0xee, 0x00, 0x00, 0x00, 0x00, 0x01, 0x01, 0x00,
  0x00, 0xe2, 0x0f, 0x04, 0x21, 0x72, 0xf0, 0xd3, 0xf0, 0x00, 0x00, 0x00,
  0x00, 0x01, 0x01, 0x00, 0x00, 0xe2, 0x0f, 0x04, 0x08, 0x73, 0xe8, 0x00,
  0xe8, 0x00, 0x00, 0x00, 0x00, 0x08, 0x00, 0x00, 0x00, 0xe2, 0x0e, 0x00,
  0x20, 0x78, 0xe0, 0xe0, 0x3b, 0xaa, 0xb8, 0x3f, 0x00, 0x00, 0x41, 0x00,
  0x00, 0xe2, 0x0f, 0x00, 0x20, 0x78, 0xee, 0xee, 0x3b, 0xaa, 0xb8, 0x3f,
  0x00, 0x00, 0x41, 0x00, 0x00, 0xe2, 0x0f, 0x00, 0x20, 0x78, 0xf0, 0xf0,
  0x3b, 0xaa, 0xb8, 0x3f, 0x00, 0x00, 0x41, 0x00, 0x00, 0xe2, 0x0f, 0x00,
  0x21, 0x72, 0xc0, 0xd3, 0xc0, 0x00, 0x00, 0x00, 0x00, 0x01, 0x01, 0x00,
  0x00, 0xc8, 0x0f, 0x00, 0x08, 0x73, 0xe7, 0x00, 0xe7, 0x00, 0x00, 0x00,
  0x00, 0x08, 0x00, 0x00, 0x00, 0xe2, 0x0f, 0x00, 0x20, 0x78, 0xc0, 0xc0,
  0x3b, 0xaa, 0xb8, 0x3f, 0x00, 0x00, 0x41, 0x00, 0x00, 0xce, 0x0f, 0x00,
  0x08, 0x73, 0xe6, 0x00, 0xe6, 0x00, 0x00, 0x00, 0x00, 0x08, 0x00, 0x00,
  0x00, 0xe2, 0x0f, 0x00, 0x76, 0x72, 0xd6, 0xd6, 0xf1, 0x00, 0x00, 0x00,
  0xc1, 0x00, 0x81, 0x07, 0x00, 0xca, 0x2f, 0x00, 0x21, 0x72, 0xde, 0xd6,
  0xde, 0x00, 0x00, 0x00, 0x00, 0x01, 0x01, 0x00, 0x00, 0xe2, 0x0f, 0x04,
  0x21, 0x72, 0xf1, 0xd6, 0xed, 0x00, 0x00, 0x00, 0x00, 0x01, 0x01, 0x00,
  0x00, 0xe2, 0x0f, 0x04, 0x08, 0x73, 0xc2, 0x00, 0xc2, 0x00, 0x00, 0x00,
  0x00, 0x08, 0x00, 0x00, 0x00, 0xe2, 0x0f, 0x00, 0x21, 0x72, 0xe5, 0xd6,
  0xe5, 0x00, 0x00, 0x00, 0x00, 0x01, 0x01, 0x00, 0x00, 0xe2, 0x0f, 0x00,
  0x20, 0x78, 0xde, 0xde, 0x3b, 0xaa, 0xb8, 0x3f, 0x00, 0x00, 0x41, 0x00,
  0x00, 0xe2, 0x0f, 0x00, 0x20, 0x78, 0xf1, 0xf1, 0x3b, 0xaa, 0xb8, 0x3f,
  0x00, 0x00, 0x41, 0x00, 0x00, 0xe2, 0x0f, 0x00, 0x21, 0x72, 0xe4, 0xd6,
  0xe4, 0x00, 0x00, 0x00, 0x00, 0x01, 0x01, 0x00, 0x00, 0xe2, 0x0f, 0x04,
  0x20, 0x78, 0xe5, 0xe5, 0x3b, 0xaa, 0xb8, 0x3f, 0x00, 0x00, 0x41, 0x00,
  0x00, 0xe2, 0x0f, 0x00, 0x21, 0x72, 0xea, 0xd6, 0xea, 0x00, 0x00, 0x00,
  0x00, 0x01, 0x01, 0x00, 0x00, 0xe2, 0x0f, 0x04, 0x21, 0x72, 0xef, 0xd6,
  0xef, 0x00, 0x00, 0x00, 0x00, 0x01, 0x01, 0x00, 0x00, 0xe2, 0x0f, 0x00,
  0x08, 0x73, 0xe9, 0x00, 0xe0, 0x00, 0x00, 0x00, 0x00, 0x08, 0x00, 0x00,
  0x00, 0x62, 0x0e, 0x00, 0x20, 0x78, 0xe4, 0xe4, 0x3b, 0xaa, 0xb8, 0x3f,
  0x00, 0x00, 0x41, 0x00, 0x00, 0xe2, 0x0f, 0x00, 0x20, 0x78, 0xea, 0xea,
  0x3b, 0xaa, 0xb8, 0x3f, 0x00, 0x00, 0x41, 0x00, 0x00, 0xe2, 0x0f, 0x00,
  0x20, 0x78, 0xef, 0xef, 0x3b, 0xaa, 0xb8, 0x3f, 0x00, 0x00, 0x41, 0x00,
  0x00, 0xe2, 0x0f, 0x00, 0x21, 0x72, 0xeb, 0xd6, 0xeb, 0x00, 0x00, 0x00,
  0x00, 0x01, 0x01, 0x00, 0x00, 0xe2, 0x0f, 0x04, 0x21, 0x72, 0xc1, 0xd6,
  0xc1, 0x00, 0x00, 0x00, 0x00, 0x01, 0x01, 0x00, 0x00, 0xc6, 0x0f, 0x00,
  0x08, 0x73, 0xed, 0x00, 0xde, 0x00, 0x00, 0x00, 0x00, 0x08, 0x00, 0x00,
  0x00, 0xe2, 0x07, 0x00, 0x20, 0x78, 0xeb, 0xeb, 0x3b, 0xaa, 0xb8, 0x3f,
  0x00, 0x00, 0x41, 0x00, 0x00, 0xce, 0x0f, 0x00, 0x08, 0x73, 0xe1, 0x00,
  0xee, 0x00, 0x00, 0x00, 0x00, 0x08, 0x00, 0x00, 0x00, 0xe2, 0x0f, 0x00,
  0x21, 0x72, 0xde, 0xc3, 0xe8, 0x00, 0x00, 0x00, 0x00, 0x00, 0x01, 0x00,
  0x00, 0xc8, 0x8f, 0x00, 0x21, 0x72, 0xde, 0xff, 0xde, 0x00, 0x00, 0x00,
  0x00, 0x00, 0x01, 0x00, 0x00, 0xc6, 0x0f, 0x00, 0x08, 0x73, 0xe0, 0x00,
  0xf0, 0x00, 0x00, 0x00, 0x00, 0x08, 0x00, 0x00, 0x00, 0xf0, 0x02, 0x00,
  0x08, 0x73, 0xee, 0x00, 0xf1, 0x00, 0x00, 0x00, 0x00, 0x08, 0x00, 0x00,
  0x00, 0xe2, 0x09, 0x00, 0x21, 0x72, 0xf0, 0xc2, 0xe9, 0x00, 0x00, 0x00,
  0x00, 0x00, 0x01, 0x00, 0x00, 0xc8, 0x2f, 0x00, 0x21, 0x72, 0xf0, 0xff,
  0xf0, 0x00, 0x00, 0x00, 0x00, 0x00, 0x01, 0x00, 0x00, 0xc6, 0x0f, 0x00,
  0x08, 0x73, 0xec, 0x00, 0xe5, 0x00, 0x00, 0x00, 0x00, 0x08, 0x00, 0x00,
  0x00, 0x62, 0x0e, 0x00, 0x21, 0x72, 0xf1, 0xe7, 0xe6, 0x00, 0x00, 0x00,
  0x00, 0x00, 0x01, 0x00, 0x00, 0xe2, 0x0f, 0x01, 0x21, 0x72, 0xf3, 0xe1,
  0xe0, 0x00, 0x00, 0x00, 0x00, 0x00, 0x01, 0x00, 0x00, 0xc6, 0x8f, 0x00,
  0x21, 0x72, 0xf1, 0xde, 0xf1, 0x00, 0x00, 0x00, 0x00, 0x00, 0x01, 0x00,
  0x00, 0xe2, 0x0f, 0x00, 0x21, 0x72, 0xde, 0xd6, 0xdf, 0x00, 0x00, 0x00,
  0x00, 0x01, 0x01, 0x00, 0x00, 0xe2, 0x0f, 0x00, 0x21, 0x72, 0xf0, 0xf0,
  0xf3, 0x00, 0x00, 0x00, 0x00, 0x00, 0x01, 0x00, 0x00, 0xe2, 0x0f, 0x00,
  0x08, 0x73, 0xe5, 0x00, 0xea, 0x00, 0x00, 0x00, 0x00, 0x08, 0x00, 0x00,
  0x00, 0xe4, 0x03, 0x00, 0x20, 0x78, 0xde, 0xde, 0x3b, 0xaa, 0xb8, 0x3f,
  0x00, 0x00, 0x41, 0x00, 0x00, 0xe2, 0x0f, 0x00, 0x21, 0x72, 0xf0, 0xf1,
  0xf0, 0x00, 0x00, 0x00, 0x00, 0x00, 0x01, 0x00, 0x00, 0xca, 0x0f, 0x00,
  0x08, 0x73, 0xe4, 0x00, 0xe4, 0x00, 0x00, 0x00, 0x00, 0x08, 0x00, 0x00,
  0x00, 0xe2, 0x0e, 0x00, 0x21, 0x72, 0xea, 0xec, 0xed, 0x00, 0x00, 0x00,
  0x00, 0x00, 0x01, 0x00, 0x00, 0xc8, 0x2f, 0x00, 0x21, 0x72, 0xea, 0xff,
  0xea, 0x00, 0x00, 0x00, 0x00, 0x00, 0x01, 0x00, 0x00, 0xc6, 0x0f, 0x00,
  0x08, 0x73, 0xef, 0x00, 0xef, 0x00, 0x00, 0x00, 0x00, 0x08, 0x00, 0x00,
  0x00, 0x70, 0x0e, 0x00, 0x08, 0x73, 0xdf, 0x00, 0xeb, 0x00, 0x00, 0x00,
  0x00, 0x08, 0x00, 0x00, 0x00, 0xe2, 0x0f, 0x00, 0x21, 0x72, 0xf1, 0xe5,
  0xe4, 0x00, 0x00, 0x00, 0x00, 0x00, 0x01, 0x00, 0x00, 0xc8, 0x8f, 0x00,
  0x21, 0x72, 0xf1, 0xea, 0xf1, 0x00, 0x00, 0x00, 0x00, 0x00, 0x01, 0x00,
  0x00, 0xc6, 0x0f, 0x00, 0x08, 0x73, 0xde, 0x00, 0xde, 0x00, 0x00, 0x00,
  0x00, 0x08, 0x00, 0x00, 0x00, 0xe2, 0x0e, 0x00, 0x21, 0x72, 0xea, 0xee,
  0xef, 0x00, 0x00, 0x00, 0x00, 0x00, 0x01, 0x00, 0x00, 0xc8, 0x2f, 0x00,
  0x21, 0x72, 0xea, 0xff, 0xea, 0x00, 0x00, 0x00, 0x00, 0x00, 0x01, 0x00,
  0x00, 0xc6, 0x0f, 0x00, 0x08, 0x73, 0xc0, 0x00, 0xc0, 0x00, 0x00, 0x00,
  0x00, 0x08, 0x00, 0x00, 0x00, 0x62, 0x0e, 0x00, 0x21, 0x72, 0xeb, 0xdf,
  0xde, 0x00, 0x00, 0x00, 0x00, 0x00, 0x01, 0x00, 0x00, 0xc8, 0x8f, 0x00,
  0x21, 0x72, 0xea, 0xea, 0xeb, 0x00, 0x00, 0x00, 0x00, 0x00, 0x01, 0x00,
  0x00, 0xe4, 0x0f, 0x00, 0x89, 0x7f, 0xeb, 0xf0, 0x00, 0x1f, 0x20, 0x0c,
  0x00, 0x00, 0x0e, 0x00, 0x00, 0xe4, 0x0e, 0x00, 0x21, 0x72, 0xf1, 0xf1,
  0xea, 0x00, 0x00, 0x00, 0x00, 0x00, 0x01, 0x00, 0x00, 0xca, 0x0f, 0x00,
  0x89, 0x7f, 0xea, 0xf1, 0x00, 0x1f, 0x20, 0x0c, 0x00, 0x00, 0x0e, 0x00,
  0x00, 0x22, 0x0f, 0x00, 0x21, 0x72, 0xf2, 0xf0, 0xeb, 0x00, 0x00, 0x00,
  0x00, 0x00, 0x01, 0x00, 0x00, 0xca, 0x8f, 0x00, 0x89, 0x7f, 0xf3, 0xf2,
  0x00, 0x1f, 0x40, 0x0c, 0x00, 0x00, 0x0e, 0x00, 0x00, 0xe2, 0x0e, 0x00,
  0x21, 0x72, 0xf4, 0xf1, 0xea, 0x00, 0x00, 0x00, 0x00, 0x00, 0x01, 0x00,
  0x00, 0xe2, 0x0f, 0x01, 0x20, 0x78, 0xea, 0xc1, 0x3b, 0xaa, 0xb8, 0x3f,
  0x00, 0x00, 0x41, 0x00, 0x00, 0xe2, 0x0f, 0x00, 0x3e, 0x72, 0xc1, 0xc0,
  0xc0, 0x00, 0x00, 0x00, 0xff, 0x00, 0x00, 0x00, 0x00, 0xc6, 0x2f, 0x00,
  0x89, 0x7f, 0xf5, 0xf4, 0x00, 0x1f, 0x40, 0x0c, 0x00, 0x00, 0x0e, 0x00,
  0x00, 0x62, 0x0e, 0x00, 0x08, 0x73, 0xeb, 0x00, 0xea, 0x00, 0x00, 0x00,
  0x00, 0x08, 0x00, 0x00, 0x00, 0x22, 0x0f, 0x00, 0x32, 0x72, 0xce, 0xc1,
  0xce, 0x00, 0x00, 0x00, 0x00, 0x00, 0x00, 0x00, 0x00, 0xe4, 0x0f, 0x04,
  0x32, 0x72, 0xcc, 0xc1, 0xcc, 0x00, 0x00, 0x00, 0x00, 0x00, 0x00, 0x00,
  0x00, 0xe4, 0x0f, 0x04, 0x32, 0x72, 0xca, 0xc1, 0xca, 0x00, 0x00, 0x00,
  0x00, 0x00, 0x00, 0x00, 0x00, 0xe4, 0x0f, 0x04, 0x32, 0x72, 0xc8, 0xc1,
  0xc8, 0x00, 0x00, 0x00, 0x00, 0x00, 0x00, 0x00, 0x00, 0xe4, 0x0f, 0x04,
  0x32, 0x72, 0xc6, 0xc1, 0xc6, 0x00, 0x00, 0x00, 0x00, 0x00, 0x00, 0x00,
  0x00, 0xc4, 0x0f, 0x00, 0x32, 0x72, 0xc4, 0xc1, 0xc4, 0x00, 0x00, 0x00,
  0x00, 0x00, 0x00, 0x00, 0x00, 0xe4, 0x0f, 0x04, 0x32, 0x72, 0x1e, 0xc1,
  0x1e, 0x00, 0x00, 0x00, 0x00, 0x00, 0x00, 0x00, 0x00, 0xe4, 0x0f, 0x04,
  0x32, 0x72, 0x1c, 0xc1, 0x1c, 0x00, 0x00, 0x00, 0x00, 0x00, 0x00, 0x00,
  0x00, 0xe4, 0x0f, 0x04, 0x21, 0x72, 0xf3, 0xf2, 0xf3, 0x00, 0x00, 0x00,
  0x00, 0x00, 0x01, 0x00, 0x00, 0xe2, 0x8f, 0x00, 0x32, 0x72, 0x1a, 0xc1,
  0x1a, 0x00, 0x00, 0x00, 0x00, 0x00, 0x00, 0x00, 0x00, 0xe4, 0x0f, 0x04,
  0x32, 0x72, 0x18, 0xc1, 0x18, 0x00, 0x00, 0x00, 0x00, 0x00, 0x00, 0x00,
  0x00, 0xe4, 0x0f, 0x04, 0x23, 0x72, 0xd7, 0xc0, 0xd7, 0x00, 0x00, 0x00,
  0xf3, 0x00, 0x01, 0x00, 0x00, 0xe2, 0x0f, 0x00, 0x32, 0x72, 0x16, 0xc1,
  0x16, 0x00, 0x00, 0x00, 0x00, 0x00, 0x00, 0x00, 0x00, 0xc4, 0x0f, 0x00,
  0x21, 0x72, 0xf0, 0xf4, 0xf5, 0x00, 0x00, 0x00, 0x00, 0x00, 0x01, 0x00,
  0x00, 0xe2, 0x2f, 0x00, 0x32, 0x72, 0x14, 0xc1, 0x14, 0x00, 0x00, 0x00,
  0x00, 0x00, 0x00, 0x00, 0x00, 0xe4, 0x0f, 0x04, 0x32, 0x72, 0x12, 0xc1,
  0x12, 0x00, 0x00, 0x00, 0x00, 0x00, 0x00, 0x00, 0x00, 0xe4, 0x0f, 0x04,
  0x23, 0x72, 0xd8, 0xeb, 0xd8, 0x00, 0x00, 0x00, 0xf0, 0x00, 0x01, 0x00,
  0x00, 0xe2, 0x0f, 0x05, 0x3e, 0x72, 0xeb, 0xeb, 0xeb, 0x00, 0x00, 0x00,
  0xff, 0x00, 0x00, 0x00, 0x00, 0xe2, 0x0f, 0x00, 0x32, 0x72, 0x10, 0xc1,
  0x10, 0x00, 0x00, 0x00, 0x00, 0x00, 0x00, 0x00, 0x00, 0xe4, 0x0f, 0x04,
  0x32, 0x72, 0x0e, 0xc1, 0x0e, 0x00, 0x00, 0x00, 0x00, 0x00, 0x00, 0x00,
  0x00, 0xe4, 0x0f, 0x04, 0x32, 0x72, 0xd0, 0xc1, 0xd0, 0x00, 0x00, 0x00,
  0x00, 0x00, 0x00, 0x00, 0x00, 0xc4, 0x0f, 0x00, 0x32, 0x72, 0xcf, 0xeb,
  0xcf, 0x00, 0x00, 0x00, 0x00, 0x00, 0x00, 0x00, 0x00, 0xe4, 0x0f, 0x04,
  0x32, 0x72, 0xcd, 0xeb, 0xcd, 0x00, 0x00, 0x00, 0x00, 0x00, 0x00, 0x00,
  0x00, 0xe4, 0x0f, 0x04, 0x32, 0x72, 0xcb, 0xeb, 0xcb, 0x00, 0x00, 0x00,
  0x00, 0x00, 0x00, 0x00, 0x00, 0xe4, 0x0f, 0x04, 0x32, 0x72, 0xc9, 0xeb,
  0xc9, 0x00, 0x00, 0x00, 0x00, 0x00, 0x00, 0x00, 0x00, 0xe4, 0x0f, 0x04,
  0x32, 0x72, 0xc7, 0xeb, 0xc7, 0x00, 0x00, 0x00, 0x00, 0x00, 0x00, 0x00,
  0x00, 0xe4, 0x0f, 0x04, 0x32, 0x72, 0xc5, 0xeb, 0xc5, 0x00, 0x00, 0x00,
  0x00, 0x00, 0x00, 0x00, 0x00, 0xc4, 0x0f, 0x00, 0x32, 0x72, 0x1f, 0xeb,
  0x1f, 0x00, 0x00, 0x00, 0x00, 0x00, 0x00, 0x00, 0x00, 0xe4, 0x0f, 0x04,
  0x32, 0x72, 0x1d, 0xeb, 0x1d, 0x00, 0x00, 0x00, 0x00, 0x00, 0x00, 0x00,
  0x00, 0xe4, 0x0f, 0x04, 0x32, 0x72, 0x1b, 0xeb, 0x1b, 0x00, 0x00, 0x00,
  0x00, 0x00, 0x00, 0x00, 0x00, 0xe4, 0x0f, 0x04, 0x32, 0x72, 0x19, 0xeb,
  0x19, 0x00, 0x00, 0x00, 0x00, 0x00, 0x00, 0x00, 0x00, 0xe4, 0x0f, 0x04,
  0x32, 0x72, 0x17, 0xeb, 0x17, 0x00, 0x00, 0x00, 0x00, 0x00, 0x00, 0x00,
  0x00, 0xe4, 0x0f, 0x04, 0x32, 0x72, 0x15, 0xeb, 0x15, 0x00, 0x00, 0x00,
  0x00, 0x00, 0x00, 0x00, 0x00, 0xc4, 0x0f, 0x00, 0x32, 0x72, 0x13, 0xeb,
  0x13, 0x00, 0x00, 0x00, 0x00, 0x00, 0x00, 0x00, 0x00, 0xe4, 0x0f, 0x04,
  0x32, 0x72, 0x11, 0xeb, 0x11, 0x00, 0x00, 0x00, 0x00, 0x00, 0x00, 0x00,
  0x00, 0xe4, 0x0f, 0x04, 0x32, 0x72, 0x0f, 0xeb, 0x0f, 0x00, 0x00, 0x00,
  0x00, 0x00, 0x00, 0x00, 0x00, 0xe4, 0x0f, 0x04, 0x32, 0x72, 0xd1, 0xeb,
  0xd1, 0x00, 0x00, 0x00, 0x00, 0x00, 0x00, 0x00, 0x00, 0xce, 0x0f, 0x00,
  0x1c, 0x78, 0x08, 0x00, 0x00, 0x00, 0x00, 0x00, 0x28, 0xf0, 0xf0, 0x03,
  0x00, 0xe4, 0x0f, 0x00, 0x3e, 0x72, 0xc0, 0xe8, 0xc3, 0x00, 0x00, 0x00,
  0xff, 0x00, 0x00, 0x00, 0x00, 0xe4, 0x0f, 0x00, 0x3e, 0x72, 0xc1, 0xed,
  0xec, 0x00, 0x00, 0x00, 0xff, 0x00, 0x00, 0x00, 0x00, 0xe4, 0x0f, 0x00,
  0x3e, 0x72, 0xc2, 0xe9, 0xc2, 0x00, 0x00, 0x00, 0xff, 0x00, 0x00, 0x00,
  0x00, 0xe4, 0x0f, 0x00, 0x3e, 0x72, 0xc3, 0xef, 0xee, 0x00, 0x00, 0x00,
  0xff, 0x00, 0x00, 0x00, 0x00, 0xca, 0x0f, 0x00, 0x47, 0x09, 0x48, 0x00,
  0x00, 0x00, 0x00, 0x00, 0x00, 0x00, 0x80, 0x03, 0x00, 0xea, 0x0f, 0x00,
  0x1a, 0x79, 0x00, 0x00, 0x00, 0x80, 0x00, 0x00, 0x00, 0x00, 0x00, 0x00,
  0x00, 0xc8, 0x0f, 0x00, 0x1d, 0x7b, 0x00, 0x00, 0x00, 0x00, 0x00, 0x00,
  0x00, 0x00, 0x01, 0x00, 0x00, 0xec, 0x0f, 0x00, 0x3b, 0x78, 0x40, 0xdb,
  0x0b, 0x00, 0x00, 0x00, 0x00, 0x02, 0x00, 0x08, 0x00, 0xe8, 0x02, 0x00,
  0x3b, 0x78, 0x44, 0xdb, 0x0b, 0x00, 0x10, 0x00, 0x00, 0x02, 0x00, 0x08,
  0x00, 0x28, 0x03, 0x00, 0x3b, 0x78, 0x48, 0xda, 0x0b, 0x00, 0x00, 0x00,
  0x00, 0x02, 0x00, 0x08, 0x00, 0xa8, 0x02, 0x00, 0x3b, 0x78, 0x4c, 0xda,
  0x0b, 0x00, 0x10, 0x00, 0x00, 0x02, 0x00, 0x08, 0x00, 0x68, 0x02, 0x00,
  0x3b, 0x78, 0x50, 0xd9, 0x0b, 0x00, 0x00, 0x00, 0x00, 0x02, 0x00, 0x08,
  0x00, 0x68, 0x02, 0x00, 0x3b, 0x78, 0x54, 0xd9, 0x0b, 0x00, 0x10, 0x00,
  0x00, 0x02, 0x00, 0x08, 0x00, 0x68, 0x02, 0x00, 0x3b, 0x78, 0x58, 0x0a,
  0x0b, 0x00, 0x00, 0x00, 0x00, 0x02, 0x00, 0x08, 0x00, 0x68, 0x02, 0x00,
  0x3b, 0x78, 0x5c, 0x0a, 0x0b, 0x00, 0x10, 0x00, 0x00, 0x02, 0x00, 0x08,
  0x00, 0x68, 0x02, 0x00, 0x3b, 0x78, 0x60, 0xdb, 0x0b, 0x80, 0x00, 0x00,
  0x00, 0x02, 0x00, 0x08, 0x00, 0x68, 0x02, 0x00, 0x3b, 0x78, 0x64, 0xdb,
  0x0b, 0x80, 0x10, 0x00, 0x00, 0x02, 0x00, 0x08, 0x00, 0x68, 0x02, 0x00,
  0x3b, 0x78, 0x68, 0x0b, 0x0b, 0x00, 0x00, 0x00, 0x00, 0x02, 0x00, 0x08,
  0x00, 0x68, 0x02, 0x00, 0x3b, 0x78, 0x6c, 0x0b, 0x0b, 0x00, 0x10, 0x00,
  0x00, 0x02, 0x00, 0x08, 0x00, 0x68, 0x02, 0x00, 0x3b, 0x78, 0x70, 0x0c,
  0x0b, 0x00, 0x00, 0x00, 0x00, 0x02, 0x00, 0x08, 0x00, 0x68, 0x02, 0x00,
  0x3b, 0x78, 0x74, 0x0c, 0x0b, 0x00, 0x10, 0x00, 0x00, 0x02, 0x00, 0x08,
  0x00, 0x68, 0x02, 0x00, 0x3b, 0x78, 0x78, 0x0d, 0x0b, 0x00, 0x00, 0x00,
  0x00, 0x02, 0x00, 0x08, 0x00, 0x68, 0x02, 0x00, 0x3b, 0x78, 0x7c, 0x0d,
  0x0b, 0x00, 0x10, 0x00, 0x00, 0x02, 0x00, 0x08, 0x00, 0x64, 0xc2, 0x01,
  0x3c, 0x72, 0xce, 0xc0, 0x80, 0x00, 0x00, 0x00, 0xce, 0x08, 0x00, 0x00,
  0x00, 0xe2, 0x0f, 0x00, 0x8c, 0x72, 0x00, 0x11, 0x09, 0x00, 0x00, 0x00,
  0x70, 0x62, 0xf0, 0x0b, 0x00, 0xcc, 0x0f, 0x00, 0x1c, 0x78, 0x08, 0x00,
  0x00, 0x00, 0x00, 0x00, 0x08, 0xf0, 0xf0, 0x03, 0x00, 0xe2, 0x0f, 0x00,
  0x3c, 0x72, 0xcc, 0xc0, 0x82, 0x00, 0x00, 0x00, 0xcc, 0x08, 0x00, 0x00,
  0x00, 0xf0, 0x0f, 0x04, 0x3c, 0x72, 0xca, 0xc0, 0x84, 0x00, 0x00, 0x00,
  0xca, 0x08, 0x00, 0x00, 0x00, 0xf0, 0x0f, 0x04, 0x3c, 0x72, 0xc8, 0xc0,
  0x86, 0x00, 0x00, 0x00, 0xc8, 0x08, 0x00, 0x00, 0x00, 0xf0, 0x0f, 0x04,
  0x3c, 0x72, 0xc6, 0xc0, 0x88, 0x00, 0x00, 0x00, 0xc6, 0x08, 0x00, 0x00,
  0x00, 0xf0, 0x0f, 0x04, 0x3c, 0x72, 0xc4, 0xc0, 0x8a, 0x00, 0x00, 0x00,
  0xc4, 0x08, 0x00, 0x00, 0x00, 0xf0, 0x0f, 0x04, 0x3c, 0x72, 0x1e, 0xc0,
  0x8c, 0x00, 0x00, 0x00, 0x1e, 0x08, 0x00, 0x00, 0x00, 0xf0, 0x0f, 0x04,
  0x3c, 0x72, 0x1c, 0xc0, 0x8e, 0x00, 0x00, 0x00, 0x1c, 0x08, 0x00, 0x00,
  0x00, 0xf0, 0x0f, 0x04, 0x3c, 0x72, 0x1a, 0xc0, 0x90, 0x00, 0x00, 0x00,
  0x1a, 0x08, 0x00, 0x00, 0x00, 0xf0, 0x0f, 0x04, 0x3c, 0x72, 0x18, 0xc0,
  0x92, 0x00, 0x00, 0x00, 0x18, 0x08, 0x00, 0x00, 0x00, 0xf0, 0x0f, 0x04,
  0x3c, 0x72, 0x16, 0xc0, 0x94, 0x00, 0x00, 0x00, 0x16, 0x08, 0x00, 0x00,
  0x00, 0xf0, 0x0f, 0x04, 0x3c, 0x72, 0x14, 0xc0, 0x96, 0x00, 0x00, 0x00,
  0x14, 0x08, 0x00, 0x00, 0x00, 0xf0, 0x0f, 0x04, 0x3c, 0x72, 0x12, 0xc0,
  0x98, 0x00, 0x00, 0x00, 0x12, 0x08, 0x00, 0x00, 0x00, 0xf0, 0x0f, 0x04,
  0x3c, 0x72, 0x10, 0xc0, 0x9a, 0x00, 0x00, 0x00, 0x10, 0x08, 0x00, 0x00,
  0x00, 0xf0, 0x0f, 0x04, 0x3c, 0x72, 0x0e, 0xc0, 0x9c, 0x00, 0x00, 0x00,
  0x0e, 0x08, 0x00, 0x00, 0x00, 0xf0, 0x0f, 0x04, 0x3c, 0x72, 0xd0, 0xc0,
  0x9e, 0x00, 0x00, 0x00, 0xd0, 0x08, 0x00, 0x00, 0x00, 0xe2, 0x0f, 0x00,
  0x3e, 0x72, 0xc0, 0xe6, 0xe7, 0x00, 0x00, 0x00, 0xff, 0x00, 0x00, 0x00,
  0x00, 0xc4, 0x0f, 0x00, 0x3e, 0x72, 0xc1, 0xe4, 0xe5, 0x00, 0x00, 0x00,
  0xff, 0x00, 0x00, 0x00, 0x00, 0xe4, 0x0f, 0x00, 0x3e, 0x72, 0xc2, 0xe0,
  0xe1, 0x00, 0x00, 0x00, 0xff, 0x00, 0x00, 0x00, 0x00, 0xe4, 0x0f, 0x00,
  0x3e, 0x72, 0xc3, 0xde, 0xdf, 0x00, 0x00, 0x00, 0xff, 0x00, 0x00, 0x00,
  0x00, 0xce, 0x0f, 0x00, 0x3c, 0x72, 0xce, 0xc0, 0xa0, 0x00, 0x00, 0x00,
  0xce, 0x08, 0x00, 0x00, 0x00, 0xf0, 0x0f, 0x04, 0x3c, 0x72, 0xcc, 0xc0,
  0xa2, 0x00, 0x00, 0x00, 0xcc, 0x08, 0x00, 0x00, 0x00, 0xf0, 0x0f, 0x04,
  0x3c, 0x72, 0xca, 0xc0, 0xa4, 0x00, 0x00, 0x00, 0xca, 0x08, 0x00, 0x00,
  0x00, 0xf0, 0x0f, 0x04, 0x3c, 0x72, 0xc8, 0xc0, 0xa6, 0x00, 0x00, 0x00,
  0xc8, 0x08, 0x00, 0x00, 0x00, 0xf0, 0x0f, 0x04, 0x3c, 0x72, 0xc6, 0xc0,
  0xa8, 0x00, 0x00, 0x00, 0xc6, 0x08, 0x00, 0x00, 0x00, 0xf0, 0x0f, 0x04,
  0x3c, 0x72, 0xc4, 0xc0, 0xaa, 0x00, 0x00, 0x00, 0xc4, 0x08, 0x00, 0x00,
  0x00, 0xf0, 0x0f, 0x04, 0x3c, 0x72, 0x1e, 0xc0, 0xac, 0x00, 0x00, 0x00,
  0x1e, 0x08, 0x00, 0x00, 0x00, 0xf0, 0x0f, 0x04, 0x3c, 0x72, 0x1c, 0xc0,
  0xae, 0x00, 0x00, 0x00, 0x1c, 0x08, 0x00, 0x00, 0x00, 0xf0, 0x0f, 0x04,
  0x3c, 0x72, 0x1a, 0xc0, 0xb0, 0x00, 0x00, 0x00, 0x1a, 0x08, 0x00, 0x00,
  0x00, 0xf0, 0x0f, 0x04, 0x3c, 0x72, 0x18, 0xc0, 0xb2, 0x00, 0x00, 0x00,
  0x18, 0x08, 0x00, 0x00, 0x00, 0xf0, 0x0f, 0x04, 0x3c, 0x72, 0x16, 0xc0,
  0xb4, 0x00, 0x00, 0x00, 0x16, 0x08, 0x00, 0x00, 0x00, 0xf0, 0x0f, 0x04,
  0x3c, 0x72, 0x14, 0xc0, 0xb6, 0x00, 0x00, 0x00, 0x14, 0x08, 0x00, 0x00,
  0x00, 0xf0, 0x0f, 0x04, 0x3c, 0x72, 0x12, 0xc0, 0xb8, 0x00, 0x00, 0x00,
  0x12, 0x08, 0x00, 0x00, 0x00, 0xf0, 0x0f, 0x04, 0x3c, 0x72, 0x10, 0xc0,
  0xba, 0x00, 0x00, 0x00, 0x10, 0x08, 0x00, 0x00, 0x00, 0xf0, 0x0f, 0x04,
  0x3c, 0x72, 0x0e, 0xc0, 0xbc, 0x00, 0x00, 0x00, 0x0e, 0x08, 0x00, 0x00,
  0x00, 0xf0, 0x0f, 0x04, 0x3c, 0x72, 0xd0, 0xc0, 0xbe, 0x00, 0x00, 0x00,
  0xd0, 0x08, 0x00, 0x00, 0x00, 0xe2, 0x0f, 0x00, 0x18, 0x79, 0x00, 0x00,
  0x00, 0x00, 0x00, 0x00, 0x00, 0x00, 0x00, 0x00, 0x00, 0xc8, 0x0f, 0x00,
  0x47, 0x09, 0x40, 0x00, 0x00, 0x00, 0x00, 0x00, 0x00, 0x00, 0x80, 0x03,
  0x00, 0xde, 0x0f, 0x00, 0x3b, 0x78, 0x80, 0xe2, 0x0e, 0x00, 0x00, 0x00,
  0x00, 0x42, 0x00, 0x08, 0x00, 0x28, 0x07, 0x00, 0x3b, 0x78, 0x84, 0x07,
  0x0e, 0x00, 0x00, 0x00, 0x00, 0x42, 0x00, 0x08, 0x00, 0xa8, 0x06, 0x00,
  0x3b, 0x78, 0x88, 0x06, 0x0e, 0x00, 0x00, 0x00, 0x00, 0x42, 0x00, 0x08,
  0x00, 0x68, 0x06, 0x00, 0x3b, 0x78, 0x8c, 0x05, 0x0e, 0x00, 0x00, 0x00,
  0x00, 0x42, 0x00, 0x08, 0x00, 0x68, 0x06, 0x00, 0x3b, 0x78, 0x90, 0x04,
  0x0e, 0x00, 0x00, 0x00, 0x00, 0x42, 0x00, 0x08, 0x00, 0x68, 0x06, 0x00,
  0x3b, 0x78, 0x94, 0x03, 0x0e, 0x00, 0x00, 0x00, 0x00, 0x42, 0x00, 0x08,
  0x00, 0x68, 0x06, 0x00, 0x3b, 0x78, 0x98, 0x02, 0x0e, 0x00, 0x00, 0x00,
  0x00, 0x42, 0x00, 0x08, 0x00, 0x68, 0x06, 0x00, 0x3b, 0x78, 0x9c, 0x00,
  0x0e, 0x00, 0x00, 0x00, 0x00, 0x42, 0x00, 0x08, 0x00, 0x68, 0x06, 0x00,
  0x3b, 0x78, 0xa0, 0xe2, 0x0e, 0x00, 0x10, 0x00, 0x00, 0x42, 0x00, 0x08,
  0x00, 0x68, 0x06, 0x00, 0x3b, 0x78, 0xa4, 0x07, 0x0e, 0x00, 0x10, 0x00,
  0x00, 0x42, 0x00, 0x08, 0x00, 0x68, 0x06, 0x00, 0x3b, 0x78, 0xa8, 0x06,
  0x0e, 0x00, 0x10, 0x00, 0x00, 0x42, 0x00, 0x08, 0x00, 0x68, 0x06, 0x00,
  0x3b, 0x78, 0xac, 0x05, 0x0e, 0x00, 0x10, 0x00, 0x00, 0x42, 0x00, 0x08,
  0x00, 0x68, 0x06, 0x00, 0x3b, 0x78, 0xb0, 0x04, 0x0e, 0x00, 0x10, 0x00,
  0x00, 0x42, 0x00, 0x08, 0x00, 0x68, 0x06, 0x00, 0x3b, 0x78, 0xb4, 0x03,
  0x0e, 0x00, 0x10, 0x00, 0x00, 0x42, 0x00, 0x08, 0x00, 0x68, 0x06, 0x00,
  0x3b, 0x78, 0xb8, 0x02, 0x0e, 0x00, 0x10, 0x00, 0x00, 0x42, 0x00, 0x08,
  0x00, 0x68, 0x06, 0x00, 0x3b, 0x78, 0xbc, 0x00, 0x0e, 0x00, 0x10, 0x00,
  0x00, 0x42, 0x00, 0x08, 0x00, 0x64, 0x46, 0x01, 0x8c, 0x72, 0x00, 0x11,
  0x09, 0x00, 0x00, 0x00, 0x70, 0x62, 0xf0, 0x0b, 0x00, 0xe2, 0x0f, 0x00,
  0x10, 0x78, 0xd2, 0xd2, 0x20, 0x00, 0x00, 0x00, 0xff, 0xe0, 0xff, 0x07,
  0x00, 0xe2, 0x0f, 0x00, 0x90, 0x78, 0x0f, 0x0f, 0x20, 0x00, 0x00, 0x00,
  0xff, 0xe0, 0xff, 0x0f, 0x00, 0xc8, 0x0f, 0x00, 0x1c, 0x78, 0x08, 0x00,
  0x00, 0x00, 0x00, 0x00, 0x08, 0xf0, 0xf0, 0x03, 0x00, 0xda, 0x0f, 0x00,
  0x47, 0x89, 0x88, 0x00, 0xe0, 0xff, 0xff, 0xff, 0xff, 0xff, 0x83, 0x03,
  0x00, 0xea, 0x0f, 0x00, 0x19, 0x79, 0x28, 0x00, 0x00, 0x00, 0x00, 0x00,
  0x00, 0x21, 0x00, 0x00, 0x00, 0x22, 0x0f, 0x00, 0x08, 0x73, 0x00, 0x00,
  0xd7, 0x00, 0x00, 0x00, 0x00, 0x10, 0x00, 0x00, 0x00, 0xa2, 0xce, 0x00,
  0xc3, 0x79, 0x07, 0x00, 0x00, 0x00, 0x00, 0x00, 0x00, 0x88, 0x00, 0x00,
  0x00, 0xe2, 0x0e, 0x00, 0x0b, 0x72, 0x00, 0xd7, 0xff, 0x00, 0x00, 0x00,
  0x00, 0x50, 0xf1, 0x03, 0x00, 0xce, 0x0f, 0x00, 0x1d, 0x7b, 0x00, 0x00,
  0x00, 0x00, 0x00, 0x00, 0x00, 0x00, 0x01, 0x00, 0x00, 0xe2, 0x0f, 0x00,
  0x0b, 0x72, 0x00, 0xd8, 0xff, 0x00, 0x00, 0x00, 0x00, 0x50, 0xf3, 0x03,
  0x00, 0xca, 0x0f, 0x00, 0x08, 0x73, 0x02, 0x00, 0xd8, 0x00, 0x00, 0x00,
  0x00, 0x10, 0x00, 0x00, 0x00, 0x62, 0x0f, 0x00, 0x82, 0x78, 0x05, 0x00,
  0x00, 0x04, 0x00, 0x00, 0x00, 0x00, 0x00, 0x00, 0x00, 0xe2, 0x0f, 0x00,
  0xc3, 0x79, 0x08, 0x00, 0x00, 0x00, 0x00, 0x00, 0x00, 0x26, 0x00, 0x00,
  0x00, 0x62, 0x0e, 0x00, 0x45, 0x79, 0x00, 0x00, 0x80, 0x0e, 0x00, 0x00,
  0x00, 0x02, 0x80, 0x03, 0x00, 0xe2, 0x0f, 0x00, 0x08, 0x78, 0x00, 0x00,
  0x00, 0x00, 0x80, 0x3f, 0x00, 0x00, 0x00, 0x00, 0x00, 0xcc, 0x4f, 0x00,
  0x82, 0x7b, 0x0c, 0xff, 0x00, 0x53, 0x01, 0x00, 0x00, 0x08, 0x00, 0x00,
  0x00, 0x62, 0x2e, 0x00, 0x3e, 0x72, 0x07, 0x00, 0x00, 0x00, 0x00, 0x00,
  0xff, 0x00, 0x00, 0x00, 0x00, 0xe2, 0x0f, 0x00, 0x91, 0x72, 0x05, 0x07,
  0x05, 0x00, 0x00, 0x00, 0xff, 0xc0, 0x8e, 0x0f, 0x00, 0xc8, 0x8f, 0x00,
  0x32, 0x72, 0xcc, 0xcc, 0x07, 0x00, 0x00, 0x00, 0x00, 0x00, 0x00, 0x00,
  0x00, 0xe2, 0x0f, 0x08, 0x08, 0x78, 0x02, 0x02, 0x00, 0x00, 0x80, 0x3f,
  0x00, 0x00, 0x80, 0x00, 0x00, 0xe2, 0x0f, 0x02, 0x32, 0x72, 0xca, 0xca,
  0x07, 0x00, 0x00, 0x00, 0x00, 0x00, 0x00, 0x00, 0x00, 0xe2, 0x0f, 0x08,
  0xc3, 0x79, 0x07, 0x00, 0x00, 0x00, 0x00, 0x00, 0x00, 0x25, 0x00, 0x00,
  0x00, 0xa2, 0x0e, 0x00, 0x32, 0x72, 0xc8, 0xc8, 0x07, 0x00, 0x00, 0x00,
  0x00, 0x00, 0x00, 0x00, 0x00, 0xe2, 0x0f, 0x08, 0x19, 0x78, 0x03, 0xff,
  0x01, 0x00, 0x00, 0x00, 0x28, 0x16, 0x01, 0x00, 0x00, 0xe2, 0x0f, 0x11,
  0x32, 0x72, 0xc6, 0xc6, 0x07, 0x00, 0x00, 0x00, 0x00, 0x00, 0x00, 0x00,
  0x00, 0xe2, 0x0f, 0x08, 0x19, 0x78, 0x00, 0xff, 0x02, 0x00, 0x00, 0x00,
  0x28, 0x16, 0x01, 0x00, 0x00, 0xe2, 0x0f, 0x00, 0x32, 0x72, 0xc4, 0xc4,
  0x07, 0x00, 0x00, 0x00, 0x00, 0x00, 0x00, 0x00, 0x00, 0xe2, 0x0f, 0x08,
  0x12, 0x78, 0x05, 0x03, 0x30, 0x00, 0x00, 0x00, 0xff, 0xc0, 0x8e, 0x07,
  0x00, 0xe2, 0x0f, 0x00, 0x32, 0x72, 0x03, 0xce, 0x07, 0x00, 0x00, 0x00,
  0x00, 0x00, 0x00, 0x00, 0x00, 0xe2, 0x0f, 0x08, 0x3e, 0x72, 0x02, 0x02,
  0x02, 0x00, 0x00, 0x00, 0xff, 0x00, 0x00, 0x00, 0x00, 0xe2, 0x0f, 0x00,
  0x32, 0x72, 0x1e, 0x1e, 0x07, 0x00, 0x00, 0x00, 0x00, 0x00, 0x00, 0x00,
  0x00, 0xc4, 0x0f, 0x00, 0x32, 0x72, 0x1c, 0x1c, 0x07, 0x00, 0x00, 0x00,
  0x00, 0x00, 0x00, 0x00, 0x00, 0xe4, 0x0f, 0x08, 0x32, 0x72, 0x1a, 0x1a,
  0x07, 0x00, 0x00, 0x00, 0x00, 0x00, 0x00, 0x00, 0x00, 0xe4, 0x0f, 0x08,
  0x24, 0x7e, 0xe3, 0xe3, 0x08, 0x00, 0x00, 0x00, 0x0c, 0x02, 0x8e, 0x0f,
  0x00, 0xe4, 0x2f, 0x00, 0x32, 0x72, 0x18, 0x18, 0x07, 0x00, 0x00, 0x00,
  0x00, 0x00, 0x00, 0x00, 0x00, 0xe4, 0x0f, 0x08, 0x32, 0x72, 0x16, 0x16,
  0x07, 0x00, 0x00, 0x00, 0x00, 0x00, 0x00, 0x00, 0x00, 0xe4, 0x0f, 0x08,
  0x32, 0x72, 0x14, 0x14, 0x07, 0x00, 0x00, 0x00, 0x00, 0x00, 0x00, 0x00,
  0x00, 0xc4, 0x0f, 0x00, 0x32, 0x72, 0x12, 0x12, 0x07, 0x00, 0x00, 0x00,
  0x00, 0x00, 0x00, 0x00, 0x00, 0xe4, 0x0f, 0x08, 0x32, 0x72, 0x10, 0x10,
  0x07, 0x00, 0x00, 0x00, 0x00, 0x00, 0x00, 0x00, 0x00, 0xe2, 0x0f, 0x08,
  0x99, 0x78, 0x07, 0x07, 0x06, 0x00, 0x00, 0x00, 0xff, 0x06, 0x00, 0x08,
  0x00, 0xe2, 0x4f, 0x00, 0x32, 0x72, 0x0e, 0x0e, 0x07, 0x00, 0x00, 0x00,
  0x00, 0x00, 0x00, 0x00, 0x00, 0xe4, 0x0f, 0x08, 0x32, 0x72, 0xd0, 0xd0,
  0x07, 0x00, 0x00, 0x00, 0x00, 0x00, 0x00, 0x00, 0x00, 0xe2, 0x0f, 0x00,
  0x12, 0x78, 0x07, 0x05, 0x07, 0x00, 0x00, 0x00, 0x00, 0xf8, 0x8e, 0x07,
  0x00, 0xe2, 0x0f, 0x00, 0x24, 0x78, 0x00, 0x28, 0x04, 0x00, 0x00, 0x00,
  0xff, 0x00, 0x8e, 0x07, 0x00, 0xe4, 0x0f, 0x00, 0x32, 0x72, 0xcf, 0xcf,
  0x02, 0x00, 0x00, 0x00, 0x00, 0x00, 0x00, 0x00, 0x00, 0xc4, 0x0f, 0x00,
  0x32, 0x72, 0xcd, 0xcd, 0x02, 0x00, 0x00, 0x00, 0x00, 0x00, 0x00, 0x00,
  0x00, 0xe2, 0x0f, 0x08, 0x12, 0x78, 0x00, 0x00, 0x7c, 0x00, 0x00, 0x00,
  0xff, 0xc0, 0x8e, 0x07, 0x00, 0xe2, 0x0f, 0x00, 0x32, 0x72, 0xcb, 0xcb,
  0x02, 0x00, 0x00, 0x00, 0x00, 0x00, 0x00, 0x00, 0x00, 0xe4, 0x0f, 0x08,
  0x32, 0x72, 0xc9, 0xc9, 0x02, 0x00, 0x00, 0x00, 0x00, 0x00, 0x00, 0x00,
  0x00, 0xe2, 0x0f, 0x08, 0x10, 0x7c, 0x00, 0x00, 0x05, 0x00, 0x00, 0x00,
  0xff, 0xe0, 0xff, 0x0f, 0x00, 0xe2, 0x0f, 0x00, 0x32, 0x72, 0xc7, 0xc7,
  0x02, 0x00, 0x00, 0x00, 0x00, 0x00, 0x00, 0x00, 0x00, 0xe4, 0x0f, 0x08,
  0x32, 0x72, 0xc5, 0xc5, 0x02, 0x00, 0x00, 0x00, 0x00, 0x00, 0x00, 0x00,
  0x00, 0xe4, 0x0f, 0x00, 0x24, 0x78, 0x00, 0x07, 0x00, 0x01, 0x00, 0x00,
  0x00, 0x02, 0x8e, 0x07, 0x00, 0xc4, 0x0f, 0x00, 0x32, 0x72, 0x1f, 0x1f,
  0x02, 0x00, 0x00, 0x00, 0x00, 0x00, 0x00, 0x00, 0x00, 0xe4, 0x0f, 0x08,
  0x32, 0x72, 0x1d, 0x1d, 0x02, 0x00, 0x00, 0x00, 0x00, 0x00, 0x00, 0x00,
  0x00, 0xe2, 0x0f, 0x08, 0x12, 0x78, 0x04, 0x00, 0x10, 0x00, 0x00, 0x00,
  0xff, 0x3c, 0x8e, 0x07, 0x00, 0xe2, 0x0f, 0x04, 0x88, 0x73, 0x00, 0x00,
  0x03, 0x00, 0x00, 0x00, 0x00, 0x08, 0x00, 0x00, 0x00, 0xe2, 0x03, 0x00,
  0x12, 0x78, 0x05, 0x00, 0x20, 0x00, 0x00, 0x00, 0xff, 0x3c, 0x8e, 0x07,
  0x00, 0xe2, 0x0f, 0x04, 0x32, 0x72, 0x1b, 0x1b, 0x02, 0x00, 0x00, 0x00,
  0x00, 0x00, 0x00, 0x00, 0x00, 0xe2, 0x0f, 0x08, 0x12, 0x78, 0x06, 0x00,
  0x30, 0x00, 0x00, 0x00, 0xff, 0x3c, 0x8e, 0x07, 0x00, 0xe2, 0x0f, 0x04,
  0x88, 0x73, 0x00, 0x00, 0xcf, 0x00, 0x08, 0x00, 0x00, 0x08, 0x00, 0x00,
  0x00, 0xe2, 0x0f, 0x00, 0x12, 0x78, 0x08, 0x00, 0x40, 0x00, 0x00, 0x00,
  0xff, 0x3c, 0x8e, 0x07, 0x00, 0xe2, 0x0f, 0x04, 0x32, 0x72, 0x19, 0x19,
  0x02, 0x00, 0x00, 0x00, 0x00, 0x00, 0x00, 0x00, 0x00, 0xe2, 0x0f, 0x08,
  0x12, 0x78, 0x09, 0x00, 0x50, 0x00, 0x00, 0x00, 0xff, 0x3c, 0x8e, 0x07,
  0x00, 0xe2, 0x0f, 0x04, 0x88, 0x73, 0x00, 0x04, 0xcc, 0x00, 0x00, 0x00,
  0x00, 0x08, 0x00, 0x00, 0x00, 0xe2, 0x0f, 0x00, 0x12, 0x78, 0x0a, 0x00,
  0x80, 0x00, 0x00, 0x00, 0xff, 0x3c, 0x8e, 0x07, 0x00, 0xe2, 0x0f, 0x04,
  0x32, 0x72, 0x17, 0x17, 0x02, 0x00, 0x00, 0x00, 0x00, 0x00, 0x00, 0x00,
  0x00, 0xe2, 0x0f, 0x08, 0x12, 0x78, 0x03, 0x00, 0x60, 0x00, 0x00, 0x00,
  0xff, 0x3c, 0x8e, 0x07, 0x00, 0xe2, 0x2f, 0x04, 0x88, 0x73, 0x00, 0x04,
  0xcd, 0x00, 0x08, 0x00, 0x00, 0x08, 0x00, 0x00, 0x00, 0xe2, 0x03, 0x00,
  0x32, 0x72, 0x15, 0x15, 0x02, 0x00, 0x00, 0x00, 0x00, 0x00, 0x00, 0x00,
  0x00, 0xe2, 0x0f, 0x08, 0x12, 0x78, 0x0b, 0x00, 0xf0, 0x00, 0x00, 0x00,
  0xff, 0x3c, 0x8e, 0x07, 0x00, 0xe2, 0x0f, 0x00, 0x32, 0x72, 0x13, 0x13,
  0x02, 0x00, 0x00, 0x00, 0x00, 0x00, 0x00, 0x00, 0x00, 0xe2, 0x0f, 0x08,
  0x88, 0x73, 0x00, 0x05, 0xca, 0x00, 0x00, 0x00, 0x00, 0x08, 0x00, 0x00,
  0x00, 0xe2, 0x0f, 0x00, 0x32, 0x72, 0x11, 0x11, 0x02, 0x00, 0x00, 0x00,
  0x00, 0x00, 0x00, 0x00, 0x00, 0xc4, 0x0f, 0x00, 0x32, 0x72, 0x0f, 0x0f,
  0x02, 0x00, 0x00, 0x00, 0x00, 0x00, 0x00, 0x00, 0x00, 0xe2, 0x0f, 0x08,
  0x88, 0x73, 0x00, 0x05, 0xcb, 0x00, 0x08, 0x00, 0x00, 0x08, 0x00, 0x00,
  0x00, 0xe2, 0x05, 0x00, 0x32, 0x72, 0x02, 0xd1, 0x02, 0x00, 0x00, 0x00,
  0x00, 0x00, 0x00, 0x00, 0x00, 0xe2, 0x0f, 0x00, 0x12, 0x78, 0x04, 0x00,
  0x70, 0x00, 0x00, 0x00, 0xff, 0x3c, 0x8e, 0x07, 0x00, 0xe4, 0x2f, 0x04,
  0x88, 0x73, 0x00, 0x06, 0xc8, 0x00, 0x00, 0x00, 0x00, 0x08, 0x00, 0x00,
  0x00, 0xe8, 0x0f, 0x00, 0x88, 0x73, 0x00, 0x06, 0xc9, 0x00, 0x08, 0x00,
  0x00, 0x08, 0x00, 0x00, 0x00, 0xe2, 0x03, 0x00, 0x12, 0x78, 0x05, 0x00,
  0x90, 0x00, 0x00, 0x00, 0xff, 0x3c, 0x8e, 0x07, 0x00, 0xc6, 0x4f, 0x00,
  0x88, 0x73, 0x00, 0x08, 0xc6, 0x00, 0x00, 0x00, 0x00, 0x08, 0x00, 0x00,
  0x00, 0xe8, 0x0f, 0x00, 0x88, 0x73, 0x00, 0x08, 0xc7, 0x00, 0x08, 0x00,
  0x00, 0x08, 0x00, 0x00, 0x00, 0xe2, 0x05, 0x00, 0x12, 0x78, 0x06, 0x00,
  0xa0, 0x00, 0x00, 0x00, 0xff, 0x3c, 0x8e, 0x07, 0x00, 0xc6, 0x2f, 0x00,
  0x88, 0x73, 0x00, 0x09, 0xc4, 0x00, 0x00, 0x00, 0x00, 0x08, 0x00, 0x00,
  0x00, 0xe8, 0x0f, 0x00, 0x88, 0x73, 0x00, 0x09, 0xc5, 0x00, 0x08, 0x00,
  0x00, 0x08, 0x00, 0x00, 0x00, 0xe2, 0x03, 0x00, 0x12, 0x78, 0x08, 0x00,
  0xd0, 0x00, 0x00, 0x00, 0xff, 0x3c, 0x8e, 0x07, 0x00, 0xc6, 0x4f, 0x00,
  0x88, 0x73, 0x00, 0x03, 0x1e, 0x00, 0x00, 0x00, 0x00, 0x08, 0x00, 0x00,
  0x00, 0xe8, 0x0f, 0x00, 0x88, 0x73, 0x00, 0x03, 0x1f, 0x00, 0x08, 0x00,
  0x00, 0x08, 0x00, 0x00, 0x00, 0xe2, 0x05, 0x00, 0x12, 0x78, 0x09, 0x00,
  0xe0, 0x00, 0x00, 0x00, 0xff, 0x3c, 0x8e, 0x07, 0x00, 0xc6, 0x2f, 0x00,
  0x88, 0x73, 0x00, 0x04, 0x1c, 0x00, 0x00, 0x00, 0x00, 0x08, 0x00, 0x00,
  0x00, 0xe8, 0x0f, 0x00, 0x88, 0x73, 0x00, 0x04, 0x1d, 0x00, 0x08, 0x00,
  0x00, 0x08, 0x00, 0x00, 0x00, 0xe2, 0x03, 0x00, 0x12, 0x78, 0x03, 0x00,
  0xb0, 0x00, 0x00, 0x00, 0xff, 0x3c, 0x8e, 0x07, 0x00, 0xc6, 0x4f, 0x00,
  0x88, 0x73, 0x00, 0x0a, 0x1a, 0x00, 0x00, 0x00, 0x00, 0x08, 0x00, 0x00,
  0x00, 0xe8, 0x0f, 0x00, 0x88, 0x73, 0x00, 0x0a, 0x1b, 0x00, 0x08, 0x00,
  0x00, 0x08, 0x00, 0x00, 0x00, 0xe2, 0x0f, 0x00, 0x12, 0x78, 0x04, 0x00,
  0xc0, 0x00, 0x00, 0x00, 0xff, 0x3c, 0x8e, 0x07, 0x00, 0xe2, 0x2f, 0x00,
  0x24, 0x7c, 0x00, 0xe3, 0x06, 0x00, 0x00, 0x00, 0xff, 0x02, 0x8e, 0x0f,
  0x00, 0xe4, 0x0f, 0x00, 0x88, 0x73, 0x00, 0x05, 0x18, 0x00, 0x00, 0x00,
  0x00, 0x08, 0x00, 0x00, 0x00, 0xe8, 0x0f, 0x00, 0x88, 0x73, 0x00, 0x05,
  0x19, 0x00, 0x08, 0x00, 0x00, 0x08, 0x00, 0x00, 0x00, 0xe8, 0x0f, 0x00,
  0x88, 0x73, 0x00, 0x06, 0x16, 0x00, 0x00, 0x00, 0x00, 0x08, 0x00, 0x00,
  0x00, 0xe8, 0x0f, 0x00, 0x88, 0x73, 0x00, 0x06, 0x17, 0x00, 0x08, 0x00,
  0x00, 0x08, 0x00, 0x00, 0x00, 0xe8, 0x03, 0x00, 0x88, 0x73, 0x00, 0x03,
  0x14, 0x00, 0x00, 0x00, 0x00, 0x08, 0x00, 0x00, 0x00, 0xe8, 0x0f, 0x00,
  0x88, 0x73, 0x00, 0x03, 0x15, 0x00, 0x08, 0x00, 0x00, 0x08, 0x00, 0x00,
  0x00, 0xe2, 0x05, 0x00, 0x19, 0x78, 0x06, 0x28, 0x04, 0x00, 0x00, 0x00,
  0xff, 0x06, 0x00, 0x00, 0x00, 0xc6, 0x2f, 0x00, 0x88, 0x73, 0x00, 0x04,
  0x12, 0x00, 0x00, 0x00, 0x00, 0x08, 0x00, 0x00, 0x00, 0xe8, 0x0f, 0x00,
  0x88, 0x73, 0x00, 0x04, 0x13, 0x00, 0x08, 0x00, 0x00, 0x08, 0x00, 0x00,
  0x00, 0xe2, 0x03, 0x00, 0x19, 0x78, 0x03, 0xff, 0x04, 0x00, 0x00, 0x00,
  0x28, 0x16, 0x01, 0x00, 0x00, 0xc6, 0x4f, 0x00, 0x88, 0x73, 0x00, 0x08,
  0x10, 0x00, 0x00, 0x00, 0x00, 0x08, 0x00, 0x00, 0x00, 0xe2, 0x0f, 0x00,
  0x12, 0x7c, 0x2b, 0x03, 0x07, 0x00, 0x00, 0x00, 0xff, 0xfc, 0x8e, 0x0f,
  0x00, 0xe4, 0x0f, 0x04, 0x12, 0x78, 0x05, 0x03, 0x07, 0x00, 0x00, 0x00,
  0xff, 0xc0, 0x8e, 0x07, 0x00, 0xe2, 0x0f, 0x00, 0x88, 0x73, 0x00, 0x08,
  0x11, 0x00, 0x08, 0x00, 0x00, 0x08, 0x00, 0x00, 0x00, 0xe2, 0x0f, 0x00,
  0x0c, 0x7c, 0x00, 0x2b, 0x04, 0x00, 0x00, 0x00, 0x70, 0x62, 0xf0, 0x0b,
  0x00, 0xe4, 0x0f, 0x00, 0x12, 0x78, 0x04, 0x05, 0x0f, 0x00, 0x00, 0x00,
  0x28, 0x78, 0x8e, 0x07, 0x00, 0xe2, 0x2f, 0x00, 0x88, 0x73, 0x00, 0x09,
  0x0e, 0x00, 0x00, 0x00, 0x00, 0x08, 0x00, 0x00, 0x00, 0xe8, 0x0f, 0x00,
  0x88, 0x73, 0x00, 0x09, 0x0f, 0x00, 0x08, 0x00, 0x00, 0x08, 0x00, 0x00,
  0x00, 0xe2, 0x03, 0x00, 0x24, 0x78, 0x03, 0x03, 0x10, 0x00, 0x00, 0x00,
  0x04, 0x02, 0x8e, 0x07, 0x00, 0xc6, 0x0f, 0x00, 0x88, 0x73, 0x00, 0x0b,
  0xd0, 0x00, 0x00, 0x00, 0x00, 0x08, 0x00, 0x00, 0x00, 0xe8, 0x05, 0x00,
  0x88, 0x73, 0x00, 0x0b, 0x02, 0x00, 0x08, 0x00, 0x00, 0x08, 0x00, 0x00,
  0x00, 0xe2, 0x05, 0x00, 0x12, 0x78, 0x09, 0x06, 0xf0, 0x00, 0x00, 0x00,
  0xff, 0xc0, 0x8e, 0x07, 0x00, 0xe2, 0x2f, 0x00, 0x1d, 0x7b, 0x00, 0x00,
  0x00, 0x00, 0x00, 0x00, 0x00, 0x00, 0x01, 0x00, 0x00, 0xe6, 0x0f, 0x00,
  0x10, 0x72, 0x04, 0x09, 0x00, 0x00, 0x00, 0x00, 0xff, 0xe0, 0xf3, 0x07,
  0x00, 0xc8, 0x0f, 0x00, 0x11, 0x72, 0x05, 0x00, 0xff, 0x00, 0x00, 0x00,
  0xff, 0x0e, 0x8f, 0x00, 0x00, 0xe4, 0x0f, 0x00, 0x11, 0x7c, 0x00, 0x03,
  0x05, 0x00, 0x00, 0x00, 0xff, 0x20, 0x8e, 0x0f, 0x00, 0xe2, 0x0f, 0x00,
  0x47, 0x09, 0xe4, 0x00, 0x04, 0x00, 0x00, 0x00, 0x00, 0x00, 0x80, 0x03,
  0x00, 0xec, 0x4f, 0x00, 0x84, 0x79, 0x0c, 0x00, 0x00, 0x00, 0x08, 0x00,
  0x00, 0x0c, 0x00, 0x00, 0x00, 0xa2, 0x02, 0x00, 0x0c, 0x7c, 0x00, 0x09,
  0x06, 0x00, 0x00, 0x00, 0x70, 0x62, 0xf0, 0x0b, 0x00, 0xe2, 0x0f, 0x00,
  0x45, 0x79, 0x01, 0x00, 0x20, 0x01, 0x00, 0x00, 0x00, 0x02, 0x80, 0x03,
  0x00, 0xe2, 0x0f, 0x00, 0x10, 0x78, 0x29, 0x2b, 0x08, 0x00, 0x00, 0x00,
  0xff, 0xe0, 0xff, 0x07, 0x00, 0xe2, 0x0f, 0x00, 0x84, 0x79, 0x10, 0x00,
  0x00, 0x00, 0x10, 0x00, 0x00, 0x0c, 0x00, 0x00, 0x00, 0xe6, 0x02, 0x00,
  0x0c, 0x7c, 0x00, 0x29, 0x04, 0x00, 0x00, 0x00, 0x70, 0x62, 0xf2, 0x0b,
  0x00, 0xe2, 0x0f, 0x00, 0x84, 0x79, 0x14, 0x00, 0x00, 0x00, 0x18, 0x00,
  0x00, 0x0c, 0x00, 0x00, 0x00, 0x28, 0x03, 0x00, 0x84, 0x79, 0x18, 0x00,
  0x00, 0x00, 0x20, 0x00, 0x00, 0x0c, 0x00, 0x00, 0x00, 0x68, 0x02, 0x00,
  0x84, 0x79, 0x1c, 0x00, 0x00, 0x00, 0x28, 0x00, 0x00, 0x0c, 0x00, 0x00,
  0x00, 0x68, 0x02, 0x00, 0x84, 0x79, 0x20, 0x00, 0x00, 0x00, 0x30, 0x00,
  0x00, 0x0c, 0x00, 0x00, 0x00, 0x68, 0x02, 0x00, 0x84, 0x79, 0x24, 0x00,
  0x00, 0x00, 0x38, 0x00, 0x00, 0x0c, 0x00, 0x00, 0x00, 0x62, 0x02, 0x00,
  0x47, 0x09, 0x20, 0x00, 0x00, 0x00, 0x00, 0x00, 0x00, 0x00, 0x80, 0x03,
  0x00, 0xea, 0x0f, 0x00, 0x84, 0x79, 0x08, 0x00, 0x00, 0x00, 0x00, 0x00,
  0x00, 0x0c, 0x00, 0x00, 0x00, 0x62, 0x0f, 0x00, 0xac, 0x77, 0x08, 0xff,
  0x00, 0x82, 0x00, 0x00, 0x00, 0x0a, 0x00, 0x08, 0x00, 0x22, 0x0f, 0x00,
  0xac, 0x77, 0x0a, 0xff, 0x00, 0x7c, 0x00, 0x00, 0x00, 0x0a, 0x00, 0x08,
  0x00, 0xe2, 0x0e, 0x00, 0x25, 0x7c, 0x02, 0x2b, 0x08, 0x00, 0x00, 0x00,
  0x04, 0x00, 0x8e, 0x0f, 0x00, 0xc8, 0x0f, 0x01, 0x24, 0x7c, 0x03, 0x2b,
  0x09, 0x00, 0x00, 0x00, 0x03, 0x02, 0x8e, 0x0f, 0x00, 0xe2, 0x0f, 0x00,
  0x10, 0x7c, 0x02, 0x02, 0x0a, 0x00, 0x00, 0x00, 0xff, 0xe0, 0xf5, 0x0f,
  0x00, 0xc8, 0x8f, 0x00, 0x10, 0x7c, 0x03, 0x03, 0x0b, 0x00, 0x00, 0x00,
  0xff, 0xe4, 0x7f, 0x09, 0x00, 0xca, 0x0f, 0x00, 0x86, 0x79, 0x00, 0x02,
  0x08, 0x00, 0x00, 0x00, 0x0c, 0x1d, 0x10, 0x0c, 0x00, 0xe8, 0x07, 0x02,
  0x41, 0x79, 0x01, 0x00, 0x00, 0x00, 0x00, 0x00, 0x00, 0x02, 0x80, 0x03,
  0x00, 0xea, 0x0f, 0x00, 0x47, 0x19, 0x8c, 0x00, 0x04, 0x00, 0x00, 0x00,
  0x00, 0x00, 0x80, 0x03, 0x00, 0xea, 0x0f, 0x00, 0x36, 0x78, 0x09, 0x2b,
  0x10, 0x00, 0x00, 0x00, 0x00, 0x00, 0x00, 0x00, 0x00, 0xe2, 0x8f, 0x00,
  0x45, 0x79, 0x01, 0x00, 0xc0, 0x00, 0x00, 0x00, 0x00, 0x02, 0x80, 0x03,
  0x00, 0xe8, 0x0f, 0x00, 0x0c, 0x7c, 0x00, 0x09, 0x04, 0x00, 0x00, 0x00,
  0x70, 0x62, 0xf2, 0x0b, 0x00, 0xe2, 0x0f, 0x00, 0x47, 0x09, 0x24, 0x00,
  0x00, 0x00, 0x00, 0x00, 0x00, 0x00, 0x80, 0x03, 0x00, 0xd8, 0x0f, 0x00,
  0xac, 0x77, 0x08, 0xff, 0x00, 0x82, 0x00, 0x00, 0x00, 0x0a, 0x00, 0x08,
  0x00, 0xe2, 0x0e, 0x00, 0x02, 0x72, 0x02, 0x00, 0x04, 0x00, 0x00, 0x00,
  0x00, 0x0f, 0x00, 0x00, 0x00, 0xe2, 0x0f, 0x00, 0x24, 0x72, 0x03, 0xff,
  0xff, 0x00, 0x00, 0x00, 0x05, 0x00, 0x8e, 0x07, 0x00, 0xe2, 0x0f, 0x00,
  0xac, 0x77, 0x0a, 0xff, 0x00, 0x7c, 0x00, 0x00, 0x00, 0x0a, 0x00, 0x08,
  0x00, 0x66, 0x0f, 0x00, 0x25, 0x7c, 0x02, 0x29, 0x08, 0x00, 0x00, 0x00,
  0x02, 0x00, 0x8e, 0x0f, 0x00, 0xc8, 0x8f, 0x00, 0x24, 0x7c, 0x29, 0x29,
  0x09, 0x00, 0x00, 0x00, 0x03, 0x02, 0x8e, 0x0f, 0x00, 0xe2, 0x0f, 0x00,
  0x10, 0x7c, 0x02, 0x02, 0x0a, 0x00, 0x00, 0x00, 0xff, 0xe0, 0xf5, 0x0f,
  0x00, 0xc8, 0x0f, 0x02, 0x10, 0x7c, 0x03, 0x29, 0x0b, 0x00, 0x00, 0x00,
  0xff, 0xe4, 0x7f, 0x09, 0x00, 0xca, 0x0f, 0x00, 0x86, 0x79, 0x00, 0x02,
  0x0c, 0x00, 0x00, 0x00, 0x0c, 0x1d, 0x10, 0x0c, 0x00, 0xe8, 0x47, 0x00,
  0x41, 0x79, 0x01, 0x00, 0x00, 0x00, 0x00, 0x00, 0x00, 0x02, 0x80, 0x03,
  0x00, 0xea, 0x0f, 0x00, 0x47, 0x19, 0x50, 0x00, 0x04, 0x00, 0x00, 0x00,
  0x00, 0x00, 0x80, 0x03, 0x00, 0xea, 0x0f, 0x00, 0x10, 0x78, 0x0b, 0x2b,
  0x18, 0x00, 0x00, 0x00, 0xff, 0xe0, 0xff, 0x07, 0x00, 0xe2, 0x0f, 0x00,
  0x45, 0x79, 0x01, 0x00, 0xc0, 0x00, 0x00, 0x00, 0x00, 0x02, 0x80, 0x03,
  0x00, 0xe6, 0x0f, 0x00, 0x0c, 0x7c, 0x00, 0x0b, 0x04, 0x00, 0x00, 0x00,
  0x70, 0x62, 0xf2, 0x0b, 0x00, 0xe2, 0x0f, 0x00, 0x47, 0x09, 0x24, 0x00,
  0x00, 0x00, 0x00, 0x00, 0x00, 0x00, 0x80, 0x03, 0x00, 0xd8, 0x0f, 0x00,
  0xac, 0x77, 0x08, 0xff, 0x00, 0x82, 0x00, 0x00, 0x00, 0x0a, 0x00, 0x08,
  0x00, 0x62, 0x0f, 0x00, 0x02, 0x72, 0x03, 0x00, 0x05, 0x00, 0x00, 0x00,
  0x00, 0x0f, 0x00, 0x00, 0x00, 0xe2, 0x8f, 0x00, 0x24, 0x72, 0x02, 0xff,
  0xff, 0x00, 0x00, 0x00, 0x04, 0x00, 0x8e, 0x07, 0x00, 0xe2, 0x0f, 0x00,
  0xac, 0x77, 0x0a, 0xff, 0x00, 0x7c, 0x00, 0x00, 0x00, 0x0a, 0x00, 0x08,
  0x00, 0xe6, 0x0e, 0x00, 0x25, 0x7c, 0x02, 0x09, 0x08, 0x00, 0x00, 0x00,
  0x02, 0x00, 0x8e, 0x0f, 0x00, 0xc8, 0x0f, 0x02, 0x24, 0x7c, 0x09, 0x09,
  0x09, 0x00, 0x00, 0x00, 0x03, 0x02, 0x8e, 0x0f, 0x00, 0xe2, 0x0f, 0x00,
  0x10, 0x7c, 0x02, 0x02, 0x0a, 0x00, 0x00, 0x00, 0xff, 0xe0, 0xf5, 0x0f,
  0x00, 0xc8, 0x8f, 0x00, 0x10, 0x7c, 0x03, 0x09, 0x0b, 0x00, 0x00, 0x00,
  0xff, 0xe4, 0x7f, 0x09, 0x00, 0xca, 0x0f, 0x00, 0x86, 0x79, 0x00, 0x02,
  0x10, 0x00, 0x00, 0x00, 0x0c, 0x1d, 0x10, 0x0c, 0x00, 0xe8, 0x07, 0x00,
  0x41, 0x79, 0x01, 0x00, 0x00, 0x00, 0x00, 0x00, 0x00, 0x02, 0x80, 0x03,
  0x00, 0xea, 0x0f, 0x00, 0x47, 0x19, 0x14, 0x00, 0x04, 0x00, 0x00, 0x00,
  0x00, 0x00, 0x80, 0x03, 0x00, 0xea, 0x0f, 0x00, 0x36, 0x78, 0x09, 0x2b,
  0x20, 0x00, 0x00, 0x00, 0x00, 0x00, 0x00, 0x00, 0x00, 0xe2, 0x0f, 0x00,
  0x45, 0x79, 0x01, 0x00, 0xc0, 0x00, 0x00, 0x00, 0x00, 0x02, 0x80, 0x03,
  0x00, 0xe8, 0x0f, 0x00, 0x0c, 0x7c, 0x00, 0x09, 0x04, 0x00, 0x00, 0x00,
  0x70, 0x62, 0xf2, 0x0b, 0x00, 0xe2, 0x0f, 0x00, 0x47, 0x09, 0x24, 0x00,
  0x00, 0x00, 0x00, 0x00, 0x00, 0x00, 0x80, 0x03, 0x00, 0xd8, 0x0f, 0x00,
  0xac, 0x77, 0x08, 0xff, 0x00, 0x82, 0x00, 0x00, 0x00, 0x0a, 0x00, 0x08,
  0x00, 0x62, 0x0f, 0x00, 0x02, 0x72, 0x02, 0x00, 0x04, 0x00, 0x00, 0x00,
  0x00, 0x0f, 0x00, 0x00, 0x00, 0xe2, 0x8f, 0x00, 0x24, 0x72, 0x03, 0xff,
  0xff, 0x00, 0x00, 0x00, 0x05, 0x00, 0x8e, 0x07, 0x00, 0xe2, 0x0f, 0x00,
  0xac, 0x77, 0x0a, 0xff, 0x00, 0x7c, 0x00, 0x00, 0x00, 0x0a, 0x00, 0x08,
  0x00, 0xe6, 0x0e, 0x00, 0x25, 0x7c, 0x02, 0x0b, 0x08, 0x00, 0x00, 0x00,
  0x02, 0x00, 0x8e, 0x0f, 0x00, 0xc8, 0x0f, 0x02, 0x24, 0x7c, 0x0b, 0x0b,
  0x09, 0x00, 0x00, 0x00, 0x03, 0x02, 0x8e, 0x0f, 0x00, 0xe2, 0x0f, 0x00,
  0x10, 0x7c, 0x02, 0x02, 0x0a, 0x00, 0x00, 0x00, 0xff, 0xe0, 0xf5, 0x0f,
  0x00, 0xc8, 0x8f, 0x00, 0x10, 0x7c, 0x03, 0x0b, 0x0b, 0x00, 0x00, 0x00,
  0xff, 0xe4, 0x7f, 0x09, 0x00, 0xca, 0x0f, 0x00, 0x86, 0x79, 0x00, 0x02,
  0x14, 0x00, 0x00, 0x00, 0x0c, 0x1d, 0x10, 0x0c, 0x00, 0xe8, 0x07, 0x01,
  0x41, 0x79, 0x01, 0x00, 0x00, 0x00, 0x00, 0x00, 0x00, 0x02, 0x80, 0x03,
  0x00, 0xea, 0x0f, 0x00, 0x47, 0x19, 0xd8, 0x00, 0x00, 0x00, 0x00, 0x00,
  0x00, 0x00, 0x80, 0x03, 0x00, 0xea, 0x0f, 0x00, 0x10, 0x78, 0x0b, 0x2b,
  0x28, 0x00, 0x00, 0x00, 0xff, 0xe0, 0xff, 0x07, 0x00, 0xe2, 0x0f, 0x00,
  0x45, 0x79, 0x01, 0x00, 0xc0, 0x00, 0x00, 0x00, 0x00, 0x02, 0x80, 0x03,
  0x00, 0xe6, 0x0f, 0x00, 0x0c, 0x7c, 0x00, 0x0b, 0x04, 0x00, 0x00, 0x00,
  0x70, 0x62, 0xf2, 0x0b, 0x00, 0xe2, 0x0f, 0x00, 0x47, 0x09, 0x24, 0x00,
  0x00, 0x00, 0x00, 0x00, 0x00, 0x00, 0x80, 0x03, 0x00, 0xd8, 0x0f, 0x00,
  0xac, 0x77, 0x08, 0xff, 0x00, 0x82, 0x00, 0x00, 0x00, 0x0a, 0x00, 0x08,
  0x00, 0x62, 0x0f, 0x00, 0x02, 0x72, 0x03, 0x00, 0x05, 0x00, 0x00, 0x00,
  0x00, 0x0f, 0x00, 0x00, 0x00, 0xe2, 0x8f, 0x00, 0x24, 0x72, 0x02, 0xff,
  0xff, 0x00, 0x00, 0x00, 0x04, 0x00, 0x8e, 0x07, 0x00, 0xe2, 0x0f, 0x00,
  0xac, 0x77, 0x0a, 0xff, 0x00, 0x7c, 0x00, 0x00, 0x00, 0x0a, 0x00, 0x08,
  0x00, 0xe6, 0x0e, 0x00, 0x25, 0x7c, 0x02, 0x09, 0x08, 0x00, 0x00, 0x00,
  0x02, 0x00, 0x8e, 0x0f, 0x00, 0xc8, 0x0f, 0x02, 0x24, 0x7c, 0x09, 0x09,
  0x09, 0x00, 0x00, 0x00, 0x03, 0x02, 0x8e, 0x0f, 0x00, 0xe2, 0x0f, 0x00,
  0x10, 0x7c, 0x02, 0x02, 0x0a, 0x00, 0x00, 0x00, 0xff, 0xe0, 0xf5, 0x0f,
  0x00, 0xc8, 0x8f, 0x00, 0x10, 0x7c, 0x03, 0x09, 0x0b, 0x00, 0x00, 0x00,
  0xff, 0xe4, 0x7f, 0x09, 0x00, 0xca, 0x0f, 0x00, 0x86, 0x79, 0x00, 0x02,
  0x18, 0x00, 0x00, 0x00, 0x0c, 0x1d, 0x10, 0x0c, 0x00, 0xe8, 0x23, 0x00,
  0x41, 0x79, 0x01, 0x00, 0x00, 0x00, 0x00, 0x00, 0x00, 0x02, 0x80, 0x03,
  0x00, 0xea, 0x0f, 0x00, 0x47, 0x19, 0x9c, 0x00, 0x00, 0x00, 0x00, 0x00,
  0x00, 0x00, 0x80, 0x03, 0x00, 0xea, 0x0f, 0x00, 0x36, 0x78, 0x09, 0x2b,
  0x30, 0x00, 0x00, 0x00, 0x00, 0x00, 0x00, 0x00, 0x00, 0xe2, 0x0f, 0x00,
  0x45, 0x79, 0x01, 0x00, 0xc0, 0x00, 0x00, 0x00, 0x00, 0x02, 0x80, 0x03,
  0x00, 0xe8, 0x0f, 0x00, 0x0c, 0x7c, 0x00, 0x09, 0x04, 0x00, 0x00, 0x00,
  0x70, 0x62, 0xf2, 0x0b, 0x00, 0xe2, 0x0f, 0x00, 0x47, 0x09, 0x24, 0x00,
  0x00, 0x00, 0x00, 0x00, 0x00, 0x00, 0x80, 0x03, 0x00, 0xd8, 0x0f, 0x00,
  0xac, 0x77, 0x08, 0xff, 0x00, 0x82, 0x00, 0x00, 0x00, 0x0a, 0x00, 0x08,
  0x00, 0x62, 0x0f, 0x00, 0x02, 0x72, 0x02, 0x00, 0x04, 0x00, 0x00, 0x00,
  0x00, 0x0f, 0x00, 0x00, 0x00, 0xe2, 0xaf, 0x00, 0x24, 0x72, 0x03, 0xff,
  0xff, 0x00, 0x00, 0x00, 0x05, 0x00, 0x8e, 0x07, 0x00, 0xe2, 0x0f, 0x00,
  0xac, 0x77, 0x0a, 0xff, 0x00, 0x7c, 0x00, 0x00, 0x00, 0x0a, 0x00, 0x08,
  0x00, 0x66, 0x0e, 0x00, 0x25, 0x7c, 0x02, 0x0b, 0x08, 0x00, 0x00, 0x00,
  0x02, 0x00, 0x8e, 0x0f, 0x00, 0xc8, 0x0f, 0x02, 0x24, 0x7c, 0x0b, 0x0b,
  0x09, 0x00, 0x00, 0x00, 0x03, 0x02, 0x8e, 0x0f, 0x00, 0xe2, 0x0f, 0x00,
  0x10, 0x7c, 0x02, 0x02, 0x0a, 0x00, 0x00, 0x00, 0xff, 0xe0, 0xf5, 0x0f,
  0x00, 0xc8, 0x2f, 0x00, 0x10, 0x7c, 0x03, 0x0b, 0x0b, 0x00, 0x00, 0x00,
  0xff, 0xe4, 0x7f, 0x09, 0x00, 0xca, 0x0f, 0x00, 0x86, 0x79, 0x00, 0x02,
  0x1c, 0x00, 0x00, 0x00, 0x0c, 0x1d, 0x10, 0x0c, 0x00, 0xe8, 0x03, 0x00,
  0x41, 0x79, 0x01, 0x00, 0x00, 0x00, 0x00, 0x00, 0x00, 0x02, 0x80, 0x03,
  0x00, 0xea, 0x0f, 0x00, 0x47, 0x19, 0x60, 0x00, 0x00, 0x00, 0x00, 0x00,
  0x00, 0x00, 0x80, 0x03, 0x00, 0xea, 0x0f, 0x00, 0x10, 0x78, 0x0b, 0x2b,
  0x38, 0x00, 0x00, 0x00, 0xff, 0xe0, 0xff, 0x07, 0x00, 0xe2, 0x0f, 0x00,
  0x45, 0x79, 0x01, 0x00, 0xc0, 0x00, 0x00, 0x00, 0x00, 0x02, 0x80, 0x03,
  0x00, 0xe6, 0x0f, 0x00, 0x0c, 0x7c, 0x00, 0x0b, 0x04, 0x00, 0x00, 0x00,
  0x70, 0x66, 0x72, 0x08, 0x00, 0xe2, 0x0f, 0x00, 0x47, 0x09, 0x24, 0x00,
  0x00, 0x00, 0x00, 0x00, 0x00, 0x00, 0x80, 0x03, 0x00, 0xd8, 0x0f, 0x00,
  0xac, 0x77, 0x08, 0xff, 0x00, 0x82, 0x00, 0x00, 0x00, 0x0a, 0x00, 0x08,
  0x00, 0x62, 0x0f, 0x00, 0x02, 0x72, 0x03, 0x00, 0x05, 0x00, 0x00, 0x00,
  0x00, 0x0f, 0x00, 0x00, 0x00, 0xe2, 0xaf, 0x00, 0x24, 0x72, 0x02, 0xff,
  0xff, 0x00, 0x00, 0x00, 0x04, 0x00, 0x8e, 0x07, 0x00, 0xe2, 0x0f, 0x00,
  0xac, 0x77, 0x0a, 0xff, 0x00, 0x7c, 0x00, 0x00, 0x00, 0x0a, 0x00, 0x08,
  0x00, 0x66, 0x0e, 0x00, 0x25, 0x7c, 0x02, 0x09, 0x08, 0x00, 0x00, 0x00,
  0x02, 0x00, 0x8e, 0x0f, 0x00, 0xc8, 0x0f, 0x02, 0x24, 0x7c, 0x09, 0x09,
  0x09, 0x00, 0x00, 0x00, 0x03, 0x02, 0x8e, 0x0f, 0x00, 0xe2, 0x0f, 0x00,
  0x10, 0x7c, 0x02, 0x02, 0x0a, 0x00, 0x00, 0x00, 0xff, 0xe0, 0xf1, 0x0f,
  0x00, 0xc8, 0x2f, 0x00, 0x10, 0x7c, 0x03, 0x09, 0x0b, 0x00, 0x00, 0x00,
  0xff, 0xe4, 0x7f, 0x08, 0x00, 0xca, 0x0f, 0x00, 0x86, 0x79, 0x00, 0x02,
  0x20, 0x00, 0x00, 0x00, 0x0c, 0x1d, 0x10, 0x0c, 0x00, 0xe8, 0x03, 0x00,
  0x41, 0x79, 0x01, 0x00, 0x00, 0x00, 0x00, 0x00, 0x00, 0x02, 0x80, 0x03,
  0x00, 0xea, 0x0f, 0x00, 0x47, 0x19, 0x24, 0x00, 0x00, 0x00, 0x00, 0x00,
  0x00, 0x00, 0x80, 0x03, 0x00, 0xea, 0x0f, 0x00, 0xac, 0x77, 0x08, 0xff,
  0x00, 0x82, 0x00, 0x00, 0x00, 0x0a, 0x00, 0x08, 0x00, 0x62, 0x0f, 0x00,
  0x02, 0x72, 0x03, 0x00, 0x05, 0x00, 0x00, 0x00, 0x00, 0x0f, 0x00, 0x00,
  0x00, 0xe2, 0xaf, 0x00, 0x24, 0x72, 0x02, 0xff, 0xff, 0x00, 0x00, 0x00,
  0x04, 0x00, 0x8e, 0x07, 0x00, 0xe2, 0x0f, 0x00, 0xac, 0x77, 0x0a, 0xff,
  0x00, 0x7c, 0x00, 0x00, 0x00, 0x0a, 0x00, 0x08, 0x00, 0x66, 0x0e, 0x00,
  0x25, 0x7c, 0x02, 0x0b, 0x08, 0x00, 0x00, 0x00, 0x02, 0x00, 0x8e, 0x0f,
  0x00, 0xc8, 0x0f, 0x02, 0x24, 0x7c, 0x0b, 0x0b, 0x09, 0x00, 0x00, 0x00,
  0x03, 0x02, 0x8e, 0x0f, 0x00, 0xe2, 0x0f, 0x00, 0x10, 0x7c, 0x02, 0x02,
  0x0a, 0x00, 0x00, 0x00, 0xff, 0xe0, 0xf1, 0x0f, 0x00, 0xc8, 0x2f, 0x00,
  0x10, 0x7c, 0x03, 0x0b, 0x0b, 0x00, 0x00, 0x00, 0xff, 0xe4, 0x7f, 0x08,
  0x00, 0xca, 0x0f, 0x00, 0x86, 0x79, 0x00, 0x02, 0x24, 0x00, 0x00, 0x00,
  0x0c, 0x1d, 0x10, 0x0c, 0x00, 0xe8, 0x03, 0x00, 0x41, 0x79, 0x00, 0x00,
  0x00, 0x00, 0x00, 0x00, 0x00, 0x02, 0x80, 0x03, 0x00, 0xea, 0x0f, 0x00,
  0xac, 0x77, 0x08, 0xff, 0x00, 0x7d, 0x00, 0x00, 0x00, 0x0a, 0x00, 0x08,
  0x00, 0x64, 0x0f, 0x00, 0x0c, 0x7c, 0x00, 0xff, 0x08, 0x00, 0x00, 0x00,
  0x70, 0x50, 0xf0, 0x0b, 0x00, 0xc8, 0x0f, 0x02, 0x0c, 0x7c, 0x00, 0xff,
  0x09, 0x00, 0x00, 0x00, 0x00, 0x53, 0xf0, 0x0b, 0x00, 0xda, 0x0f, 0x00,
  0x4d, 0x89, 0x00, 0x00, 0x00, 0x00, 0x00, 0x00, 0x00, 0x00, 0x80, 0x03,
  0x00, 0xea, 0x0f, 0x00, 0x82, 0x7b, 0x08, 0xff, 0x00, 0x06, 0x01, 0x00,
  0x00, 0x0a, 0x00, 0x00, 0x00, 0xe2, 0x8e, 0x00, 0x12, 0x78, 0xff, 0x28,
  0x83, 0x03, 0x00, 0x00, 0xff, 0xc0, 0x80, 0x07, 0x00, 0xda, 0x0f, 0x00,
  0x4d, 0x09, 0x00, 0x00, 0x00, 0x00, 0x00, 0x00, 0x00, 0x00, 0x80, 0x03,
  0x00, 0xea, 0x0f, 0x00, 0x36, 0x7c, 0x00, 0x07, 0x07, 0x00, 0x00, 0x00,
  0x00, 0x00, 0x00, 0x08, 0x00, 0xe4, 0x2f, 0x04, 0x25, 0x72, 0x02, 0x07,
  0x08, 0x00, 0x00, 0x00, 0xff, 0x00, 0x8e, 0x07, 0x00, 0xc6, 0x8f, 0x00,
  0x0c, 0x7c, 0x00, 0x00, 0x04, 0x00, 0x00, 0x00, 0x70, 0x62, 0xf0, 0x0b,
  0x00, 0xe2, 0x0f, 0x04, 0x24, 0x72, 0x03, 0x07, 0x09, 0x00, 0x00, 0x00,
  0x03, 0x02, 0x8e, 0x07, 0x00, 0xe2, 0x0f, 0x00, 0x10, 0x78, 0x00, 0x00,
  0x08, 0x00, 0x00, 0x00, 0xff, 0xe0, 0xff, 0x07, 0x00, 0xe2, 0x0f, 0x00,
  0x25, 0x78, 0x04, 0xe3, 0x08, 0x00, 0x00, 0x00, 0x02, 0x02, 0x8e, 0x07,
  0x00, 0xd4, 0x0f, 0x00, 0x24, 0x8c, 0x07, 0x08, 0x07, 0x00, 0x00, 0x00,
  0xff, 0x02, 0x8e, 0x0f, 0x00, 0xca, 0x0f, 0x00, 0x19, 0x88, 0x03, 0xff,
  0x1f, 0x00, 0x00, 0x00, 0x07, 0x14, 0x01, 0x00, 0x00, 0xe4, 0x0f, 0x10,
  0x10, 0x8c, 0x02, 0x04, 0x08, 0x00, 0x00, 0x00, 0x07, 0xe0, 0xa3, 0x0f,
  0x00, 0xc8, 0x0f, 0x00, 0x10, 0x8c, 0x03, 0x05, 0x09, 0x00, 0x00, 0x00,
  0x03, 0x44, 0xfe, 0x08, 0x00, 0xe4, 0x0f, 0x00, 0x0c, 0x7c, 0x00, 0x00,
  0x04, 0x00, 0x00, 0x00, 0x70, 0x62, 0xf2, 0x0b, 0x00, 0xc6, 0x0f, 0x00,
  0x86, 0x89, 0x00, 0x02, 0xd3, 0x00, 0x00, 0x00, 0x0c, 0x19, 0x10, 0x0c,
  0x00, 0xe8, 0x03, 0x00, 0x86, 0x89, 0x00, 0x02, 0xd7, 0x04, 0x00, 0x00,
  0x0c, 0x19, 0x10, 0x0c, 0x00, 0xec, 0x03, 0x00, 0x4d, 0x19, 0x00, 0x00,
  0x00, 0x00, 0x00, 0x00, 0x00, 0x00, 0x80, 0x03, 0x00, 0xea, 0x0f, 0x00,
  0x90, 0x78, 0x04, 0x07, 0x08, 0x00, 0x00, 0x00, 0xff, 0xe0, 0xff, 0x0f,
  0x00, 0xcc, 0x0f, 0x00, 0x24, 0x7c, 0x03, 0x08, 0x04, 0x00, 0x00, 0x00,
  0xff, 0x02, 0x8e, 0x0f, 0x00, 0xca, 0x2f, 0x00, 0x19, 0x78, 0x07, 0xff,
  0x1f, 0x00, 0x00, 0x00, 0x03, 0x14, 0x01, 0x00, 0x00, 0xe4, 0x0f, 0x10,
  0x10, 0x7c, 0x02, 0x04, 0x08, 0x00, 0x00, 0x00, 0x03, 0xe0, 0x91, 0x0f,
  0x00, 0xc8, 0x0f, 0x00, 0x10, 0x7c, 0x03, 0x05, 0x09, 0x00, 0x00, 0x00,
  0x07, 0x24, 0x7e, 0x08, 0x00, 0xca, 0x0f, 0x00, 0x86, 0x79, 0x00, 0x02,
  0xd6, 0x00, 0x00, 0x00, 0x0c, 0x19, 0x10, 0x0c, 0x00, 0xe8, 0x0f, 0x00,
  0x86, 0x79, 0x00, 0x02, 0xd8, 0x04, 0x00, 0x00, 0x0c, 0x19, 0x10, 0x0c,
  0x00, 0xe2, 0x0f, 0x00, 0x4d, 0x79, 0x00, 0x00, 0x00, 0x00, 0x00, 0x00,
  0x00, 0x00, 0x80, 0x03, 0x00, 0xea, 0x0f, 0x00, 0x47, 0x79, 0xfc, 0x00,
  0xfc, 0xff, 0xff, 0xff, 0xff, 0xff, 0x83, 0x03, 0x00, 0xc0, 0x0f, 0x00,
  0x18, 0x79, 0x00, 0x00, 0x00, 0x00, 0x00, 0x00, 0x00, 0x00, 0x00, 0x00,
  0x00, 0xc0, 0x0f, 0x00, 0x18, 0x79, 0x00, 0x00, 0x00, 0x00, 0x00, 0x00,
  0x00, 0x00, 0x00, 0x00, 0x00, 0xc0, 0x0f, 0x00, 0x18, 0x79, 0x00, 0x00,
  0x00, 0x00, 0x00, 0x00, 0x00, 0x00, 0x00, 0x00, 0x00, 0xc0, 0x0f, 0x00,
  0x18, 0x79, 0x00, 0x00, 0x00, 0x00, 0x00, 0x00, 0x00, 0x00, 0x00, 0x00,
  0x00, 0xc0, 0x0f, 0x00, 0x18, 0x79, 0x00, 0x00, 0x00, 0x00, 0x00, 0x00,
  0x00, 0x00, 0x00, 0x00, 0x00, 0xc0, 0x0f, 0x00, 0x18, 0x79, 0x00, 0x00,
  0x00, 0x00, 0x00, 0x00, 0x00, 0x00, 0x00, 0x00, 0x00, 0xc0, 0x0f, 0x00,
  0x18, 0x79, 0x00, 0x00, 0x00, 0x00, 0x00, 0x00, 0x00, 0x00, 0x00, 0x00,
  0x00, 0xc0, 0x0f, 0x00, 0x18, 0x79, 0x00, 0x00, 0x00, 0x00, 0x00, 0x00,
  0x00, 0x00, 0x00, 0x00, 0x00, 0xc0, 0x0f, 0x00, 0x18, 0x79, 0x00, 0x00,
  0x00, 0x00, 0x00, 0x00, 0x00, 0x00, 0x00, 0x00, 0x00, 0xc0, 0x0f, 0x00,
  0x18, 0x79, 0x00, 0x00, 0x00, 0x00, 0x00, 0x00, 0x00, 0x00, 0x00, 0x00,
  0x00, 0xc0, 0x0f, 0x00, 0x18, 0x79, 0x00, 0x00, 0x00, 0x00, 0x00, 0x00,
  0x00, 0x00, 0x00, 0x00, 0x00, 0xc0, 0x0f, 0x00, 0x18, 0x79, 0x00, 0x00,
  0x00, 0x00, 0x00, 0x00, 0x00, 0x00, 0x00, 0x00, 0x00, 0xc0, 0x0f, 0x00,
  0x00, 0x00, 0x00, 0x00, 0x00, 0x00, 0x00, 0x00, 0x00, 0x00, 0x00, 0x00,
  0x00, 0x00, 0x00, 0x00, 0x00, 0x00, 0x00, 0x00, 0x00, 0x00, 0x00, 0x00,
  0x00, 0x00, 0x00, 0x00, 0x00, 0x00, 0x00, 0x00, 0x00, 0x00, 0x00, 0x00,
  0x00, 0x00, 0x00, 0x00, 0x00, 0x00, 0x00, 0x00, 0x00, 0x00, 0x00, 0x00,
  0x00, 0x00, 0x00, 0x00, 0x00, 0x00, 0x00, 0x00, 0x00, 0x00, 0x00, 0x00,
  0x00, 0x00, 0x00, 0x00, 0x00, 0x00, 0x00, 0x00, 0x00, 0x00, 0x00, 0x00,
  0x00, 0x00, 0x00, 0x00, 0x00, 0x00, 0x00, 0x00, 0x00, 0x00, 0x00, 0x00,
  0x00, 0x00, 0x00, 0x00, 0x00, 0x00, 0x00, 0x00, 0x00, 0x00, 0x00, 0x00,
  0x00, 0x00, 0x00, 0x00, 0x00, 0x00, 0x00, 0x00, 0x00, 0x00, 0x00, 0x00,
  0x00, 0x00, 0x00, 0x00, 0x00, 0x00, 0x00, 0x00, 0x00, 0x00, 0x00, 0x00,
  0x00, 0x00, 0x00, 0x00, 0x00, 0x00, 0x00, 0x00, 0x00, 0x00, 0x00, 0x00,
  0x00, 0x00, 0x00, 0x00, 0x00, 0x00, 0x00, 0x00, 0x00, 0x00, 0x00, 0x00,
  0x00, 0x00, 0x00, 0x00, 0x00, 0x00, 0x00, 0x00, 0x00, 0x00, 0x00, 0x00,
  0x00, 0x00, 0x00, 0x00, 0x00, 0x00, 0x00, 0x00, 0x00, 0x00, 0x00, 0x00,
  0x00, 0x00, 0x00, 0x00, 0x00, 0x00, 0x00, 0x00, 0x00, 0x00, 0x00, 0x00,
  0x00, 0x00, 0x00, 0x00, 0x00, 0x00, 0x00, 0x00, 0x00, 0x00, 0x00, 0x00,
  0x00, 0x00, 0x00, 0x00, 0x00, 0x00, 0x00, 0x00, 0x00, 0x00, 0x00, 0x00,
  0x00, 0x00, 0x00, 0x00, 0x00, 0x00, 0x00, 0x00, 0x00, 0x00, 0x00, 0x00,
  0x00, 0x00, 0x00, 0x00, 0x00, 0x00, 0x00, 0x00, 0x00, 0x00, 0x00, 0x00,
  0x00, 0x00, 0x00, 0x00, 0x00, 0x00, 0x00, 0x00, 0x00, 0x00, 0x00, 0x00,
  0x00, 0x00, 0x00, 0x00, 0x00, 0x00, 0x00, 0x00, 0x00, 0x00, 0x00, 0x00,
  0x00, 0x00, 0x00, 0x00, 0x00, 0x00, 0x00, 0x00, 0x00, 0x00, 0x00, 0x00,
  0x00, 0x00, 0x00, 0x00, 0x00, 0x00, 0x00, 0x00, 0x00, 0x00, 0x00, 0x00,
  0x00, 0x00, 0x00, 0x00, 0x00, 0x00, 0x00, 0x00, 0x00, 0x00, 0x00, 0x00,
  0x00, 0x00, 0x00, 0x00, 0x00, 0x00, 0x00, 0x00, 0x00, 0x00, 0x00, 0x00,
  0x00, 0x00, 0x00, 0x00, 0x00, 0x00, 0x00, 0x00, 0x00, 0x00, 0x00, 0x00,
  0x00, 0x00, 0x00, 0x00, 0x00, 0x00, 0x00, 0x00, 0x00, 0x00, 0x00, 0x00,
  0x00, 0x00, 0x00, 0x00, 0x00, 0x00, 0x00, 0x00, 0x00, 0x00, 0x00, 0x00,
  0x00, 0x00, 0x00, 0x00, 0x00, 0x00, 0x00, 0x00, 0x00, 0x00, 0x00, 0x00,
  0x00, 0x00, 0x00, 0x00, 0x00, 0x00, 0x00, 0x00, 0x00, 0x00, 0x00, 0x00,
  0x00, 0x00, 0x00, 0x00, 0x00, 0x00, 0x00, 0x00, 0x00, 0x00, 0x00, 0x00,
  0x00, 0x00, 0x00, 0x00, 0x00, 0x00, 0x00, 0x00, 0x00, 0x00, 0x00, 0x00,
  0x00, 0x00, 0x00, 0x00, 0x00, 0x00, 0x00, 0x00, 0x00, 0x00, 0x00, 0x00,
  0x00, 0x00, 0x00, 0x00, 0x00, 0x00, 0x00, 0x00, 0x00, 0x00, 0x00, 0x00,
  0x00, 0x00, 0x00, 0x00, 0x00, 0x00, 0x00, 0x00, 0x00, 0x00, 0x00, 0x00,
  0x00, 0x00, 0x00, 0x00, 0x00, 0x00, 0x00, 0x00, 0x00, 0x00, 0x00, 0x00,
  0x00, 0x00, 0x00, 0x00, 0x00, 0x00, 0x00, 0x00, 0x00, 0x00, 0x00, 0x00,
  0x00, 0x00, 0x00, 0x00, 0x00, 0x00, 0x00, 0x00, 0x00, 0x00, 0x00, 0x00,
  0x00, 0x00, 0x00, 0x00, 0x00, 0x00, 0x00, 0x00, 0x00, 0x00, 0x00, 0x00,
  0x00, 0x00, 0x00, 0x00, 0x00, 0x00, 0x00, 0x00, 0x00, 0x00, 0x00, 0x00,
  0x00, 0x00, 0x00, 0x00, 0x00, 0x00, 0x00, 0x00, 0x00, 0x00, 0x00, 0x00,
  0x00, 0x00, 0x00, 0x00, 0x00, 0x00, 0x00, 0x00, 0x00, 0x00, 0x00, 0x00,
  0x00, 0x00, 0x00, 0x00, 0x00, 0x00, 0x00, 0x00, 0x00, 0x00, 0x00, 0x00,
  0x00, 0x00, 0x00, 0x00, 0x00, 0x00, 0x00, 0x00, 0x00, 0x00, 0x00, 0x00,
  0x00, 0x00, 0x00, 0x00, 0x00, 0x00, 0x00, 0x00, 0x00, 0x00, 0x00, 0x00,
  0x00, 0x00, 0x00, 0x00, 0x00, 0x00, 0x00, 0x00, 0x00, 0x00, 0x00, 0x00,
  0x00, 0x00, 0x00, 0x00, 0x00, 0x00, 0x00, 0x00, 0x00, 0x00, 0x00, 0x00,
  0x00, 0x00, 0x00, 0x00, 0x00, 0x00, 0x00, 0x00, 0x00, 0x00, 0x00, 0x00,
  0x00, 0x00, 0x00, 0x00, 0x00, 0x00, 0x00, 0x00, 0x00, 0x00, 0x00, 0x00,
  0x00, 0x00, 0x00, 0x00, 0x00, 0x00, 0x00, 0x00, 0x00, 0x00, 0x00, 0x00,
  0x00, 0x00, 0x00, 0x00, 0x00, 0x00, 0x00, 0x00, 0x00, 0x00, 0x00, 0x00,
  0x00, 0x00, 0x00, 0x00, 0x00, 0x00, 0x00, 0x00, 0x00, 0x00, 0x00, 0x00,
  0x00, 0x00, 0x00, 0x00, 0x00, 0x00, 0x00, 0x00, 0x00, 0x00, 0x00, 0x00,
  0x00, 0x00, 0x00, 0x00, 0x00, 0x00, 0x00, 0x00, 0x00, 0x00, 0x00, 0x00,
  0x00, 0x00, 0x00, 0x00, 0x00, 0x00, 0x00, 0x00, 0x00, 0x00, 0x00, 0x00,
  0x00, 0x00, 0x00, 0x00, 0x00, 0x00, 0x00, 0x00, 0x00, 0x00, 0x00, 0x00,
  0x00, 0x00, 0x00, 0x00, 0x00, 0x00, 0x00, 0x00, 0x00, 0x00, 0x00, 0x00,
  0x00, 0x00, 0x00, 0x00, 0x00, 0x00, 0x00, 0x00, 0x00, 0x00, 0x00, 0x00,
  0x00, 0x00, 0x00, 0x00, 0x00, 0x00, 0x00, 0x00, 0x00, 0x00, 0x00, 0x00,
  0x00, 0x00, 0x00, 0x00, 0x00, 0x00, 0x00, 0x00, 0x00, 0x00, 0x00, 0x00,
  0x00, 0x00, 0x00, 0x00, 0x00, 0x00, 0x00, 0x00, 0x00, 0x00, 0x00, 0x00,
  0x00, 0x00, 0x00, 0x00, 0x00, 0x00, 0x00, 0x00, 0x00, 0x00, 0x00, 0x00,
  0x00, 0x00, 0x00, 0x00, 0x00, 0x00, 0x00, 0x00, 0x00, 0x00, 0x00, 0x00,
  0x00, 0x00, 0x00, 0x00, 0x00, 0x00, 0x00, 0x00, 0x00, 0x00, 0x00, 0x00,
  0x00, 0x00, 0x00, 0x00, 0x00, 0x00, 0x00, 0x00, 0x00, 0x00, 0x00, 0x00,
  0x00, 0x00, 0x00, 0x00, 0x00, 0x00, 0x00, 0x00, 0x00, 0x00, 0x00, 0x00,
  0x00, 0x00, 0x00, 0x00, 0x00, 0x00, 0x00, 0x00, 0x00, 0x00, 0x00, 0x00,
  0x00, 0x00, 0x00, 0x00, 0x00, 0x00, 0x00, 0x00, 0x00, 0x00, 0x00, 0x00,
  0x00, 0x00, 0x00, 0x00, 0x00, 0x00, 0x00, 0x00, 0x00, 0x00, 0x00, 0x00,
  0x00, 0x00, 0x00, 0x00, 0x00, 0x00, 0x00, 0x00, 0x00, 0x00, 0x00, 0x00,
  0x00, 0x00, 0x00, 0x00, 0x00, 0x00, 0x00, 0x00, 0x00, 0x00, 0x00, 0x00,
  0x00, 0x00, 0x00, 0x00, 0x00, 0x00, 0x00, 0x00, 0x00, 0x00, 0x00, 0x00,
  0x00, 0x00, 0x00, 0x00, 0x00, 0x00, 0x00, 0x00, 0x00, 0x00, 0x00, 0x00,
  0x00, 0x00, 0x00, 0x00, 0x00, 0x00, 0x00, 0x00, 0x00, 0x00, 0x00, 0x00,
  0x00, 0x00, 0x00, 0x00, 0x00, 0x00, 0x00, 0x00, 0x00, 0x00, 0x00, 0x00,
  0x00, 0x00, 0x00, 0x00, 0x00, 0x00, 0x00, 0x00, 0x00, 0x00, 0x00, 0x00,
  0x00, 0x00, 0x00, 0x00, 0x00, 0x00, 0x00, 0x00, 0x00, 0x00, 0x00, 0x00,
  0x00, 0x00, 0x00, 0x00, 0x00, 0x00, 0x00, 0x00, 0x00, 0x00, 0x00, 0x00,
  0x00, 0x00, 0x00, 0x00, 0x00, 0x00, 0x00, 0x00, 0x00, 0x00, 0x00, 0x00,
  0x00, 0x00, 0x00, 0x00, 0x00, 0x00, 0x00, 0x00, 0x00, 0x00, 0x00, 0x00,
  0x00, 0x00, 0x00, 0x00, 0x00, 0x00, 0x00, 0x00, 0x00, 0x00, 0x00, 0x00,
  0x00, 0x00, 0x00, 0x00, 0x00, 0x00, 0x00, 0x00, 0x00, 0x00, 0x00, 0x00,
  0x00, 0x00, 0x00, 0x00, 0x00, 0x00, 0x00, 0x00, 0x00, 0x00, 0x00, 0x00,
  0x00, 0x00, 0x00, 0x00, 0x00, 0x00, 0x00, 0x00, 0x00, 0x00, 0x00, 0x00,
  0x00, 0x00, 0x00, 0x00, 0x00, 0x00, 0x00, 0x00, 0x00, 0x00, 0x00, 0x00,
  0x00, 0x00, 0x00, 0x00, 0x00, 0x00, 0x00, 0x00, 0x00, 0x00, 0x00, 0x00,
  0x00, 0x00, 0x00, 0x00, 0x00, 0x00, 0x00, 0x00, 0x00, 0x00, 0x00, 0x00,
  0x00, 0x00, 0x00, 0x00, 0x00, 0x00, 0x00, 0x00, 0x00, 0x00, 0x00, 0x00,
  0x00, 0x00, 0x00, 0x00, 0x00, 0x00, 0x00, 0x00, 0x00, 0x00, 0x00, 0x00,
  0x00, 0x00, 0x00, 0x00, 0x00, 0x00, 0x00, 0x00, 0x00, 0x00, 0x00, 0x00,
  0x00, 0x00, 0x00, 0x00, 0x00, 0x00, 0x00, 0x00, 0x00, 0x00, 0x00, 0x00,
  0x00, 0x00, 0x00, 0x00, 0x00, 0x00, 0x00, 0x00, 0x00, 0x00, 0x00, 0x00,
  0x00, 0x00, 0x00, 0x00, 0x00, 0x00, 0x00, 0x00, 0x00, 0x00, 0x00, 0x00,
  0x00, 0x00, 0x00, 0x00, 0x00, 0x00, 0x00, 0x00, 0x00, 0x00, 0x00, 0x00,
  0x00, 0x00, 0x00, 0x00, 0x00, 0x00, 0x00, 0x00, 0x00, 0x00, 0x00, 0x00,
  0x00, 0x00, 0x00, 0x00, 0x00, 0x00, 0x00, 0x00, 0x00, 0x00, 0x00, 0x00,
  0x00, 0x00, 0x00, 0x00, 0x00, 0x00, 0x00, 0x00, 0x00, 0x00, 0x00, 0x00,
  0x00, 0x00, 0x00, 0x00, 0x00, 0x00, 0x00, 0x00, 0x00, 0x00, 0x00, 0x00,
  0x00, 0x00, 0x00, 0x00, 0x00, 0x00, 0x00, 0x00, 0x00, 0x00, 0x00, 0x00,
  0x00, 0x00, 0x00, 0x00, 0x00, 0x00, 0x00, 0x00, 0x00, 0x00, 0x00, 0x00,
  0x00, 0x00, 0x00, 0x00, 0x00, 0x00, 0x00, 0x00, 0x00, 0x00, 0x00, 0x00,
  0x00, 0x00, 0x00, 0x00, 0x00, 0x00, 0x00, 0x00, 0x00, 0x00, 0x00, 0x00,
  0x00, 0x00, 0x00, 0x00, 0x00, 0x00, 0x00, 0x00, 0x00, 0x00, 0x00, 0x00,
  0x00, 0x00, 0x00, 0x00, 0x00, 0x00, 0x00, 0x00, 0x00, 0x00, 0x00, 0x00,
  0x00, 0x00, 0x00, 0x00, 0x00, 0x00, 0x00, 0x00, 0x00, 0x00, 0x00, 0x00,
  0x00, 0x00, 0x00, 0x00, 0x00, 0x00, 0x00, 0x00, 0x00, 0x00, 0x00, 0x00,
  0x00, 0x00, 0x00, 0x00, 0x00, 0x00, 0x00, 0x00, 0x00, 0x00, 0x00, 0x00,
  0x00, 0x00, 0x00, 0x00, 0x00, 0x00, 0x00, 0x00, 0x00, 0x00, 0x00, 0x00,
  0x00, 0x00, 0x00, 0x00, 0x00, 0x00, 0x00, 0x00, 0x00, 0x00, 0x00, 0x00,
  0x00, 0x00, 0x00, 0x00, 0x00, 0x00, 0x00, 0x00, 0x00, 0x00, 0x00, 0x00,
  0x00, 0x00, 0x00, 0x00, 0x00, 0x00, 0x00, 0x00, 0x00, 0x00, 0x00, 0x00,
  0x00, 0x00, 0x00, 0x00, 0x00, 0x00, 0x00, 0x00, 0x00, 0x00, 0x00, 0x00,
  0x00, 0x00, 0x00, 0x00, 0x00, 0x00, 0x00, 0x00, 0x00, 0x00, 0x00, 0x00,
  0x00, 0x00, 0x00, 0x00, 0x00, 0x00, 0x00, 0x00, 0x00, 0x00, 0x00, 0x00,
  0x00, 0x00, 0x00, 0x00, 0x00, 0x00, 0x00, 0x00, 0x00, 0x00, 0x00, 0x00,
  0x00, 0x00, 0x00, 0x00, 0x00, 0x00, 0x00, 0x00, 0x00, 0x00, 0x00, 0x00,
  0x00, 0x00, 0x00, 0x00, 0x00, 0x00, 0x00, 0x00, 0x00, 0x00, 0x00, 0x00,
  0x00, 0x00, 0x00, 0x00, 0x00, 0x00, 0x00, 0x00, 0x00, 0x00, 0x00, 0x00,
  0x00, 0x00, 0x00, 0x00, 0x00, 0x00, 0x00, 0x00, 0x00, 0x00, 0x00, 0x00,
  0x00, 0x00, 0x00, 0x00, 0x00, 0x00, 0x00, 0x00, 0x00, 0x00, 0x00, 0x00,
  0x00, 0x00, 0x00, 0x00, 0x00, 0x00, 0x00, 0x00, 0x00, 0x00, 0x00, 0x00,
  0x00, 0x00, 0x00, 0x00, 0x00, 0x00, 0x00, 0x00, 0x00, 0x00, 0x00, 0x00,
  0x00, 0x00, 0x00, 0x00, 0x00, 0x00, 0x00, 0x00, 0x00, 0x00, 0x00, 0x00,
  0x00, 0x00, 0x00, 0x00, 0x00, 0x00, 0x00, 0x00, 0x00, 0x00, 0x00, 0x00,
  0x00, 0x00, 0x00, 0x00, 0x00, 0x00, 0x00, 0x00, 0x00, 0x00, 0x00, 0x00,
  0x00, 0x00, 0x00, 0x00, 0x00, 0x00, 0x00, 0x00, 0x00, 0x00, 0x00, 0x00,
  0x00, 0x00, 0x00, 0x00, 0x00, 0x00, 0x00, 0x00, 0x00, 0x00, 0x00, 0x00,
  0x00, 0x00, 0x00, 0x00, 0x00, 0x00, 0x00, 0x00, 0x00, 0x00, 0x00, 0x00,
  0x00, 0x00, 0x00, 0x00, 0x00, 0x00, 0x00, 0x00, 0x00, 0x00, 0x00, 0x00,
  0x00, 0x00, 0x00, 0x00, 0x00, 0x00, 0x00, 0x00, 0x00, 0x00, 0x00, 0x00,
  0x00, 0x00, 0x00, 0x00, 0x00, 0x00, 0x00, 0x00, 0x00, 0x00, 0x00, 0x00,
  0x00, 0x00, 0x00, 0x00, 0x00, 0x00, 0x00, 0x00, 0x00, 0x00, 0x00, 0x00,
  0x00, 0x00, 0x00, 0x00, 0x00, 0x00, 0x00, 0x00, 0x00, 0x00, 0x00, 0x00,
  0x00, 0x00, 0x00, 0x00, 0x0d, 0x00, 0x00, 0x00, 0xae, 0x04, 0x00, 0x40,
  0x70, 0xc3, 0xa7, 0x9f, 0xf5, 0x7f, 0xfd, 0xfb, 0x7f, 0xfb, 0xff, 0xdf,
  0xfd, 0xf9, 0xef, 0xaf, 0xff, 0xfe, 0xdf, 0xfe, 0xff, 0xbd, 0xdf, 0xff,
  0xff, 0xef, 0xff, 0xff, 0xff, 0xff, 0xff, 0xbb, 0xba, 0xed, 0xff, 0xfe,
  0xab, 0xea, 0xf7, 0xfb, 0xfe, 0xee, 0x6d, 0xef, 0xea, 0x4c, 0x40, 0x08,
  0x00, 0x00, 0x02, 0x00, 0x00, 0x00, 0xec, 0xff, 0x5f, 0xfe, 0xbf, 0xff,
  0xff, 0xb7, 0x7b, 0x8b, 0x0c, 0x00, 0x00, 0x00, 0xc0, 0xfe, 0xff, 0xff,
  0xff, 0xff, 0xff, 0xff, 0xff, 0xff, 0xff, 0xff, 0xff, 0xff, 0xff, 0xff,
  0xff, 0xff, 0xff, 0xff, 0xff, 0xff, 0xff, 0xff, 0xff, 0xff, 0xff, 0xff,
  0xff, 0xff, 0xff, 0xff, 0xff, 0xff, 0xff, 0xff, 0xff, 0x7d, 0x00, 0x00,
  0x04, 0x00, 0x78, 0x00, 0x00, 0x01, 0x00, 0xae, 0xba, 0x7d, 0xff, 0xff,
  0xff, 0xff, 0x55, 0xd5, 0x7e, 0xdb, 0xb6, 0xfd, 0xff, 0xff, 0xfd, 0xff,
  0xe7, 0xfd, 0xf6, 0x7e, 0x7b, 0xbf, 0xbd, 0xdf, 0xde, 0x6f, 0xef, 0xb7,
  0xb7, 0xbd, 0xec, 0xff, 0xf3, 0x13, 0x00, 0x00, 0x01, 0x0b, 0x04, 0x0a,
  0xf8, 0x00, 0x04, 0x00, 0x00, 0x00, 0x41, 0x00, 0x00, 0x04, 0x00, 0x00,
  0x01, 0x0b, 0x06, 0x0a, 0xfa, 0x00, 0x04, 0x00, 0x00, 0x00, 0x01, 0x02,
  0x06, 0x02, 0x00, 0x00, 0x02, 0x22, 0x08, 0x06, 0xfa, 0x00, 0x52, 0x00,
  0x00, 0x00, 0x03, 0x01, 0x40, 0x00, 0x02, 0x00, 0x00, 0x00, 0x00, 0x00,
  0x00, 0x00, 0x00, 0x00, 0x00, 0x00, 0x00, 0x00, 0x18, 0x02, 0x00, 0x00,
  0x01, 0x0b, 0x0e, 0x0a, 0xfa, 0x00, 0x05, 0x00, 0x00, 0x00, 0x03, 0x03,
  0x39, 0x04, 0x00, 0x00, 0x02, 0x22, 0x08, 0x06, 0xfa, 0x00, 0x52, 0x00,
  0x00, 0x00, 0x03, 0x01, 0x40, 0x00, 0x02, 0x00, 0x00, 0x00, 0x00, 0x00,
  0x00, 0x00, 0x00, 0x00, 0x00, 0x00, 0x00, 0x00, 0x20, 0x02, 0x00, 0x00,
  0x42, 0x10, 0x36, 0x14, 0x42, 0x10, 0x40, 0x14, 0x02, 0x10, 0x02, 0x14,
  0xf8, 0x00, 0x00, 0x00, 0x00, 0x00, 0x01, 0x10, 0x01, 0xf8, 0x00, 0xf8,
  0x00, 0x00, 0xf8, 0x00, 0x00, 0x00, 0x00, 0x00, 0x00, 0x00, 0x00, 0x00,
  0x00, 0x00, 0x00, 0x00, 0x42, 0x25, 0x42, 0x14, 0x02, 0x22, 0x08, 0x06,
  0xfa, 0x00, 0x02, 0x00, 0x00, 0x00, 0x81, 0x01, 0x40, 0x00, 0x02, 0x00,
  0x00, 0x00, 0x00, 0x00, 0x00, 0x00, 0x00, 0x00, 0x00, 0x00, 0x00, 0x00,
  0x59, 0x02, 0x00, 0x00, 0x01, 0x0b, 0x04, 0x0a, 0xf8, 0x00, 0x04, 0x00,
  0x00, 0x00, 0x01, 0x30, 0x04, 0x02, 0x00, 0x00, 0x02, 0x22, 0x0e, 0x06,
  0x00, 0x00, 0x42, 0x00, 0x00, 0x00, 0xc1, 0x38, 0x40, 0x00, 0x02, 0x00,
  0x00, 0x00, 0x00, 0x00, 0x00, 0x00, 0x00, 0x00, 0x00, 0x00, 0x00, 0x00,
  0xd8, 0x01, 0x00, 0x00, 0x02, 0x22, 0x0e, 0x06, 0xf8, 0x00, 0x42, 0x00,
  0x00, 0x00, 0x01, 0x03, 0x40, 0x00, 0x02, 0x00, 0x00, 0x00, 0x00, 0x00,
  0x00, 0x00, 0x00, 0x00, 0x00, 0x00, 0x00, 0x00, 0xd0, 0x01, 0x00, 0x00,
  0x01, 0x0b, 0x04, 0x0a, 0xf8, 0x00, 0x04, 0x00, 0x00, 0x00, 0x41, 0x30,
  0x01, 0x02, 0x00, 0x00, 0x01, 0x0b, 0x04, 0x0a, 0xf8, 0x00, 0x04, 0x00,
  0x00, 0x00, 0xc1, 0x02, 0x05, 0x02, 0x00, 0x00, 0x02, 0x22, 0x0e, 0x06,
  0xf8, 0x00, 0x42, 0x00, 0x00, 0x00, 0xc1, 0x04, 0x40, 0x00, 0x02, 0x00,
  0x00, 0x00, 0x00, 0x00, 0x00, 0x00, 0x00, 0x00, 0x00, 0x00, 0x00, 0x00,
  0xcc, 0x01, 0x00, 0x00, 0x02, 0x22, 0x08, 0x06, 0xfa, 0x00, 0x52, 0x00,
  0x00, 0x00, 0x03, 0x02, 0x40, 0x00, 0x02, 0x00, 0x00, 0x00, 0x00, 0x00,
  0x00, 0x00, 0x00, 0x00, 0x00, 0x00, 0x00, 0x00, 0x70, 0x00, 0x00, 0x00,
  0x41, 0x12, 0x40, 0x0a, 0x01, 0x29, 0x00, 0x04, 0xf8, 0x00, 0x04, 0x00,
  0x01, 0xf8, 0x81, 0x00, 0xc0, 0x04, 0x00, 0x03, 0x01, 0x2b, 0x00, 0x0a,
  0x11, 0x00, 0x04, 0x00, 0x00, 0x00, 0x01, 0xf8, 0x81, 0x03, 0x00, 0x03,
  0x41, 0x12, 0x40, 0x0a, 0x01, 0x29, 0x00, 0x04, 0xf8, 0x00, 0x04, 0x00,
  0x01, 0xf8, 0x81, 0x00, 0xc0, 0x02, 0x80, 0x03, 0x01, 0x2b, 0x00, 0x0a,
  0x11, 0x00, 0x04, 0x00, 0x00, 0x00, 0x01, 0xf8, 0xc1, 0x00, 0x80, 0x03,
  0x02, 0x22, 0x0e, 0x06, 0xf8, 0x00, 0x42, 0x00, 0x00, 0x00, 0x01, 0x02,
  0x40, 0x00, 0x02, 0x00, 0x00, 0x00, 0x00, 0x00, 0x00, 0x00, 0x00, 0x00,
  0x00, 0x00, 0x00, 0x00, 0xe0, 0x01, 0x00, 0x00, 0x02, 0x22, 0x08, 0x06,
  0xfa, 0x00, 0x52, 0x00, 0x00, 0x00, 0x03, 0x02, 0x40, 0x00, 0x02, 0x00,
  0x00, 0x00, 0x00, 0x00, 0x00, 0x00, 0x00, 0x00, 0x00, 0x00, 0x00, 0x00,
  0x70, 0x00, 0x00, 0x00, 0x02, 0x22, 0x08, 0x06, 0xfa, 0x00, 0x52, 0x00,
  0x00, 0x00, 0x83, 0x04, 0x40, 0x00, 0x02, 0x00, 0x00, 0x00, 0x00, 0x00,
  0x00, 0x00, 0x00, 0x00, 0x00, 0x00, 0x00, 0x00, 0x00, 0x00, 0x00, 0x00,
  0x02, 0x22, 0x08, 0x06, 0xfa, 0x00, 0x42, 0x00, 0x00, 0x00, 0x81, 0x01,
  0x40, 0x00, 0x02, 0x00, 0x00, 0x00, 0x00, 0x00, 0x00, 0x00, 0x00, 0x00,
  0x00, 0x00, 0x00, 0x00, 0xe0, 0x01, 0x00, 0x00, 0x41, 0x12, 0x40, 0x0a,
  0x01, 0x29, 0x00, 0x04, 0xf8, 0x00, 0x04, 0x00, 0x01, 0xf8, 0x81, 0x00,
  0xc0, 0x04, 0x00, 0x03, 0x01, 0x2b, 0x00, 0x0a, 0x01, 0x00, 0x04, 0x00,
  0x00, 0x00, 0x01, 0xf8, 0x81, 0x02, 0x00, 0x03, 0x41, 0x12, 0x40, 0x0a,
  0x01, 0x29, 0x00, 0x04, 0xf8, 0x00, 0x04, 0x00, 0x01, 0xf8, 0x81, 0x00,
  0xc0, 0x02, 0x80, 0x02, 0x01, 0x2b, 0x00, 0x0a, 0x09, 0x00, 0x04, 0x00,
  0x00, 0x00, 0x01, 0xf8, 0xc1, 0x00, 0x80, 0x02, 0x02, 0x22, 0x0e, 0x06,
  0xf8, 0x00, 0x42, 0x00, 0x00, 0x00, 0x81, 0x00, 0x40, 0x00, 0x02, 0x00,
  0x00, 0x00, 0x00, 0x00, 0x00, 0x00, 0x00, 0x00, 0x00, 0x00, 0x00, 0x00,
  0xe0, 0x01, 0x00, 0x00, 0x01, 0x0b, 0x06, 0x0a, 0xfa, 0x00, 0x04, 0x00,
  0x00, 0x00, 0xc1, 0x01, 0x2c, 0x02, 0x00, 0x00, 0x51, 0x02, 0x02, 0x23,
  0x30, 0x34, 0xf8, 0x00, 0x20, 0x10, 0x10, 0x01, 0x02, 0x00, 0xc0, 0x05,
  0x0a, 0x01, 0x00, 0x82, 0x02, 0x09, 0x00, 0x02, 0x03, 0x00, 0x28, 0x00,
  0x00, 0x00, 0x00, 0x00, 0x00, 0x00, 0x02, 0x23, 0x30, 0x34, 0xf8, 0x00,
  0x20, 0x10, 0x10, 0x01, 0x02, 0x00, 0xc0, 0x05, 0x0a, 0x01, 0x00, 0x02,
  0x03, 0x09, 0x00, 0x02, 0x03, 0x00, 0x00, 0x00, 0x00, 0x00, 0x00, 0x08,
  0x00, 0x00, 0x01, 0x0b, 0x0c, 0x0a, 0xf8, 0x00, 0x05, 0x00, 0x00, 0x00,
  0x83, 0x33, 0xff, 0x0f, 0x00, 0x00, 0x02, 0x23, 0x30, 0x34, 0xf8, 0x00,
  0x20, 0x10, 0x10, 0x01, 0x02, 0x00, 0xc0, 0x05, 0x0a, 0x01, 0x00, 0x02,
  0x01, 0x09, 0x00, 0x02, 0x03, 0x00, 0x10, 0x00, 0x00, 0x00, 0x00, 0x10,
  0x00, 0x00, 0x01, 0x0b, 0x0c, 0x0a, 0xf8, 0x00, 0x05, 0x00, 0x00, 0x00,
  0x03, 0x33, 0xff, 0x0f, 0x00, 0x00, 0x01, 0x0b, 0x0c, 0x0a, 0xf8, 0x00,
  0x05, 0x00, 0x00, 0x00, 0x83, 0x32, 0xff, 0x0f, 0x00, 0x00, 0x02, 0x23,
  0x30, 0x34, 0xf8, 0x00, 0x20, 0x10, 0x10, 0x01, 0x02, 0x00, 0xc0, 0x05,
  0x0a, 0x01, 0x00, 0x82, 0x03, 0x09, 0x00, 0x02, 0x03, 0x00, 0x30, 0x00,
  0x00, 0x00, 0x00, 0x18, 0x00, 0x00, 0x01, 0x0b, 0x0c, 0x0a, 0xf8, 0x00,
  0x05, 0x00, 0x00, 0x00, 0x03, 0x32, 0xff, 0x0f, 0x00, 0x00, 0x01, 0x0b,
  0x0c, 0x0a, 0xf8, 0x00, 0x05, 0x00, 0x00, 0x00, 0x83, 0x31, 0xff, 0x0f,
  0x00, 0x00, 0x01, 0x0b, 0x0c, 0x0a, 0xf8, 0x00, 0x05, 0x00, 0x00, 0x00,
  0x03, 0x31, 0xff, 0x0f, 0x00, 0x00, 0x02, 0x23, 0x30, 0x34, 0xf8, 0x00,
  0x20, 0x10, 0x10, 0x01, 0x02, 0x00, 0xc0, 0x05, 0x0a, 0x01, 0x00, 0x82,
  0x02, 0x09, 0x00, 0x02, 0x03, 0x00, 0x20, 0x00, 0x00, 0x00, 0x00, 0x20,
  0x00, 0x00, 0x01, 0x0b, 0x0c, 0x0a, 0xf8, 0x00, 0x05, 0x00, 0x00, 0x00,
  0x83, 0x07, 0xff, 0x0f, 0x00, 0x00, 0x01, 0x0b, 0x0c, 0x0a, 0xf8, 0x00,
  0x05, 0x00, 0x00, 0x00, 0x03, 0x07, 0xff, 0x0f, 0x00, 0x00, 0x01, 0x0b,
  0x0c, 0x0a, 0xf8, 0x00, 0x05, 0x00, 0x00, 0x00, 0x03, 0x34, 0xff, 0x0f,
  0x00, 0x00, 0x02, 0x23, 0x30, 0x34, 0xf8, 0x00, 0x20, 0x10, 0x10, 0x01,
  0x02, 0x00, 0xc0, 0x05, 0x0a, 0x01, 0x00, 0x02, 0x01, 0x09, 0x00, 0x02,
  0x03, 0x00, 0x28, 0x00, 0x00, 0x00, 0x00, 0x28, 0x00, 0x00, 0x01, 0x0b,
  0x0c, 0x0a, 0xf8, 0x00, 0x05, 0x00, 0x00, 0x00, 0x83, 0x06, 0xff, 0x0f,
  0x00, 0x00, 0x01, 0x0b, 0x0c, 0x0a, 0xf8, 0x00, 0x05, 0x00, 0x00, 0x00,
  0x03, 0x06, 0xff, 0x0f, 0x00, 0x00, 0x01, 0x0b, 0x0c, 0x0a, 0xf8, 0x00,
  0x05, 0x00, 0x00, 0x00, 0x03, 0x05, 0xff, 0x0f, 0x00, 0x00, 0x02, 0x22,
  0x08, 0x06, 0xfa, 0x00, 0x42, 0x00, 0x00, 0x00, 0x41, 0x02, 0x40, 0x00,
  0x02, 0x00, 0x00, 0x00, 0x00, 0x00, 0x00, 0x00, 0x00, 0x00, 0x00, 0x00,
  0x00, 0x00, 0xe4, 0x01, 0x00, 0x00, 0x02, 0x23, 0x30, 0x34, 0xf8, 0x00,
  0x20, 0x10, 0x10, 0x01, 0x00, 0x00, 0xc0, 0x05, 0x0a, 0x01, 0x00, 0x82,
  0x00, 0x09, 0x00, 0x02, 0x03, 0x00, 0x20, 0x00, 0x00, 0x00, 0x00, 0x30,
  0x00, 0x00, 0x02, 0x23, 0x30, 0x34, 0xf8, 0x00, 0x20, 0x10, 0x10, 0x01,
  0x00, 0x00, 0xc0, 0x05, 0x0a, 0x01, 0x00, 0x82, 0x01, 0x09, 0x00, 0x02,
  0x03, 0x00, 0x28, 0x00, 0x00, 0x00, 0x00, 0x38, 0x00, 0x00, 0x02, 0x23,
  0x30, 0x34, 0xf8, 0x00, 0x20, 0x10, 0x10, 0x01, 0x02, 0x00, 0x40, 0x37,
  0x0a, 0x01, 0x00, 0x02, 0x02, 0x09, 0x00, 0x02, 0x03, 0x00, 0x10, 0x00,
  0x00, 0x00, 0x00, 0x00, 0x00, 0x00, 0x02, 0x23, 0x30, 0x34, 0xf8, 0x00,
  0x20, 0x10, 0x10, 0x01, 0x02, 0x00, 0x40, 0x37, 0x0a, 0x01, 0x00, 0x02,
  0x01, 0x09, 0x00, 0x02, 0x03, 0x00, 0x18, 0x00, 0x00, 0x00, 0x00, 0x08,
  0x00, 0x00, 0x02, 0x23, 0x30, 0x34, 0xf8, 0x00, 0x20, 0x10, 0x10, 0x01,
  0x02, 0x00, 0x40, 0x37, 0x0a, 0x01, 0x00, 0x82, 0x02, 0x09, 0x00, 0x02,
  0x03, 0x00, 0x08, 0x00, 0x00, 0x00, 0x00, 0x10, 0x00, 0x00, 0x01, 0x0b,
  0x0c, 0x0a, 0xf8, 0x00, 0x05, 0x00, 0x00, 0x00, 0x83, 0x05, 0xff, 0x0f,
  0x00, 0x00, 0x02, 0x23, 0x30, 0x34, 0xf8, 0x00, 0x20, 0x10, 0x10, 0x01,
  0x02, 0x00, 0x40, 0x37, 0x0a, 0x01, 0x00, 0x02, 0x03, 0x09, 0x00, 0x02,
  0x03, 0x00, 0x00, 0x00, 0x00, 0x00, 0x00, 0x18, 0x00, 0x00, 0x02, 0x23,
  0x30, 0x34, 0xf8, 0x00, 0x20, 0x10, 0x10, 0x01, 0x02, 0x00, 0x00, 0x37,
  0x0a, 0x01, 0x00, 0x02, 0x35, 0x09, 0x00, 0x02, 0x03, 0x00, 0x10, 0x00,
  0x00, 0x00, 0x00, 0x00, 0x00, 0x00, 0x02, 0x29, 0x04, 0x06, 0xf8, 0x00,
  0x04, 0x00, 0x00, 0x00, 0x01, 0xf8, 0x01, 0x08, 0x80, 0x04, 0x00, 0x02,
  0x00, 0x00, 0x00, 0x00, 0x00, 0x00, 0x00, 0x00, 0x00, 0x00, 0x20, 0x00,
  0x00, 0x00, 0x02, 0x23, 0x30, 0x34, 0xf8, 0x00, 0x20, 0x10, 0x10, 0x01,
  0x02, 0x00, 0x00, 0x37, 0x0a, 0x01, 0x00, 0x82, 0x00, 0x09, 0x00, 0x02,
  0x03, 0x00, 0x18, 0x00, 0x00, 0x00, 0x00, 0x08, 0x00, 0x00, 0x02, 0x29,
  0x04, 0x06, 0xf8, 0x00, 0x04, 0x00, 0x00, 0x00, 0x01, 0xf8, 0x01, 0x09,
  0x80, 0x04, 0x00, 0x02, 0x00, 0x00, 0x00, 0x00, 0x00, 0x00, 0x00, 0x00,
  0x00, 0x00, 0x40, 0x00, 0x00, 0x00, 0x02, 0x29, 0x04, 0x06, 0xf8, 0x00,
  0x04, 0x00, 0x00, 0x00, 0x01, 0xf8, 0x01, 0x0a, 0x80, 0x04, 0x00, 0x02,
  0x00, 0x00, 0x00, 0x00, 0x00, 0x00, 0x00, 0x00, 0x00, 0x00, 0x60, 0x00,
  0x00, 0x00, 0x02, 0x23, 0x30, 0x34, 0xf8, 0x00, 0x20, 0x10, 0x10, 0x01,
  0x02, 0x00, 0x00, 0x37, 0x0a, 0x01, 0x00, 0x82, 0x03, 0x09, 0x00, 0x02,
  0x03, 0x00, 0x08, 0x00, 0x00, 0x00, 0x00, 0x10, 0x00, 0x00, 0x02, 0x29,
  0x04, 0x06, 0xf8, 0x00, 0x04, 0x00, 0x00, 0x00, 0x01, 0xf8, 0x01, 0x0d,
  0x80, 0x04, 0x00, 0x02, 0x00, 0x00, 0x00, 0x00, 0x00, 0x00, 0x00, 0x00,
  0x00, 0x00, 0xa0, 0x00, 0x00, 0x00, 0x02, 0x29, 0x04, 0x06, 0xf8, 0x00,
  0x04, 0x00, 0x00, 0x00, 0x01, 0xf8, 0x01, 0x0e, 0x80, 0x04, 0x00, 0x02,
  0x00, 0x00, 0x00, 0x00, 0x00, 0x00, 0x00, 0x00, 0x00, 0x00, 0xc0, 0x00,
  0x00, 0x00, 0x02, 0x23, 0x30, 0x34, 0xf8, 0x00, 0x20, 0x10, 0x10, 0x01,
  0x02, 0x00, 0x00, 0x37, 0x0a, 0x01, 0x00, 0x02, 0x04, 0x09, 0x00, 0x02,
  0x03, 0x00, 0x00, 0x00, 0x00, 0x00, 0x00, 0x18, 0x00, 0x00, 0x02, 0x10,
  0x02, 0x14, 0xf8, 0x00, 0x00, 0x00, 0x00, 0x00, 0x01, 0x00, 0x01, 0xf8,
  0x00, 0xf8, 0x00, 0x00, 0xf8, 0x00, 0x00, 0x00, 0x00, 0x00, 0x00, 0x00,
  0x00, 0x00, 0x00, 0x00, 0x00, 0x00, 0x02, 0x29, 0x04, 0x06, 0xf8, 0x00,
  0x04, 0x00, 0x00, 0x00, 0x01, 0xf8, 0x01, 0x0f, 0x80, 0x04, 0x00, 0x02,
  0x00, 0x00, 0x00, 0x00, 0x00, 0x00, 0x00, 0x00, 0x00, 0x00, 0xe0, 0x00,
  0x00, 0x00, 0x02, 0x29, 0x04, 0x06, 0xf8, 0x00, 0x04, 0x00, 0x00, 0x00,
  0x01, 0xf8, 0xc1, 0x01, 0x80, 0x38, 0x00, 0x02, 0x00, 0x00, 0x00, 0x00,
  0x00, 0x00, 0x00, 0x00, 0x00, 0x00, 0x20, 0x00, 0x00, 0x00, 0x02, 0x29,
  0x04, 0x06, 0xf8, 0x00, 0x04, 0x00, 0x00, 0x00, 0x01, 0xf8, 0x81, 0x01,
  0x80, 0x38, 0x00, 0x02, 0x00, 0x00, 0x00, 0x00, 0x00, 0x00, 0x00, 0x00,
  0x00, 0x00, 0x40, 0x00, 0x00, 0x00, 0x01, 0x0b, 0x0c, 0x0a, 0xf8, 0x00,
  0x05, 0x00, 0x00, 0x00, 0x83, 0x03, 0xff, 0x0f, 0x00, 0x00, 0x02, 0x29,
  0x04, 0x06, 0xf8, 0x00, 0x04, 0x00, 0x00, 0x00, 0x01, 0xf8, 0x41, 0x01,
  0x80, 0x38, 0x00, 0x02, 0x00, 0x00, 0x00, 0x00, 0x00, 0x00, 0x00, 0x00,
  0x00, 0x00, 0x60, 0x00, 0x00, 0x00, 0x01, 0x0b, 0x0c, 0x0a, 0xf8, 0x00,
  0x05, 0x00, 0x00, 0x00, 0x03, 0x04, 0xff, 0x0f, 0x00, 0x00, 0x02, 0x29,
  0x04, 0x06, 0xf8, 0x00, 0x04, 0x00, 0x00, 0x00, 0x01, 0xf8, 0xc1, 0x00,
  0x80, 0x38, 0x00, 0x02, 0x00, 0x00, 0x00, 0x00, 0x00, 0x00, 0x00, 0x00,
  0x00, 0x00, 0xa0, 0x00, 0x00, 0x00, 0x02, 0x29, 0x04, 0x06, 0xf8, 0x00,
  0x04, 0x00, 0x00, 0x00, 0x01, 0xf8, 0x81, 0x00, 0x80, 0x38, 0x00, 0x02,
  0x00, 0x00, 0x00, 0x00, 0x00, 0x00, 0x00, 0x00, 0x00, 0x00, 0xc0, 0x00,
  0x00, 0x00, 0x02, 0x29, 0x04, 0x06, 0xf8, 0x00, 0x04, 0x00, 0x00, 0x00,
  0x01, 0xf8, 0x01, 0x00, 0x80, 0x38, 0x00, 0x02, 0x00, 0x00, 0x00, 0x00,
  0x00, 0x00, 0x00, 0x00, 0x00, 0x00, 0xe0, 0x00, 0x00, 0x00, 0x02, 0x29,
  0x04, 0x06, 0xf8, 0x00, 0x04, 0x00, 0x00, 0x00, 0x01, 0xf8, 0x81, 0x36,
  0xc0, 0x36, 0x00, 0x02, 0x00, 0x00, 0x00, 0x00, 0x00, 0x00, 0x00, 0x00,
  0x00, 0x00, 0x20, 0x00, 0x00, 0x00, 0x02, 0x29, 0x04, 0x06, 0xf8, 0x00,
  0x04, 0x00, 0x00, 0x00, 0x01, 0xf8, 0x41, 0x36, 0xc0, 0x36, 0x00, 0x02,
  0x00, 0x00, 0x00, 0x00, 0x00, 0x00, 0x00, 0x00, 0x00, 0x00, 0x40, 0x00,
  0x00, 0x00, 0x02, 0x29, 0x04, 0x06, 0xf8, 0x00, 0x04, 0x00, 0x00, 0x00,
  0x01, 0xf8, 0x81, 0x02, 0xc0, 0x36, 0x00, 0x02, 0x00, 0x00, 0x00, 0x00,
  0x00, 0x00, 0x00, 0x00, 0x00, 0x00, 0x60, 0x00, 0x00, 0x00, 0x02, 0x29,
  0x04, 0x06, 0xf8, 0x00, 0x04, 0x00, 0x00, 0x00, 0x01, 0xf8, 0xc1, 0x02,
  0xc0, 0x36, 0x00, 0x02, 0x00, 0x00, 0x00, 0x00, 0x00, 0x00, 0x00, 0x00,
  0x00, 0x00, 0xa0, 0x00, 0x00, 0x00, 0x02, 0x29, 0x04, 0x06, 0xf8, 0x00,
  0x04, 0x00, 0x00, 0x00, 0x01, 0xf8, 0x01, 0x03, 0xc0, 0x36, 0x00, 0x02,
  0x00, 0x00, 0x00, 0x00, 0x00, 0x00, 0x00, 0x00, 0x00, 0x00, 0xc0, 0x00,
  0x00, 0x00, 0x01, 0x23, 0x40, 0x0a, 0xf8, 0x00, 0x08, 0x00, 0x00, 0x00,
  0x00, 0x00, 0x00, 0x00, 0x00, 0x00, 0x01, 0x47, 0x5a, 0x16, 0xf8, 0x00,
  0x04, 0x00, 0x00, 0x00, 0x00, 0x00, 0x01, 0x00, 0x00, 0x00, 0x02, 0x29,
  0x04, 0x06, 0xf8, 0x00, 0x04, 0x00, 0x00, 0x00, 0x01, 0xf8, 0x41, 0x03,
  0xc0, 0x36, 0x00, 0x02, 0x00, 0x00, 0x00, 0x00, 0x00, 0x00, 0x00, 0x00,
  0x00, 0x00, 0xe0, 0x00, 0x00, 0x00, 0x42, 0x5b, 0x02, 0x06, 0x42, 0x5b,
  0x02, 0x06, 0x42, 0x5b, 0x02, 0x06, 0x42, 0x5b, 0x02, 0x06, 0x42, 0x5b,
  0x02, 0x06, 0x42, 0x5b, 0x02, 0x06, 0x42, 0x5b, 0x02, 0x06, 0x01, 0x0b,
  0x0c, 0x0a, 0xf8, 0x00, 0x05, 0x00, 0x00, 0x00, 0x83, 0x04, 0xff, 0x0f,
  0x00, 0x00, 0x42, 0x5b, 0x02, 0x06, 0x42, 0x5b, 0x02, 0x06, 0x42, 0x5b,
  0x02, 0x06, 0x42, 0x5b, 0x02, 0x06, 0x42, 0x5b, 0x02, 0x06, 0x42, 0x5b,
  0x02, 0x06, 0x42, 0x5b, 0x02, 0x06, 0x42, 0x5b, 0x02, 0x06, 0x42, 0x5b,
  0x02, 0x06, 0x42, 0x5b, 0x02, 0x06, 0x42, 0x5b, 0x02, 0x06, 0x42, 0x5b,
  0x02, 0x06, 0x42, 0x5b, 0x02, 0x06, 0x42, 0x5b, 0x02, 0x06, 0x42, 0x5b,
  0x02, 0x06, 0x42, 0x5b, 0x02, 0x06, 0x42, 0x5b, 0x02, 0x06, 0x42, 0x5b,
  0x02, 0x06, 0x42, 0x5b, 0x02, 0x06, 0x42, 0x5b, 0x02, 0x06, 0x42, 0x5b,
  0x02, 0x06, 0x42, 0x5b, 0x02, 0x06, 0x42, 0x5b, 0x02, 0x06, 0x42, 0x5b,
  0x02, 0x06, 0x42, 0x5b, 0x02, 0x06, 0x42, 0x5b, 0x02, 0x06, 0x42, 0x5b,
  0x02, 0x06, 0x42, 0x5b, 0x02, 0x06, 0x42, 0x5b, 0x02, 0x06, 0x42, 0x5b,
  0x02, 0x06, 0x42, 0x5b, 0x02, 0x06, 0x42, 0x5b, 0x02, 0x06, 0x42, 0x5b,
  0x02, 0x06, 0x02, 0x22, 0x08, 0x06, 0xfa, 0x00, 0x02, 0x00, 0x00, 0x00,
  0xc1, 0x04, 0x40, 0x00, 0x02, 0x00, 0x00, 0x00, 0x00, 0x00, 0x00, 0x00,
  0x00, 0x00, 0x00, 0x00, 0x00, 0x00, 0x30, 0x02, 0x00, 0x00, 0x02, 0x10,
  0x02, 0x14, 0xf8, 0x00, 0x00, 0x00, 0x00, 0x00, 0x01, 0x00, 0x01, 0xf8,
  0x00, 0xf8, 0x00, 0x00, 0xf8, 0x00, 0x10, 0x00, 0x00, 0x00, 0x00, 0x00,
  0x00, 0x00, 0x00, 0x00, 0x00, 0x00, 0x01, 0x0b, 0x04, 0x0a, 0xf8, 0x00,
  0x04, 0x00, 0x00, 0x00, 0x01, 0x30, 0x01, 0x02, 0x00, 0x00, 0x02, 0x22,
  0x0e, 0x06, 0xf8, 0x00, 0x52, 0x00, 0x00, 0x00, 0x83, 0x30, 0x40, 0x00,
  0x02, 0x00, 0x00, 0x00, 0x00, 0x00, 0x00, 0x00, 0x00, 0x00, 0x00, 0x00,
  0x00, 0x00, 0x70, 0x00, 0x00, 0x00, 0x01, 0x47, 0x5a, 0x16, 0xf8, 0x00,
  0x04, 0x00, 0x00, 0x00, 0x00, 0x00, 0x01, 0x00, 0x00, 0x00, 0x51, 0x02,
  0x02, 0x23, 0x30, 0x34, 0xf8, 0x00, 0x20, 0x10, 0x10, 0x01, 0x02, 0x00,
  0x40, 0x37, 0x0a, 0x01, 0x00, 0x02, 0x30, 0x09, 0x00, 0x02, 0x03, 0x00,
  0x28, 0x00, 0x00, 0x00, 0x00, 0x00, 0x00, 0x00, 0x02, 0x23, 0x30, 0x34,
  0xf8, 0x00, 0x20, 0x10, 0x10, 0x01, 0x02, 0x00, 0x40, 0x37, 0x0a, 0x01,
  0x00, 0x82, 0x3a, 0x09, 0x00, 0x02, 0x03, 0x00, 0x00, 0x00, 0x00, 0x00,
  0x00, 0x08, 0x00, 0x00, 0x02, 0x23, 0x30, 0x34, 0xf8, 0x00, 0x20, 0x10,
  0x10, 0x01, 0x02, 0x00, 0x40, 0x37, 0x0a, 0x01, 0x00, 0x82, 0x39, 0x09,
  0x00, 0x02, 0x03, 0x00, 0x10, 0x00, 0x00, 0x00, 0x00, 0x10, 0x00, 0x00,
  0x02, 0x23, 0x30, 0x34, 0xf8, 0x00, 0x20, 0x10, 0x10, 0x01, 0x02, 0x00,
  0x40, 0x37, 0x0a, 0x01, 0x00, 0x02, 0x39, 0x09, 0x00, 0x02, 0x03, 0x00,
  0x30, 0x00, 0x00, 0x00, 0x00, 0x18, 0x00, 0x00, 0x02, 0x23, 0x30, 0x34,
  0xf8, 0x00, 0x20, 0x10, 0x10, 0x01, 0x02, 0x00, 0x00, 0x37, 0x0a, 0x01,
  0x00, 0x82, 0x30, 0x09, 0x00, 0x02, 0x03, 0x00, 0x20, 0x00, 0x00, 0x00,
  0x00, 0x00, 0x00, 0x00, 0x02, 0x23, 0x30, 0x34, 0xf8, 0x00, 0x20, 0x10,
  0x10, 0x01, 0x02, 0x00, 0x00, 0x37, 0x0a, 0x01, 0x00, 0x02, 0x38, 0x09,
  0x00, 0x02, 0x03, 0x00, 0x08, 0x00, 0x00, 0x00, 0x00, 0x08, 0x00, 0x00,
  0x02, 0x23, 0x30, 0x34, 0xf8, 0x00, 0x20, 0x10, 0x10, 0x01, 0x02, 0x00,
  0x00, 0x37, 0x0a, 0x01, 0x00, 0x82, 0x37, 0x09, 0x00, 0x02, 0x03, 0x00,
  0x18, 0x00, 0x00, 0x00, 0x00, 0x10, 0x00, 0x00, 0x02, 0x23, 0x30, 0x34,
  0xf8, 0x00, 0x20, 0x10, 0x10, 0x01, 0x02, 0x00, 0x00, 0x37, 0x0a, 0x01,
  0x00, 0x02, 0x3a, 0x09, 0x00, 0x02, 0x03, 0x00, 0x28, 0x00, 0x00, 0x00,
  0x00, 0x18, 0x00, 0x00, 0x02, 0x5a, 0x00, 0x26, 0xf8, 0x00, 0x01, 0x00,
  0x02, 0x00, 0x00, 0x00, 0x03, 0x38, 0x06, 0x0b, 0x00, 0x82, 0x10, 0xc0,
  0xff, 0x00, 0xf8, 0x00, 0x00, 0x00, 0x00, 0x00, 0x00, 0x00, 0x00, 0x00,
  0x02, 0x22, 0x0e, 0x06, 0xf8, 0x00, 0x42, 0x00, 0x00, 0x00, 0xc1, 0x39,
  0x40, 0x00, 0x02, 0x00, 0x00, 0x00, 0x00, 0x00, 0x00, 0x00, 0x00, 0x00,
  0x00, 0x00, 0x00, 0x00, 0xf4, 0x01, 0x00, 0x00, 0x42, 0x10, 0x36, 0x14,
  0x02, 0x5a, 0x00, 0x26, 0xf8, 0x00, 0x01, 0x00, 0x02, 0x00, 0x00, 0x00,
  0x03, 0x30, 0x06, 0x0b, 0x00, 0x02, 0x11, 0xc0, 0xff, 0x00, 0xf8, 0x00,
  0x00, 0x00, 0x00, 0x00, 0x00, 0x00, 0x00, 0x00, 0x42, 0x10, 0x36, 0x14,
  0x02, 0x10, 0x02, 0x14, 0xf8, 0x00, 0x00, 0x00, 0x00, 0x00, 0x01, 0x00,
  0x01, 0xf8, 0x00, 0xf8, 0x00, 0x00, 0xf8, 0x00, 0x18, 0x00, 0x00, 0x00,
  0x00, 0x00, 0x00, 0x00, 0x00, 0x00, 0x00, 0x00, 0x02, 0x5a, 0x00, 0x26,
  0xf8, 0x00, 0x01, 0x00, 0x02, 0x00, 0x00, 0x00, 0x83, 0x37, 0x06, 0x0b,
  0x00, 0x02, 0x10, 0xc0, 0xff, 0x00, 0xf8, 0x00, 0x00, 0x00, 0x00, 0x00,
  0x00, 0x00, 0x00, 0x00, 0x02, 0x10, 0x02, 0x14, 0xf8, 0x00, 0x00, 0x00,
  0x00, 0x00, 0x01, 0x08, 0x01, 0xf8, 0x00, 0xf8, 0x00, 0x00, 0xf8, 0x00,
  0x00, 0x00, 0x00, 0x00, 0x00, 0x00, 0x00, 0x00, 0x00, 0x00, 0x00, 0x00,
  0x02, 0x5a, 0x00, 0x26, 0xf8, 0x00, 0x01, 0x00, 0x02, 0x00, 0x00, 0x00,
  0x83, 0x30, 0x06, 0x0b, 0x00, 0x82, 0x11, 0xc0, 0xff, 0x00, 0xf8, 0x00,
  0x00, 0x00, 0x00, 0x00, 0x00, 0x00, 0x00, 0x00, 0x02, 0x5a, 0x00, 0x26,
  0xf8, 0x00, 0x01, 0x00, 0x02, 0x00, 0x00, 0x00, 0x03, 0x38, 0x06, 0x08,
  0x00, 0x82, 0x12, 0x02, 0x38, 0x00, 0xf8, 0x00, 0x00, 0x00, 0x00, 0x00,
  0x00, 0x00, 0x00, 0x00, 0x02, 0x5a, 0x00, 0x26, 0xf8, 0x00, 0x01, 0x00,
  0x02, 0x00, 0x00, 0x00, 0x03, 0x30, 0x06, 0x08, 0x00, 0x02, 0x13, 0x02,
  0x30, 0x00, 0xf8, 0x00, 0x00, 0x00, 0x00, 0x00, 0x00, 0x00, 0x00, 0x00,
  0x02, 0x5a, 0x00, 0x26, 0xf8, 0x00, 0x01, 0x00, 0x02, 0x00, 0x00, 0x00,
  0x83, 0x37, 0x06, 0x08, 0x00, 0x02, 0x12, 0x82, 0x37, 0x00, 0xf8, 0x00,
  0x00, 0x00, 0x00, 0x00, 0x00, 0x00, 0x00, 0x00, 0x02, 0x5a, 0x00, 0x26,
  0xf8, 0x00, 0x01, 0x00, 0x02, 0x00, 0x00, 0x00, 0x83, 0x30, 0x06, 0x08,
  0x00, 0x82, 0x13, 0x82, 0x30, 0x00, 0xf8, 0x00, 0x00, 0x00, 0x00, 0x00,
  0x00, 0x00, 0x00, 0x00, 0x02, 0x5a, 0x00, 0x26, 0xf8, 0x00, 0x01, 0x00,
  0x02, 0x00, 0x00, 0x00, 0x03, 0x38, 0x06, 0x09, 0x00, 0x82, 0x14, 0x02,
  0x38, 0x00, 0xf8, 0x00, 0x00, 0x00, 0x00, 0x00, 0x00, 0x00, 0x00, 0x00,
  0x02, 0x5a, 0x00, 0x26, 0xf8, 0x00, 0x01, 0x00, 0x02, 0x00, 0x00, 0x00,
  0x03, 0x30, 0x06, 0x09, 0x00, 0x02, 0x15, 0x02, 0x30, 0x00, 0xf8, 0x00,
  0x00, 0x00, 0x00, 0x00, 0x00, 0x00, 0x00, 0x00, 0x02, 0x5a, 0x00, 0x26,
  0xf8, 0x00, 0x01, 0x00, 0x02, 0x00, 0x00, 0x00, 0x83, 0x37, 0x06, 0x09,
  0x00, 0x02, 0x14, 0x82, 0x37, 0x00, 0xf8, 0x00, 0x00, 0x00, 0x00, 0x00,
  0x00, 0x00, 0x00, 0x00, 0x02, 0x5a, 0x00, 0x26, 0xf8, 0x00, 0x01, 0x00,
  0x02, 0x00, 0x00, 0x00, 0x83, 0x30, 0x06, 0x09, 0x00, 0x82, 0x15, 0x82,
  0x30, 0x00, 0xf8, 0x00, 0x00, 0x00, 0x00, 0x00, 0x00, 0x00, 0x00, 0x00,
  0x02, 0x5a, 0x00, 0x26, 0xf8, 0x00, 0x01, 0x00, 0x02, 0x00, 0x00, 0x00,
  0x03, 0x38, 0x06, 0x0a, 0x00, 0x82, 0x16, 0x02, 0x38, 0x00, 0xf8, 0x00,
  0x00, 0x00, 0x00, 0x00, 0x00, 0x00, 0x00, 0x00, 0x02, 0x5a, 0x00, 0x26,
  0xf8, 0x00, 0x01, 0x00, 0x02, 0x00, 0x00, 0x00, 0x03, 0x30, 0x06, 0x0a,
  0x00, 0x02, 0x17, 0x02, 0x30, 0x00, 0xf8, 0x00, 0x00, 0x00, 0x00, 0x00,
  0x00, 0x00, 0x00, 0x00, 0x02, 0x5a, 0x00, 0x26, 0xf8, 0x00, 0x01, 0x00,
  0x02, 0x00, 0x00, 0x00, 0x83, 0x37, 0x06, 0x0a, 0x00, 0x02, 0x16, 0x82,
  0x37, 0x00, 0xf8, 0x00, 0x00, 0x00, 0x00, 0x00, 0x00, 0x00, 0x00, 0x00,
  0x02, 0x5a, 0x00, 0x26, 0xf8, 0x00, 0x01, 0x00, 0x02, 0x00, 0x00, 0x00,
  0x83, 0x30, 0x06, 0x0a, 0x00, 0x82, 0x17, 0x82, 0x30, 0x00, 0xf8, 0x00,
  0x00, 0x00, 0x00, 0x00, 0x00, 0x00, 0x00, 0x00, 0x02, 0x5a, 0x00, 0x26,
  0xf8, 0x00, 0x01, 0x00, 0x02, 0x00, 0x00, 0x00, 0x03, 0x38, 0x06, 0x0c,
  0x00, 0x82, 0x18, 0x02, 0x38, 0x00, 0xf8, 0x00, 0x00, 0x00, 0x00, 0x00,
  0x00, 0x00, 0x00, 0x00, 0x02, 0x5a, 0x00, 0x26, 0xf8, 0x00, 0x01, 0x00,
  0x02, 0x00, 0x00, 0x00, 0x03, 0x30, 0x06, 0x0c, 0x00, 0x02, 0x19, 0x02,
  0x30, 0x00, 0xf8, 0x00, 0x00, 0x00, 0x00, 0x00, 0x00, 0x00, 0x00, 0x00,
  0x02, 0x5a, 0x00, 0x26, 0xf8, 0x00, 0x01, 0x00, 0x02, 0x00, 0x00, 0x00,
  0x83, 0x37, 0x06, 0x0c, 0x00, 0x02, 0x18, 0x82, 0x37, 0x00, 0xf8, 0x00,
  0x00, 0x00, 0x00, 0x00, 0x00, 0x00, 0x00, 0x00, 0x02, 0x5a, 0x00, 0x26,
  0xf8, 0x00, 0x01, 0x00, 0x02, 0x00, 0x00, 0x00, 0x83, 0x30, 0x06, 0x0c,
  0x00, 0x82, 0x19, 0x82, 0x30, 0x00, 0xf8, 0x00, 0x00, 0x00, 0x00, 0x00,
  0x00, 0x00, 0x00, 0x00, 0x02, 0x5a, 0x00, 0x26, 0xf8, 0x00, 0x01, 0x00,
  0x02, 0x00, 0x00, 0x00, 0x03, 0x38, 0x06, 0x0d, 0x00, 0x82, 0x1a, 0x02,
  0x38, 0x00, 0xf8, 0x00, 0x00, 0x00, 0x00, 0x00, 0x00, 0x00, 0x00, 0x00,
  0x02, 0x5a, 0x00, 0x26, 0xf8, 0x00, 0x01, 0x00, 0x02, 0x00, 0x00, 0x00,
  0x03, 0x30, 0x06, 0x0d, 0x00, 0x02, 0x1b, 0x02, 0x30, 0x00, 0xf8, 0x00,
  0x00, 0x00, 0x00, 0x00, 0x00, 0x00, 0x00, 0x00, 0x02, 0x5a, 0x00, 0x26,
  0xf8, 0x00, 0x01, 0x00, 0x02, 0x00, 0x00, 0x00, 0x83, 0x37, 0x06, 0x0d,
  0x00, 0x02, 0x1a, 0x82, 0x37, 0x00, 0xf8, 0x00, 0x00, 0x00, 0x00, 0x00,
  0x00, 0x00, 0x00, 0x00, 0x02, 0x5a, 0x00, 0x26, 0xf8, 0x00, 0x01, 0x00,
  0x02, 0x00, 0x00, 0x00, 0x83, 0x30, 0x06, 0x0d, 0x00, 0x82, 0x1b, 0x82,
  0x30, 0x00, 0xf8, 0x00, 0x00, 0x00, 0x00, 0x00, 0x00, 0x00, 0x00, 0x00,
  0x02, 0x5a, 0x00, 0x26, 0xf8, 0x00, 0x01, 0x00, 0x02, 0x00, 0x00, 0x00,
  0x03, 0x38, 0x06, 0x0e, 0x00, 0x82, 0x1c, 0x02, 0x38, 0x00, 0xf8, 0x00,
  0x00, 0x00, 0x00, 0x00, 0x00, 0x00, 0x00, 0x00, 0x02, 0x5a, 0x00, 0x26,
  0xf8, 0x00, 0x01, 0x00, 0x02, 0x00, 0x00, 0x00, 0x03, 0x30, 0x06, 0x0e,
  0x00, 0x02, 0x1d, 0x02, 0x30, 0x00, 0xf8, 0x00, 0x00, 0x00, 0x00, 0x00,
  0x00, 0x00, 0x00, 0x00, 0x02, 0x5a, 0x00, 0x26, 0xf8, 0x00, 0x01, 0x00,
  0x02, 0x00, 0x00, 0x00, 0x83, 0x37, 0x06, 0x0e, 0x00, 0x02, 0x1c, 0x82,
  0x37, 0x00, 0xf8, 0x00, 0x00, 0x00, 0x00, 0x00, 0x00, 0x00, 0x00, 0x00,
  0x02, 0x5a, 0x00, 0x26, 0xf8, 0x00, 0x01, 0x00, 0x02, 0x00, 0x00, 0x00,
  0x83, 0x30, 0x06, 0x0e, 0x00, 0x82, 0x1d, 0x82, 0x30, 0x00, 0xf8, 0x00,
  0x00, 0x00, 0x00, 0x00, 0x00, 0x00, 0x00, 0x00, 0x02, 0x5a, 0x00, 0x26,
  0xf8, 0x00, 0x01, 0x00, 0x02, 0x00, 0x00, 0x00, 0x03, 0x38, 0x06, 0x0f,
  0x00, 0x82, 0x1e, 0x02, 0x38, 0x00, 0xf8, 0x00, 0x00, 0x00, 0x00, 0x00,
  0x00, 0x00, 0x00, 0x00, 0x02, 0x5a, 0x00, 0x26, 0xf8, 0x00, 0x01, 0x00,
  0x02, 0x00, 0x00, 0x00, 0x03, 0x30, 0x06, 0x0f, 0x00, 0x02, 0x1f, 0x02,
  0x30, 0x00, 0xf8, 0x00, 0x00, 0x00, 0x00, 0x00, 0x00, 0x00, 0x00, 0x00,
  0x02, 0x5a, 0x00, 0x26, 0xf8, 0x00, 0x01, 0x00, 0x02, 0x00, 0x00, 0x00,
  0x83, 0x37, 0x06, 0x0f, 0x00, 0x02, 0x1e, 0x82, 0x37, 0x00, 0xf8, 0x00,
  0x00, 0x00, 0x00, 0x00, 0x00, 0x00, 0x00, 0x00, 0x02, 0x5a, 0x00, 0x26,
  0xf8, 0x00, 0x01, 0x00, 0x02, 0x00, 0x00, 0x00, 0x83, 0x30, 0x06, 0x0f,
  0x00, 0x82, 0x1f, 0x82, 0x30, 0x00, 0xf8, 0x00, 0x00, 0x00, 0x00, 0x00,
  0x00, 0x00, 0x00, 0x00, 0x02, 0x10, 0x02, 0x14, 0xf8, 0x00, 0x00, 0x00,
  0x00, 0x00, 0x01, 0x00, 0x01, 0xf8, 0x00, 0xf8, 0x00, 0x00, 0xf8, 0x00,
  0x10, 0x00, 0x00, 0x00, 0x00, 0x00, 0x00, 0x00, 0x00, 0x00, 0x00, 0x00,
  0x01, 0x23, 0x40, 0x0a, 0xf8, 0x00, 0x08, 0x00, 0x00, 0x00, 0x00, 0x00,
  0x00, 0x00, 0x00, 0x00, 0x01, 0x47, 0x5a, 0x16, 0xf8, 0x00, 0x04, 0x00,
  0x00, 0x00, 0x00, 0x00, 0x01, 0x00, 0x00, 0x00, 0x42, 0x5b, 0x02, 0x06,
  0x42, 0x5b, 0x02, 0x06, 0x42, 0x5b, 0x02, 0x06, 0x42, 0x5b, 0x02, 0x06,
  0x42, 0x5b, 0x02, 0x06, 0x42, 0x5b, 0x02, 0x06, 0x42, 0x5b, 0x02, 0x06,
  0x42, 0x5b, 0x02, 0x06, 0x42, 0x5b, 0x02, 0x06, 0x42, 0x5b, 0x02, 0x06,
  0x42, 0x5b, 0x02, 0x06, 0x42, 0x5b, 0x02, 0x06, 0x42, 0x5b, 0x02, 0x06,
  0x42, 0x5b, 0x02, 0x06, 0x42, 0x5b, 0x02, 0x06, 0x42, 0x5b, 0x02, 0x06,
  0x02, 0x5a, 0x00, 0x26, 0xf8, 0x00, 0x01, 0x00, 0x02, 0x00, 0x00, 0x00,
  0x83, 0x33, 0x06, 0x30, 0x00, 0x02, 0x20, 0x82, 0x33, 0x00, 0xf8, 0x00,
  0x00, 0x00, 0x00, 0x00, 0x00, 0x00, 0x00, 0x00, 0x02, 0x10, 0x02, 0x14,
  0xf8, 0x00, 0x00, 0x00, 0x00, 0x00, 0x01, 0x00, 0x01, 0xf8, 0x00, 0xf8,
  0x00, 0x00, 0xf8, 0x00, 0x00, 0x00, 0x00, 0x00, 0x00, 0x00, 0x00, 0x00,
  0x00, 0x00, 0x00, 0x00, 0x02, 0x5a, 0x00, 0x26, 0xf8, 0x00, 0x01, 0x00,
  0x02, 0x00, 0x00, 0x00, 0x03, 0x33, 0x06, 0x30, 0x00, 0x82, 0x20, 0x02,
  0x33, 0x00, 0xf8, 0x00, 0x00, 0x00, 0x00, 0x00, 0x00, 0x00, 0x00, 0x00,
  0x02, 0x5a, 0x00, 0x26, 0xf8, 0x00, 0x01, 0x00, 0x02, 0x00, 0x00, 0x00,
  0x83, 0x32, 0x06, 0x30, 0x00, 0x02, 0x21, 0x82, 0x32, 0x00, 0xf8, 0x00,
  0x00, 0x00, 0x00, 0x00, 0x00, 0x00, 0x00, 0x00, 0x02, 0x5a, 0x00, 0x26,
  0xf8, 0x00, 0x01, 0x00, 0x02, 0x00, 0x00, 0x00, 0x03, 0x32, 0x06, 0x30,
  0x00, 0x82, 0x21, 0x02, 0x32, 0x00, 0xf8, 0x00, 0x00, 0x00, 0x00, 0x00,
  0x00, 0x00, 0x00, 0x00, 0x02, 0x5a, 0x00, 0x26, 0xf8, 0x00, 0x01, 0x00,
  0x02, 0x00, 0x00, 0x00, 0x83, 0x31, 0x06, 0x30, 0x00, 0x02, 0x22, 0x82,
  0x31, 0x00, 0xf8, 0x00, 0x00, 0x00, 0x00, 0x00, 0x00, 0x00, 0x00, 0x00,
  0x02, 0x5a, 0x00, 0x26, 0xf8, 0x00, 0x01, 0x00, 0x02, 0x00, 0x00, 0x00,
  0x03, 0x31, 0x06, 0x30, 0x00, 0x82, 0x22, 0x02, 0x31, 0x00, 0xf8, 0x00,
  0x00, 0x00, 0x00, 0x00, 0x00, 0x00, 0x00, 0x00, 0x02, 0x5a, 0x00, 0x26,
  0xf8, 0x00, 0x01, 0x00, 0x02, 0x00, 0x00, 0x00, 0x83, 0x07, 0x06, 0x30,
  0x00, 0x02, 0x23, 0x82, 0x07, 0x00, 0xf8, 0x00, 0x00, 0x00, 0x00, 0x00,
  0x00, 0x00, 0x00, 0x00, 0x02, 0x5a, 0x00, 0x26, 0xf8, 0x00, 0x01, 0x00,
  0x02, 0x00, 0x00, 0x00, 0x03, 0x07, 0x06, 0x30, 0x00, 0x82, 0x23, 0x02,
  0x07, 0x00, 0xf8, 0x00, 0x00, 0x00, 0x00, 0x00, 0x00, 0x00, 0x00, 0x00,
  0x02, 0x5a, 0x00, 0x26, 0xf8, 0x00, 0x01, 0x00, 0x02, 0x00, 0x00, 0x00,
  0x83, 0x06, 0x06, 0x30, 0x00, 0x02, 0x24, 0x82, 0x06, 0x00, 0xf8, 0x00,
  0x00, 0x00, 0x00, 0x00, 0x00, 0x00, 0x00, 0x00, 0x02, 0x5a, 0x00, 0x26,
  0xf8, 0x00, 0x01, 0x00, 0x02, 0x00, 0x00, 0x00, 0x03, 0x06, 0x06, 0x30,
  0x00, 0x82, 0x24, 0x02, 0x06, 0x00, 0xf8, 0x00, 0x00, 0x00, 0x00, 0x00,
  0x00, 0x00, 0x00, 0x00, 0x02, 0x5a, 0x00, 0x26, 0xf8, 0x00, 0x01, 0x00,
  0x02, 0x00, 0x00, 0x00, 0x83, 0x05, 0x06, 0x30, 0x00, 0x02, 0x25, 0x82,
  0x05, 0x00, 0xf8, 0x00, 0x00, 0x00, 0x00, 0x00, 0x00, 0x00, 0x00, 0x00,
  0x02, 0x5a, 0x00, 0x26, 0xf8, 0x00, 0x01, 0x00, 0x02, 0x00, 0x00, 0x00,
  0x03, 0x05, 0x06, 0x30, 0x00, 0x82, 0x25, 0x02, 0x05, 0x00, 0xf8, 0x00,
  0x00, 0x00, 0x00, 0x00, 0x00, 0x00, 0x00, 0x00, 0x02, 0x5a, 0x00, 0x26,
  0xf8, 0x00, 0x01, 0x00, 0x02, 0x00, 0x00, 0x00, 0x83, 0x04, 0x06, 0x30,
  0x00, 0x02, 0x26, 0x82, 0x04, 0x00, 0xf8, 0x00, 0x00, 0x00, 0x00, 0x00,
  0x00, 0x00, 0x00, 0x00, 0x02, 0x5a, 0x00, 0x26, 0xf8, 0x00, 0x01, 0x00,
  0x02, 0x00, 0x00, 0x00, 0x03, 0x04, 0x06, 0x30, 0x00, 0x82, 0x26, 0x02,
  0x04, 0x00, 0xf8, 0x00, 0x00, 0x00, 0x00, 0x00, 0x00, 0x00, 0x00, 0x00,
  0x02, 0x5a, 0x00, 0x26, 0xf8, 0x00, 0x01, 0x00, 0x02, 0x00, 0x00, 0x00,
  0x83, 0x03, 0x06, 0x30, 0x00, 0x02, 0x27, 0x82, 0x03, 0x00, 0xf8, 0x00,
  0x00, 0x00, 0x00, 0x00, 0x00, 0x00, 0x00, 0x00, 0x02, 0x5a, 0x00, 0x26,
  0xf8, 0x00, 0x01, 0x00, 0x02, 0x00, 0x00, 0x00, 0x03, 0x34, 0x06, 0x30,
  0x00, 0x82, 0x27, 0x02, 0x34, 0x00, 0xf8, 0x00, 0x00, 0x00, 0x00, 0x00,
  0x00, 0x00, 0x00, 0x00, 0x02, 0x5a, 0x00, 0x26, 0xf8, 0x00, 0x01, 0x00,
  0x02, 0x00, 0x00, 0x00, 0x83, 0x33, 0x06, 0x30, 0x00, 0x02, 0x28, 0x82,
  0x33, 0x00, 0xf8, 0x00, 0x00, 0x00, 0x00, 0x00, 0x00, 0x00, 0x00, 0x00,
  0x02, 0x5a, 0x00, 0x26, 0xf8, 0x00, 0x01, 0x00, 0x02, 0x00, 0x00, 0x00,
  0x03, 0x33, 0x06, 0x30, 0x00, 0x82, 0x28, 0x02, 0x33, 0x00, 0xf8, 0x00,
  0x00, 0x00, 0x00, 0x00, 0x00, 0x00, 0x00, 0x00, 0x02, 0x5a, 0x00, 0x26,
  0xf8, 0x00, 0x01, 0x00, 0x02, 0x00, 0x00, 0x00, 0x83, 0x32, 0x06, 0x30,
  0x00, 0x02, 0x29, 0x82, 0x32, 0x00, 0xf8, 0x00, 0x00, 0x00, 0x00, 0x00,
  0x00, 0x00, 0x00, 0x00, 0x02, 0x5a, 0x00, 0x26, 0xf8, 0x00, 0x01, 0x00,
  0x02, 0x00, 0x00, 0x00, 0x03, 0x32, 0x06, 0x30, 0x00, 0x82, 0x29, 0x02,
  0x32, 0x00, 0xf8, 0x00, 0x00, 0x00, 0x00, 0x00, 0x00, 0x00, 0x00, 0x00,
  0x02, 0x5a, 0x00, 0x26, 0xf8, 0x00, 0x01, 0x00, 0x02, 0x00, 0x00, 0x00,
  0x83, 0x31, 0x06, 0x30, 0x00, 0x02, 0x2a, 0x82, 0x31, 0x00, 0xf8, 0x00,
  0x00, 0x00, 0x00, 0x00, 0x00, 0x00, 0x00, 0x00, 0x02, 0x5a, 0x00, 0x26,
  0xf8, 0x00, 0x01, 0x00, 0x02, 0x00, 0x00, 0x00, 0x03, 0x31, 0x06, 0x30,
  0x00, 0x82, 0x2a, 0x02, 0x31, 0x00, 0xf8, 0x00, 0x00, 0x00, 0x00, 0x00,
  0x00, 0x00, 0x00, 0x00, 0x02, 0x5a, 0x00, 0x26, 0xf8, 0x00, 0x01, 0x00,
  0x02, 0x00, 0x00, 0x00, 0x83, 0x07, 0x06, 0x30, 0x00, 0x02, 0x2b, 0x82,
  0x07, 0x00, 0xf8, 0x00, 0x00, 0x00, 0x00, 0x00, 0x00, 0x00, 0x00, 0x00,
  0x02, 0x5a, 0x00, 0x26, 0xf8, 0x00, 0x01, 0x00, 0x02, 0x00, 0x00, 0x00,
  0x03, 0x07, 0x06, 0x30, 0x00, 0x82, 0x2b, 0x02, 0x07, 0x00, 0xf8, 0x00,
  0x00, 0x00, 0x00, 0x00, 0x00, 0x00, 0x00, 0x00, 0x02, 0x5a, 0x00, 0x26,
  0xf8, 0x00, 0x01, 0x00, 0x02, 0x00, 0x00, 0x00, 0x83, 0x06, 0x06, 0x30,
  0x00, 0x02, 0x2c, 0x82, 0x06, 0x00, 0xf8, 0x00, 0x00, 0x00, 0x00, 0x00,
  0x00, 0x00, 0x00, 0x00, 0x02, 0x5a, 0x00, 0x26, 0xf8, 0x00, 0x01, 0x00,
  0x02, 0x00, 0x00, 0x00, 0x03, 0x06, 0x06, 0x30, 0x00, 0x82, 0x2c, 0x02,
  0x06, 0x00, 0xf8, 0x00, 0x00, 0x00, 0x00, 0x00, 0x00, 0x00, 0x00, 0x00,
  0x02, 0x5a, 0x00, 0x26, 0xf8, 0x00, 0x01, 0x00, 0x02, 0x00, 0x00, 0x00,
  0x83, 0x05, 0x06, 0x30, 0x00, 0x02, 0x2d, 0x82, 0x05, 0x00, 0xf8, 0x00,
  0x00, 0x00, 0x00, 0x00, 0x00, 0x00, 0x00, 0x00, 0x02, 0x5a, 0x00, 0x26,
  0xf8, 0x00, 0x01, 0x00, 0x02, 0x00, 0x00, 0x00, 0x03, 0x05, 0x06, 0x30,
  0x00, 0x82, 0x2d, 0x02, 0x05, 0x00, 0xf8, 0x00, 0x00, 0x00, 0x00, 0x00,
  0x00, 0x00, 0x00, 0x00, 0x02, 0x5a, 0x00, 0x26, 0xf8, 0x00, 0x01, 0x00,
  0x02, 0x00, 0x00, 0x00, 0x83, 0x04, 0x06, 0x30, 0x00, 0x02, 0x2e, 0x82,
  0x04, 0x00, 0xf8, 0x00, 0x00, 0x00, 0x00, 0x00, 0x00, 0x00, 0x00, 0x00,
  0x02, 0x5a, 0x00, 0x26, 0xf8, 0x00, 0x01, 0x00, 0x02, 0x00, 0x00, 0x00,
  0x03, 0x04, 0x06, 0x30, 0x00, 0x82, 0x2e, 0x02, 0x04, 0x00, 0xf8, 0x00,
  0x00, 0x00, 0x00, 0x00, 0x00, 0x00, 0x00, 0x00, 0x02, 0x5a, 0x00, 0x26,
  0xf8, 0x00, 0x01, 0x00, 0x02, 0x00, 0x00, 0x00, 0x83, 0x03, 0x06, 0x30,
  0x00, 0x02, 0x2f, 0x82, 0x03, 0x00, 0xf8, 0x00, 0x00, 0x00, 0x00, 0x00,
  0x00, 0x00, 0x00, 0x00, 0x02, 0x5a, 0x00, 0x26, 0xf8, 0x00, 0x01, 0x00,
  0x02, 0x00, 0x00, 0x00, 0x03, 0x34, 0x06, 0x30, 0x00, 0x82, 0x2f, 0x02,
  0x34, 0x00, 0xf8, 0x00, 0x00, 0x00, 0x00, 0x00, 0x00, 0x00, 0x00, 0x00,
  0xd0, 0x00, 0x42, 0x5b, 0x02, 0x06, 0x42, 0x5b, 0x02, 0x06, 0x42, 0x5b,
  0x02, 0x06, 0x42, 0x5b, 0x02, 0x06, 0x42, 0x5b, 0x02, 0x06, 0x42, 0x5b,
  0x02, 0x06, 0x42, 0x5b, 0x02, 0x06, 0x42, 0x5b, 0x02, 0x06, 0x42, 0x5b,
  0x02, 0x06, 0x42, 0x5b, 0x02, 0x06, 0x42, 0x5b, 0x02, 0x06, 0x42, 0x5b,
  0x02, 0x06, 0x42, 0x5b, 0x02, 0x06, 0x42, 0x5b, 0x02, 0x06, 0x42, 0x5b,
  0x02, 0x06, 0x42, 0x5b, 0x02, 0x06, 0x02, 0x10, 0x02, 0x14, 0xf8, 0x00,
  0x00, 0x00, 0x00, 0x00, 0x01, 0x00, 0x01, 0xf8, 0x00, 0xf8, 0x00, 0x00,
  0xf8, 0x00, 0x00, 0x00, 0x00, 0x00, 0x00, 0x00, 0x00, 0x00, 0x00, 0x00,
  0x00, 0x00, 0x01, 0x0b, 0x04, 0x0a, 0xf8, 0x00, 0x04, 0x00, 0x00, 0x00,
  0x01, 0x0a, 0x01, 0x02, 0x00, 0x00, 0x01, 0x0b, 0x06, 0x0a, 0xfa, 0x00,
  0x04, 0x00, 0x00, 0x00, 0xc1, 0x01, 0x2c, 0x02, 0x00, 0x00, 0x01, 0x47,
  0x5a, 0x16, 0xf8, 0x00, 0x04, 0x00, 0x00, 0x00, 0x00, 0x00, 0x01, 0x00,
  0x00, 0x00, 0x01, 0x0b, 0x06, 0x0a, 0xfa, 0x00, 0x04, 0x00, 0x00, 0x00,
  0x01, 0x02, 0x05, 0x02, 0x00, 0x00, 0x02, 0x22, 0x0e, 0x06, 0xf8, 0x00,
  0x42, 0x00, 0x00, 0x00, 0x01, 0x03, 0x40, 0x00, 0x02, 0x00, 0x00, 0x00,
  0x00, 0x00, 0x00, 0x00, 0x00, 0x00, 0x00, 0x00, 0x00, 0x00, 0xcc, 0x01,
  0x00, 0x00, 0x01, 0x0b, 0x06, 0x0a, 0xfa, 0x00, 0x04, 0x00, 0x00, 0x00,
  0xc1, 0x01, 0x04, 0x02, 0x00, 0x00, 0x02, 0x29, 0x04, 0x06, 0xf8, 0x00,
  0x04, 0x00, 0x00, 0x00, 0x01, 0xf8, 0x01, 0x01, 0x00, 0x00, 0x00, 0x02,
  0x00, 0x00, 0x00, 0x00, 0x00, 0x00, 0x00, 0x00, 0x00, 0x00, 0x10, 0x00,
  0x00, 0x00, 0x02, 0x29, 0x04, 0x06, 0xf8, 0x00, 0x04, 0x00, 0x00, 0x00,
  0x01, 0xf8, 0x41, 0x01, 0x00, 0x00, 0x00, 0x02, 0x00, 0x00, 0x00, 0x00,
  0x00, 0x00, 0x00, 0x00, 0x00, 0x00, 0x20, 0x00, 0x00, 0x00, 0x02, 0x29,
  0x04, 0x06, 0xf8, 0x00, 0x04, 0x00, 0x00, 0x00, 0x01, 0xf8, 0x81, 0x01,
  0x00, 0x00, 0x00, 0x02, 0x00, 0x00, 0x00, 0x00, 0x00, 0x00, 0x00, 0x00,
  0x00, 0x00, 0x30, 0x00, 0x00, 0x00, 0x02, 0x29, 0x04, 0x06, 0xf8, 0x00,
  0x04, 0x00, 0x00, 0x00, 0x01, 0xf8, 0x01, 0x02, 0x00, 0x00, 0x00, 0x02,
  0x00, 0x00, 0x00, 0x00, 0x00, 0x00, 0x00, 0x00, 0x00, 0x00, 0x40, 0x00,
  0x00, 0x00, 0x02, 0x29, 0x04, 0x06, 0xf8, 0x00, 0x04, 0x00, 0x00, 0x00,
  0x01, 0xf8, 0x41, 0x02, 0x00, 0x00, 0x00, 0x02, 0x00, 0x00, 0x00, 0x00,
  0x00, 0x00, 0x00, 0x00, 0x00, 0x00, 0x50, 0x00, 0x00, 0x00, 0x02, 0x29,
  0x04, 0x06, 0xf8, 0x00, 0x04, 0x00, 0x00, 0x00, 0x01, 0xf8, 0x81, 0x02,
  0x00, 0x00, 0x00, 0x02, 0x00, 0x00, 0x00, 0x00, 0x00, 0x00, 0x00, 0x00,
  0x00, 0x00, 0x80, 0x00, 0x00, 0x00, 0x02, 0x29, 0x04, 0x06, 0xf8, 0x00,
  0x04, 0x00, 0x00, 0x00, 0x01, 0xf8, 0xc1, 0x00, 0x00, 0x00, 0x00, 0x02,
  0x00, 0x00, 0x00, 0x00, 0x00, 0x00, 0x00, 0x00, 0x00, 0x00, 0x60, 0x00,
  0x00, 0x00, 0x02, 0x29, 0x04, 0x06, 0xf8, 0x00, 0x04, 0x00, 0x00, 0x00,
  0x01, 0xf8, 0xc1, 0x02, 0x00, 0x00, 0x00, 0x02, 0x00, 0x00, 0x00, 0x00,
  0x00, 0x00, 0x00, 0x00, 0x00, 0x00, 0xf0, 0x00, 0x00, 0x00, 0x02, 0x29,
  0x04, 0x06, 0xf8, 0x00, 0x04, 0x00, 0x00, 0x00, 0x01, 0xf8, 0x01, 0x01,
  0x00, 0x00, 0x00, 0x02, 0x00, 0x00, 0x00, 0x00, 0x00, 0x00, 0x00, 0x00,
  0x00, 0x00, 0x70, 0x00, 0x00, 0x00, 0x02, 0x29, 0x04, 0x06, 0xf8, 0x00,
  0x04, 0x00, 0x00, 0x00, 0x01, 0xf8, 0x41, 0x01, 0x00, 0x00, 0x00, 0x02,
  0x00, 0x00, 0x00, 0x00, 0x00, 0x00, 0x00, 0x00, 0x00, 0x00, 0x90, 0x00,
  0x00, 0x00, 0x02, 0x29, 0x04, 0x06, 0xf8, 0x00, 0x04, 0x00, 0x00, 0x00,
  0x01, 0xf8, 0x81, 0x01, 0x00, 0x00, 0x00, 0x02, 0x00, 0x00, 0x00, 0x00,
  0x00, 0x00, 0x00, 0x00, 0x00, 0x00, 0xa0, 0x00, 0x00, 0x00, 0x02, 0x29,
  0x04, 0x06, 0xf8, 0x00, 0x04, 0x00, 0x00, 0x00, 0x01, 0xf8, 0x01, 0x02,
  0x00, 0x00, 0x00, 0x02, 0x00, 0x00, 0x00, 0x00, 0x00, 0x00, 0x00, 0x00,
  0x00, 0x00, 0xd0, 0x00, 0x00, 0x00, 0x02, 0x29, 0x04, 0x06, 0xf8, 0x00,
  0x04, 0x00, 0x00, 0x00, 0x01, 0xf8, 0x41, 0x02, 0x00, 0x00, 0x00, 0x02,
  0x00, 0x00, 0x00, 0x00, 0x00, 0x00, 0x00, 0x00, 0x00, 0x00, 0xe0, 0x00,
  0x00, 0x00, 0x02, 0x29, 0x04, 0x06, 0xf8, 0x00, 0x04, 0x00, 0x00, 0x00,
  0x01, 0xf8, 0xc1, 0x00, 0x00, 0x00, 0x00, 0x02, 0x00, 0x00, 0x00, 0x00,
  0x00, 0x00, 0x00, 0x00, 0x00, 0x00, 0xb0, 0x00, 0x00, 0x00, 0x02, 0x29,
  0x04, 0x06, 0xf8, 0x00, 0x04, 0x00, 0x00, 0x00, 0x01, 0xf8, 0x01, 0x01,
  0x00, 0x00, 0x00, 0x02, 0x00, 0x00, 0x00, 0x00, 0x00, 0x00, 0x00, 0x00,
  0x00, 0x00, 0xc0, 0x00, 0x00, 0x00, 0x01, 0x47, 0x5a, 0x16, 0xf8, 0x00,
  0x04, 0x00, 0x00, 0x00, 0x00, 0x00, 0x01, 0x00, 0x00, 0x00, 0x02, 0x22,
  0x08, 0x06, 0xfa, 0x00, 0x52, 0x00, 0x00, 0x00, 0x03, 0x02, 0x40, 0x00,
  0x02, 0x00, 0x00, 0x00, 0x00, 0x00, 0x00, 0x00, 0x00, 0x00, 0x00, 0x00,
  0x00, 0x00, 0x90, 0x00, 0x00, 0x00, 0x02, 0x22, 0x08, 0x06, 0xfa, 0x00,
  0x52, 0x00, 0x00, 0x00, 0x83, 0x02, 0x40, 0x00, 0x02, 0x00, 0x00, 0x00,
  0x00, 0x00, 0x00, 0x00, 0x00, 0x00, 0x00, 0x00, 0x00, 0x00, 0x60, 0x00,
  0x00, 0x00, 0x02, 0x38, 0x0e, 0x32, 0xf8, 0x00, 0x60, 0x11, 0x00, 0x00,
  0x00, 0x00, 0x82, 0x00, 0x0a, 0x00, 0x00, 0x02, 0x03, 0x06, 0x02, 0x00,
  0x00, 0x00, 0x00, 0x00, 0x00, 0x00, 0x00, 0x00, 0x00, 0x00, 0x02, 0x22,
  0x08, 0x06, 0xfa, 0x00, 0x52, 0x00, 0x00, 0x00, 0x03, 0x02, 0x40, 0x00,
  0x02, 0x00, 0x00, 0x00, 0x00, 0x00, 0x00, 0x00, 0x00, 0x00, 0x00, 0x00,
  0x00, 0x00, 0x90, 0x00, 0x00, 0x00, 0x02, 0x22, 0x08, 0x06, 0xfa, 0x00,
  0x52, 0x00, 0x00, 0x00, 0x83, 0x02, 0x40, 0x00, 0x02, 0x00, 0x00, 0x00,
  0x00, 0x00, 0x00, 0x00, 0x00, 0x00, 0x00, 0x00, 0x00, 0x00, 0x60, 0x00,
  0x00, 0x00, 0x02, 0x38, 0x0e, 0x32, 0xf8, 0x00, 0x60, 0x11, 0x00, 0x00,
  0x00, 0x00, 0x82, 0x00, 0x0a, 0x00, 0x00, 0x02, 0x03, 0x06, 0x03, 0x00,
  0x00, 0x00, 0x00, 0x00, 0x00, 0x00, 0x00, 0x00, 0x00, 0x00, 0x02, 0x22,
  0x08, 0x06, 0xfa, 0x00, 0x52, 0x00, 0x00, 0x00, 0x03, 0x02, 0x40, 0x00,
  0x02, 0x00, 0x00, 0x00, 0x00, 0x00, 0x00, 0x00, 0x00, 0x00, 0x00, 0x00,
  0x00, 0x00, 0x90, 0x00, 0x00, 0x00, 0x02, 0x22, 0x08, 0x06, 0xfa, 0x00,
  0x52, 0x00, 0x00, 0x00, 0x83, 0x02, 0x40, 0x00, 0x02, 0x00, 0x00, 0x00,
  0x00, 0x00, 0x00, 0x00, 0x00, 0x00, 0x00, 0x00, 0x00, 0x00, 0x60, 0x00,
  0x00, 0x00, 0x02, 0x38, 0x0e, 0x32, 0xf8, 0x00, 0x60, 0x11, 0x00, 0x00,
  0x00, 0x00, 0x82, 0x00, 0x0a, 0x00, 0x00, 0x02, 0x03, 0x06, 0x04, 0x00,
  0x00, 0x00, 0x00, 0x00, 0x00, 0x00, 0x00, 0x00, 0x00, 0x00, 0x02, 0x22,
  0x08, 0x06, 0xfa, 0x00, 0x52, 0x00, 0x00, 0x00, 0x03, 0x02, 0x40, 0x00,
  0x02, 0x00, 0x00, 0x00, 0x00, 0x00, 0x00, 0x00, 0x00, 0x00, 0x00, 0x00,
  0x00, 0x00, 0x90, 0x00, 0x00, 0x00, 0x02, 0x22, 0x08, 0x06, 0xfa, 0x00,
  0x52, 0x00, 0x00, 0x00, 0x83, 0x02, 0x40, 0x00, 0x02, 0x00, 0x00, 0x00,
  0x00, 0x00, 0x00, 0x00, 0x00, 0x00, 0x00, 0x00, 0x00, 0x00, 0x60, 0x00,
  0x00, 0x00, 0x02, 0x38, 0x0e, 0x32, 0xf8, 0x00, 0x60, 0x11, 0x00, 0x00,
  0x00, 0x00, 0x82, 0x00, 0x0a, 0x00, 0x00, 0x02, 0x03, 0x06, 0x05, 0x00,
  0x00, 0x00, 0x00, 0x00, 0x00, 0x00, 0x00, 0x00, 0x00, 0x00, 0x02, 0x22,
  0x08, 0x06, 0xfa, 0x00, 0x52, 0x00, 0x00, 0x00, 0x03, 0x02, 0x40, 0x00,
  0x02, 0x00, 0x00, 0x00, 0x00, 0x00, 0x00, 0x00, 0x00, 0x00, 0x00, 0x00,
  0x00, 0x00, 0x90, 0x00, 0x00, 0x00, 0x02, 0x22, 0x08, 0x06, 0xfa, 0x00,
  0x52, 0x00, 0x00, 0x00, 0x83, 0x02, 0x40, 0x00, 0x02, 0x00, 0x00, 0x00,
  0x00, 0x00, 0x00, 0x00, 0x00, 0x00, 0x00, 0x00, 0x00, 0x00, 0x60, 0x00,
  0x00, 0x00, 0x02, 0x38, 0x0e, 0x32, 0xf8, 0x00, 0x60, 0x11, 0x00, 0x00,
  0x00, 0x00, 0x82, 0x00, 0x0a, 0x00, 0x00, 0x02, 0x03, 0x06, 0x06, 0x00,
  0x00, 0x00, 0x00, 0x00, 0x00, 0x00, 0x00, 0x00, 0x00, 0x00, 0x02, 0x22,
  0x08, 0x06, 0xfa, 0x00, 0x52, 0x00, 0x00, 0x00, 0x03, 0x02, 0x40, 0x00,
  0x02, 0x00, 0x00, 0x00, 0x00, 0x00, 0x00, 0x00, 0x00, 0x00, 0x00, 0x00,
  0x00, 0x00, 0x90, 0x00, 0x00, 0x00, 0x02, 0x22, 0x08, 0x06, 0xfa, 0x00,
  0x52, 0x00, 0x00, 0x00, 0x83, 0x02, 0x40, 0x00, 0x02, 0x00, 0x00, 0x00,
  0x00, 0x00, 0x00, 0x00, 0x00, 0x00, 0x00, 0x00, 0x00, 0x00, 0x60, 0x00,
  0x00, 0x00, 0x02, 0x38, 0x0e, 0x32, 0xf8, 0x00, 0x60, 0x11, 0x00, 0x00,
  0x00, 0x00, 0x82, 0x00, 0x0a, 0x00, 0x00, 0x02, 0x03, 0x06, 0x07, 0x00,
  0x00, 0x00, 0x00, 0x00, 0x00, 0x00, 0x00, 0x00, 0x00, 0x00, 0x02, 0x22,
  0x08, 0x06, 0xfa, 0x00, 0x52, 0x00, 0x00, 0x00, 0x03, 0x02, 0x40, 0x00,
  0x02, 0x00, 0x00, 0x00, 0x00, 0x00, 0x00, 0x00, 0x00, 0x00, 0x00, 0x00,
  0x00, 0x00, 0x90, 0x00, 0x00, 0x00, 0x02, 0x22, 0x08, 0x06, 0xfa, 0x00,
  0x52, 0x00, 0x00, 0x00, 0x83, 0x02, 0x40, 0x00, 0x02, 0x00, 0x00, 0x00,
  0x00, 0x00, 0x00, 0x00, 0x00, 0x00, 0x00, 0x00, 0x00, 0x00, 0x60, 0x00,
  0x00, 0x00, 0x02, 0x38, 0x0e, 0x32, 0xf8, 0x00, 0x60, 0x11, 0x00, 0x00,
  0x00, 0x00, 0x82, 0x00, 0x0a, 0x00, 0x00, 0x02, 0x03, 0x06, 0x08, 0x00,
  0x00, 0x00, 0x00, 0x00, 0x00, 0x00, 0x00, 0x00, 0x00, 0x00, 0x02, 0x22,
  0x08, 0x06, 0xfa, 0x00, 0x52, 0x00, 0x00, 0x00, 0x03, 0x02, 0x40, 0x00,
  0x02, 0x00, 0x00, 0x00, 0x00, 0x00, 0x00, 0x00, 0x00, 0x00, 0x00, 0x00,
  0x00, 0x00, 0x90, 0x00, 0x00, 0x00, 0x02, 0x22, 0x08, 0x06, 0xfa, 0x00,
  0x52, 0x00, 0x00, 0x00, 0x83, 0x02, 0x40, 0x00, 0x02, 0x00, 0x00, 0x00,
  0x00, 0x00, 0x00, 0x00, 0x00, 0x00, 0x00, 0x00, 0x00, 0x00, 0x60, 0x00,
  0x00, 0x00, 0x02, 0x38, 0x0e, 0x32, 0xf8, 0x00, 0x60, 0x11, 0x00, 0x00,
  0x00, 0x00, 0x82, 0x00, 0x0a, 0x00, 0x00, 0x02, 0x03, 0x06, 0x09, 0x00,
  0x00, 0x00, 0x00, 0x00, 0x00, 0x00, 0x00, 0x00, 0x00, 0x00, 0x02, 0x22,
  0x08, 0x06, 0xfa, 0x00, 0x52, 0x00, 0x00, 0x00, 0x03, 0x02, 0x40, 0x00,
  0x02, 0x00, 0x00, 0x00, 0x00, 0x00, 0x00, 0x00, 0x00, 0x00, 0x00, 0x00,
  0x00, 0x00, 0x68, 0x00, 0x00, 0x00, 0x42, 0x10, 0x32, 0x14, 0x02, 0x22,
  0x0e, 0x06, 0xf8, 0x00, 0x52, 0x00, 0x00, 0x00, 0x03, 0x02, 0x40, 0x00,
  0x02, 0x00, 0x00, 0x00, 0x00, 0x00, 0x00, 0x00, 0x00, 0x00, 0x00, 0x00,
  0x00, 0x00, 0x98, 0x00, 0x00, 0x00, 0x02, 0x38, 0x0e, 0x32, 0x01, 0x00,
  0x40, 0x11, 0x00, 0x00, 0x00, 0x00, 0x82, 0x00, 0x0a, 0x00, 0x00, 0x02,
  0x03, 0xc0, 0x34, 0x00, 0x00, 0x00, 0x00, 0x00, 0x00, 0x00, 0x00, 0x00,
  0x00, 0x00, 0x02, 0x38, 0x0e, 0x32, 0x01, 0x00, 0x40, 0x11, 0x00, 0x00,
  0x00, 0x00, 0x82, 0x00, 0x0a, 0x00, 0x00, 0x02, 0x03, 0xc0, 0x35, 0x00,
  0x00, 0x00, 0x00, 0x00, 0x00, 0x00, 0x04, 0x00, 0x00, 0x00, 0x02, 0x38,
  0x0e, 0x32, 0xf8, 0x00, 0x40, 0x11, 0x00, 0x00, 0x00, 0x00, 0x82, 0x00,
  0x0a, 0x00, 0x00, 0x02, 0x03, 0x80, 0x35, 0x00, 0x00, 0x00, 0x00, 0x00,
  0x00, 0x00, 0x00, 0x00, 0x00, 0x00, 0x02, 0x38, 0x0e, 0x32, 0xf8, 0x00,
  0x40, 0x11, 0x00, 0x00, 0x00, 0x00, 0x82, 0x00, 0x0a, 0x00, 0x00, 0x02,
  0x03, 0x00, 0x36, 0x00, 0x00, 0x00, 0x00, 0x00, 0x00, 0x00, 0x04, 0x00,
  0x00, 0x00, 0xd0, 0x06, 0xff, 0xff, 0xff, 0xff, 0x24, 0x00, 0x00, 0x00,
  0x00, 0x00, 0x00, 0x00, 0xff, 0xff, 0xff, 0xff, 0xff, 0xff, 0xff, 0xff,
  0x03, 0x00, 0x01, 0x7c, 0xff, 0xff, 0xff, 0xff, 0x0f, 0x0c, 0x81, 0x80,
  0x80, 0x28, 0x00, 0x08, 0xff, 0x81, 0x80, 0x28, 0x08, 0x81, 0x80, 0x80,
  0x28, 0x00, 0x00, 0x00, 0xff, 0xff, 0xff, 0xff, 0x34, 0x00, 0x00, 0x00,
  0x00, 0x00, 0x00, 0x00, 0x00, 0x00, 0x00, 0x00, 0x00, 0x00, 0x00, 0x00,
  0x00, 0x00, 0x00, 0x00, 0x00, 0x00, 0x00, 0x00, 0x30, 0x74, 0x00, 0x00,
  0x00, 0x00, 0x00, 0x00, 0x04, 0x10, 0x00, 0x00, 0x00, 0x04, 0xb0, 0x02,
  0x00, 0x00, 0x0c, 0x81, 0x80, 0x80, 0x28, 0x00, 0x04, 0x60, 0x71, 0x00,
  0x00, 0x00, 0x00, 0x00, 0x00, 0x00, 0x00, 0x00, 0x04, 0x2f, 0x08, 0x00,
  0x07, 0x00, 0x00, 0x00, 0xf8, 0x00, 0x00, 0x00, 0x04, 0x11, 0x08, 0x00,
  0x07, 0x00, 0x00, 0x00, 0x00, 0x00, 0x00, 0x00, 0x04, 0x12, 0x08, 0x00,
  0x07, 0x00, 0x00, 0x00, 0x00, 0x00, 0x00, 0x00, 0x04, 0x37, 0x04, 0x00,
  0x80, 0x00, 0x00, 0x00, 0x04, 0x5a, 0x24, 0x00, 0x8a, 0x9d, 0x22, 0xa4,
  0xb1, 0x9d, 0x14, 0x6d, 0x00, 0xb4, 0x2a, 0xf3, 0xf7, 0x58, 0x03, 0x8e,
  0x0c, 0x07, 0x0a, 0x1b, 0xe2, 0xde, 0x8a, 0xd7, 0x52, 0x63, 0x87, 0x0c,
  0xd7, 0x2b, 0x07, 0x00, 0xcd, 0x2b, 0x00, 0x00, 0x04, 0x17, 0x0c, 0x00,
  0x00, 0x00, 0x00, 0x00, 0x00, 0x00, 0x00, 0x00, 0x00, 0xf0, 0x01, 0x0b,
  0x03, 0x50, 0x00, 0x00, 0x03, 0x1b, 0xff, 0x00, 0x02, 0x4c, 0x01, 0x00,
  0x04, 0x29, 0x40, 0x00, 0xff, 0xff, 0xff, 0xff, 0xff, 0xff, 0xff, 0xff,
  0xff, 0xff, 0xff, 0xff, 0xff, 0xff, 0xff, 0xff, 0xff, 0xff, 0xff, 0xff,
  0xff, 0xff, 0xff, 0xff, 0xff, 0xff, 0xff, 0xff, 0xff, 0xff, 0xff, 0xff,
  0xff, 0xff, 0xff, 0xff, 0xff, 0xff, 0xff, 0xff, 0xff, 0xff, 0xff, 0xff,
  0xff, 0xff, 0xff, 0xff, 0xff, 0xff, 0xff, 0xff, 0xff, 0xff, 0xff, 0xff,
  0xff, 0xff, 0xff, 0xff, 0xff, 0xff, 0xff, 0xff, 0x04, 0x28, 0x40, 0x00,
  0x10, 0x3e, 0x00, 0x00, 0x60, 0x3e, 0x00, 0x00, 0xd0, 0x3e, 0x00, 0x00,
  0x30, 0x40, 0x00, 0x00, 0x60, 0x44, 0x00, 0x00, 0x80, 0x44, 0x00, 0x00,
  0xc0, 0x44, 0x00, 0x00, 0xe0, 0x44, 0x00, 0x00, 0xb0, 0x45, 0x00, 0x00,
  0x20, 0x46, 0x00, 0x00, 0x70, 0x46, 0x00, 0x00, 0xa0, 0x47, 0x00, 0x00,
  0x60, 0x4c, 0x00, 0x00, 0x90, 0x4c, 0x00, 0x00, 0xc0, 0x4c, 0x00, 0x00,
  0x20, 0x4d, 0x00, 0x00, 0x02, 0x4a, 0x00, 0x00, 0x04, 0x1c, 0x14, 0x00,
  0xb0, 0x02, 0x00, 0x00, 0x90, 0x71, 0x00, 0x00, 0xe0, 0x71, 0x00, 0x00,
  0x40, 0x73, 0x00, 0x00, 0x20, 0x74, 0x00, 0x00, 0x04, 0x1e, 0x04, 0x00,
  0x00, 0x00, 0x00, 0x00, 0x00, 0x00, 0x00, 0x00, 0xfc, 0x59, 0x00, 0x00,
  0x00, 0x00, 0x00, 0x00, 0x03, 0x00, 0x01, 0x00, 0x04, 0x00, 0x00, 0x00,
  0x00, 0x00, 0x00, 0x00, 0x00, 0x00, 0x00, 0x00, 0x7c, 0x12, 0x00, 0x00,
  0x00, 0x00, 0x00, 0x00, 0x03, 0x00, 0x01, 0x00, 0x04, 0x00, 0x00, 0x00,
  0x00, 0x00, 0x00, 0x00, 0x00, 0x00, 0x00, 0x00, 0x44, 0x00, 0x00, 0x00,
  0x00, 0x00, 0x00, 0x00, 0x3d, 0x00, 0x01, 0x00, 0x07, 0x00, 0x00, 0x00,
  0x00, 0x00, 0x00, 0x00, 0x00, 0x00, 0x00, 0x00, 0x00, 0x00, 0x00, 0x00,
  0x00, 0x00, 0x00, 0x00, 0x00, 0x00, 0x00, 0x00, 0x00, 0x00, 0x00, 0x00,
  0x00, 0x00, 0x00, 0x00, 0x00, 0x00, 0x00, 0x00, 0x51, 0x00, 0x00, 0x00,
  0x03, 0x00, 0x11, 0x00, 0x00, 0x00, 0x00, 0x00, 0x00, 0x00, 0x00, 0x00,
  0x00, 0x00, 0x00, 0x00, 0x00, 0x00, 0x00, 0x00, 0x22, 0x01, 0x00, 0x00,
  0x21, 0x00, 0x00, 0x00, 0x00, 0x00, 0x00, 0x00, 0x00, 0x00, 0x00, 0x00,
  0x04, 0x00, 0x00, 0x00, 0x00, 0x00, 0x00, 0x00, 0x51, 0x01, 0x00, 0x00,
  0x20, 0xa0, 0x17, 0x00, 0x00, 0x00, 0x00, 0x00, 0x00, 0x00, 0x00, 0x00,
  0x00, 0x00, 0x00, 0x00, 0x00, 0x00, 0x00, 0x00, 0x72, 0x01, 0x00, 0x00,
  0x21, 0x00, 0x00, 0x00, 0x00, 0x00, 0x00, 0x00, 0x00, 0x00, 0x00, 0x00,
  0x04, 0x00, 0x00, 0x00, 0x00, 0x00, 0x00, 0x00, 0x21, 0x02, 0x00, 0x00,
  0x03, 0x00, 0x12, 0x00, 0x00, 0x00, 0x00, 0x00, 0x00, 0x00, 0x00, 0x00,
  0x00, 0x00, 0x00, 0x00, 0x00, 0x00, 0x00, 0x00, 0x51, 0x02, 0x00, 0x00,
  0x03, 0x00, 0x0a, 0x00, 0x00, 0x00, 0x00, 0x00, 0x00, 0x00, 0x00, 0x00,
  0x00, 0x00, 0x00, 0x00, 0x00, 0x00, 0x00, 0x00, 0x6d, 0x02, 0x00, 0x00,
  0x12, 0x10, 0x11, 0x00, 0x00, 0x00, 0x00, 0x00, 0x00, 0x00, 0x00, 0x00,
  0x30, 0x74, 0x00, 0x00, 0x00, 0x00, 0x00, 0x00, 0x00, 0x00, 0x00, 0x00,
  0x00, 0x00, 0x00, 0x00, 0x00, 0x00, 0x00, 0x00, 0x00, 0x00, 0x00, 0x00,
  0x00, 0x00, 0x00, 0x00, 0x00, 0x00, 0x00, 0x00, 0x00, 0x00, 0x00, 0x00,
  0x00, 0x00, 0x00, 0x00, 0x00, 0x00, 0x00, 0x00, 0x00, 0x00, 0x00, 0x00,
  0x00, 0x00, 0x00, 0x00, 0x00, 0x00, 0x00, 0x00, 0x00, 0x00, 0x00, 0x00,
  0x00, 0x00, 0x00, 0x00, 0x00, 0x00, 0x00, 0x00, 0x00, 0x00, 0x00, 0x00,
  0x01, 0x00, 0x00, 0x00, 0x03, 0x00, 0x00, 0x00, 0x00, 0x00, 0x00, 0x00,
  0x00, 0x00, 0x00, 0x00, 0x00, 0x00, 0x00, 0x00, 0x00, 0x00, 0x00, 0x00,
  0x40, 0x00, 0x00, 0x00, 0x00, 0x00, 0x00, 0x00, 0xc3, 0x03, 0x00, 0x00,
  0x00, 0x00, 0x00, 0x00, 0x00, 0x00, 0x00, 0x00, 0x00, 0x00, 0x00, 0x00,
  0x01, 0x00, 0x00, 0x00, 0x00, 0x00, 0x00, 0x00, 0x00, 0x00, 0x00, 0x00,
  0x00, 0x00, 0x00, 0x00, 0x0b, 0x00, 0x00, 0x00, 0x03, 0x00, 0x00, 0x00,
  0x00, 0x00, 0x00, 0x00, 0x00, 0x00, 0x00, 0x00, 0x00, 0x00, 0x00, 0x00,
  0x00, 0x00, 0x00, 0x00, 0x27, 0x04, 0x00, 0x00, 0x00, 0x00, 0x00, 0x00,
  0xf5, 0x02, 0x00, 0x00, 0x00, 0x00, 0x00, 0x00, 0x00, 0x00, 0x00, 0x00,
  0x00, 0x00, 0x00, 0x00, 0x01, 0x00, 0x00, 0x00, 0x00, 0x00, 0x00, 0x00,
  0x00, 0x00, 0x00, 0x00, 0x00, 0x00, 0x00, 0x00, 0x13, 0x00, 0x00, 0x00,
  0x02, 0x00, 0x00, 0x00, 0x00, 0x00, 0x00, 0x00, 0x00, 0x00, 0x00, 0x00,
  0x00, 0x00, 0x00, 0x00, 0x00, 0x00, 0x00, 0x00, 0x20, 0x07, 0x00, 0x00,
  0x00, 0x00, 0x00, 0x00, 0xd8, 0x00, 0x00, 0x00, 0x00, 0x00, 0x00, 0x00,
  0x02, 0x00, 0x00, 0x00, 0x07, 0x00, 0x00, 0x00, 0x08, 0x00, 0x00, 0x00,
  0x00, 0x00, 0x00, 0x00, 0x18, 0x00, 0x00, 0x00, 0x00, 0x00, 0x00, 0x00,
  0xd2, 0x01, 0x00, 0x00, 0x01, 0x00, 0x00, 0x00, 0x00, 0x00, 0x00, 0x00,
  0x00, 0x00, 0x00, 0x00, 0x00, 0x00, 0x00, 0x00, 0x00, 0x00, 0x00, 0x00,
  0xf8, 0x07, 0x00, 0x00, 0x00, 0x00, 0x00, 0x00, 0x68, 0x00, 0x00, 0x00,
  0x00, 0x00, 0x00, 0x00, 0x00, 0x00, 0x00, 0x00, 0x00, 0x00, 0x00, 0x00,
  0x01, 0x00, 0x00, 0x00, 0x00, 0x00, 0x00, 0x00, 0x00, 0x00, 0x00, 0x00,
  0x00, 0x00, 0x00, 0x00, 0x29, 0x00, 0x00, 0x00, 0x07, 0x00, 0x00, 0x00,
  0x00, 0x00, 0x00, 0x02, 0x00, 0x00, 0x00, 0x00, 0x00, 0x00, 0x00, 0x00,
  0x00, 0x00, 0x00, 0x00, 0x60, 0x08, 0x00, 0x00, 0x00, 0x00, 0x00, 0x00,
  0xac, 0x00, 0x00, 0x00, 0x00, 0x00, 0x00, 0x00, 0x00, 0x00, 0x00, 0x00,
  0x00, 0x00, 0x00, 0x00, 0x04, 0x00, 0x00, 0x00, 0x00, 0x00, 0x00, 0x00,
  0x00, 0x00, 0x00, 0x00, 0x00, 0x00, 0x00, 0x00, 0x39, 0x00, 0x00, 0x00,
  0x07, 0x00, 0x00, 0x00, 0x40, 0x00, 0x00, 0x01, 0x00, 0x00, 0x00, 0x00,
  0x00, 0x00, 0x00, 0x00, 0x00, 0x00, 0x00, 0x00, 0x0c, 0x09, 0x00, 0x00,
  0x00, 0x00, 0x00, 0x00, 0x24, 0x00, 0x00, 0x00, 0x00, 0x00, 0x00, 0x00,
  0x05, 0x00, 0x00, 0x00, 0x09, 0x00, 0x00, 0x00, 0x04, 0x00, 0x00, 0x00,
  0x00, 0x00, 0x00, 0x00, 0x00, 0x00, 0x00, 0x00, 0x00, 0x00, 0x00, 0x00,
  0x48, 0x00, 0x00, 0x00, 0x00, 0x00, 0x00, 0x70, 0x00, 0x00, 0x00, 0x00,
  0x00, 0x00, 0x00, 0x00, 0x00, 0x00, 0x00, 0x00, 0x00, 0x00, 0x00, 0x00,
  0x30, 0x09, 0x00, 0x00, 0x00, 0x00, 0x00, 0x00, 0x24, 0x00, 0x00, 0x00,
  0x00, 0x00, 0x00, 0x00, 0x03, 0x00, 0x00, 0x00, 0x00, 0x00, 0x00, 0x00,
  0x04, 0x00, 0x00, 0x00, 0x00, 0x00, 0x00, 0x00, 0x00, 0x00, 0x00, 0x00,
  0x00, 0x00, 0x00, 0x00, 0x94, 0x00, 0x00, 0x00, 0x00, 0x00, 0x00, 0x70,
  0x40, 0x00, 0x00, 0x00, 0x00, 0x00, 0x00, 0x00, 0x00, 0x00, 0x00, 0x00,
  0x00, 0x00, 0x00, 0x00, 0x54, 0x09, 0x00, 0x00, 0x00, 0x00, 0x00, 0x00,
  0xe8, 0x00, 0x00, 0x00, 0x00, 0x00, 0x00, 0x00, 0x03, 0x00, 0x00, 0x00,
  0x0d, 0x00, 0x00, 0x00, 0x04, 0x00, 0x00, 0x00, 0x00, 0x00, 0x00, 0x00,
  0x00, 0x00, 0x00, 0x00, 0x00, 0x00, 0x00, 0x00, 0x38, 0x01, 0x00, 0x00,
  0x86, 0x00, 0x00, 0x70, 0x00, 0x00, 0x00, 0x00, 0x00, 0x00, 0x00, 0x00,
  0x00, 0x00, 0x00, 0x00, 0x00, 0x00, 0x00, 0x00, 0x3c, 0x0a, 0x00, 0x00,
  0x00, 0x00, 0x00, 0x00, 0x10, 0x00, 0x00, 0x00, 0x00, 0x00, 0x00, 0x00,
  0x00, 0x00, 0x00, 0x00, 0x00, 0x00, 0x00, 0x00, 0x04, 0x00, 0x00, 0x00,
  0x00, 0x00, 0x00, 0x00, 0x00, 0x00, 0x00, 0x00, 0x00, 0x00, 0x00, 0x00,
  0x02, 0x02, 0x00, 0x00, 0x01, 0x00, 0x00, 0x70, 0x00, 0x00, 0x00, 0x00,
  0x00, 0x00, 0x00, 0x00, 0x00, 0x00, 0x00, 0x00, 0x00, 0x00, 0x00, 0x00,
  0x4c, 0x0a, 0x00, 0x00, 0x00, 0x00, 0x00, 0x00, 0x20, 0x00, 0x00, 0x00,
  0x00, 0x00, 0x00, 0x00, 0x03, 0x00, 0x00, 0x00, 0x00, 0x00, 0x00, 0x00,
  0x04, 0x00, 0x00, 0x00, 0x00, 0x00, 0x00, 0x00, 0x08, 0x00, 0x00, 0x00,
  0x00, 0x00, 0x00, 0x00, 0x8a, 0x01, 0x00, 0x00, 0x04, 0x00, 0x00, 0x00,
  0x40, 0x00, 0x00, 0x00, 0x00, 0x00, 0x00, 0x00, 0x00, 0x00, 0x00, 0x00,
  0x00, 0x00, 0x00, 0x00, 0x70, 0x0a, 0x00, 0x00, 0x00, 0x00, 0x00, 0x00,
  0x00, 0x00, 0x00, 0x00, 0x00, 0x00, 0x00, 0x00, 0x03, 0x00, 0x00, 0x00,
  0x0d, 0x00, 0x00, 0x00, 0x08, 0x00, 0x00, 0x00, 0x00, 0x00, 0x00, 0x00,
  0x18, 0x00, 0x00, 0x00, 0x00, 0x00, 0x00, 0x00, 0xf0, 0x01, 0x00, 0x00,
  0x04, 0x00, 0x00, 0x00, 0x40, 0x00, 0x00, 0x00, 0x00, 0x00, 0x00, 0x00,
  0x00, 0x00, 0x00, 0x00, 0x00, 0x00, 0x00, 0x00, 0x70, 0x0a, 0x00, 0x00,
  0x00, 0x00, 0x00, 0x00, 0x18, 0x00, 0x00, 0x00, 0x00, 0x00, 0x00, 0x00,
  0x03, 0x00, 0x00, 0x00, 0x04, 0x00, 0x00, 0x00, 0x08, 0x00, 0x00, 0x00,
  0x00, 0x00, 0x00, 0x00, 0x18, 0x00, 0x00, 0x00, 0x00, 0x00, 0x00, 0x00,
  0x51, 0x00, 0x00, 0x00, 0x01, 0x00, 0x00, 0x00, 0x06, 0x00, 0x00, 0x00,
  0x00, 0x00, 0x00, 0x00, 0x00, 0x00, 0x00, 0x00, 0x00, 0x00, 0x00, 0x00,
  0x00, 0x0b, 0x00, 0x00, 0x00, 0x00, 0x00, 0x00, 0x00, 0x4c, 0x00, 0x00,
  0x00, 0x00, 0x00, 0x00, 0x03, 0x00, 0x00, 0x00, 0x07, 0x00, 0x00, 0x00,
  0x80, 0x00, 0x00, 0x00, 0x00, 0x00, 0x00, 0x00, 0x00, 0x00, 0x00, 0x00,
  0x00, 0x00, 0x00, 0x00, 0xda, 0x00, 0x00, 0x00, 0x08, 0x00, 0x00, 0x00,
  0x43, 0x00, 0x00, 0x00, 0x00, 0x00, 0x00, 0x00, 0x00, 0x00, 0x00, 0x00,
  0x00, 0x00, 0x00, 0x00, 0x00, 0x57, 0x00, 0x00, 0x00, 0x00, 0x00, 0x00,
  0x00, 0x04, 0x00, 0x00, 0x00, 0x00, 0x00, 0x00, 0x00, 0x00, 0x00, 0x00,
  0x0d, 0x00, 0x00, 0x00, 0x10, 0x00, 0x00, 0x00, 0x00, 0x00, 0x00, 0x00,
  0x00, 0x00, 0x00, 0x00, 0x00, 0x00, 0x00, 0x00, 0x22, 0x01, 0x00, 0x00,
  0x08, 0x00, 0x00, 0x00, 0x03, 0x00, 0x00, 0x00, 0x00, 0x00, 0x00, 0x00,
  0x00, 0x00, 0x00, 0x00, 0x00, 0x00, 0x00, 0x00, 0x00, 0x57, 0x00, 0x00,
  0x00, 0x00, 0x00, 0x00, 0x40, 0x00, 0x00, 0x00, 0x00, 0x00, 0x00, 0x00,
  0x00, 0x00, 0x00, 0x00, 0x00, 0x00, 0x00, 0x00, 0x01, 0x00, 0x00, 0x00,
  0x00, 0x00, 0x00, 0x00, 0x00, 0x00, 0x00, 0x00, 0x00, 0x00, 0x00, 0x00,
  0x1e, 0x02, 0x00, 0x00, 0x01, 0x00, 0x00, 0x00, 0x42, 0x00, 0x00, 0x00,
  0x00, 0x00, 0x00, 0x00, 0x00, 0x00, 0x00, 0x00, 0x00, 0x00, 0x00, 0x00,
  0x00, 0x57, 0x00, 0x00, 0x00, 0x00, 0x00, 0x00, 0x40, 0x06, 0x00, 0x00,
  0x00, 0x00, 0x00, 0x00, 0x00, 0x00, 0x00, 0x00, 0x0d, 0x00, 0x00, 0x00,
  0x04, 0x00, 0x00, 0x00, 0x00, 0x00, 0x00, 0x00, 0x00, 0x00, 0x00, 0x00,
  0x00, 0x00, 0x00, 0x00, 0x69, 0x02, 0x00, 0x00, 0x16, 0x00, 0x00, 0x70,
  0x00, 0x00, 0x00, 0x10, 0x00, 0x00, 0x00, 0x00, 0x00, 0x00, 0x00, 0x00,
  0x00, 0x00, 0x00, 0x00, 0x40, 0x5d, 0x00, 0x00, 0x00, 0x00, 0x00, 0x00,
  0xa0, 0x1a, 0x00, 0x00, 0x00, 0x00, 0x00, 0x00, 0x18, 0x00, 0x00, 0x00,
  0x07, 0x00, 0x00, 0x00, 0x10, 0x00, 0x00, 0x00, 0x00, 0x00, 0x00, 0x00,
  0x00, 0x00, 0x00, 0x00, 0x00, 0x00, 0x00, 0x00, 0xb7, 0x02, 0x00, 0x00,
  0x01, 0x00, 0x00, 0x00, 0x00, 0x00, 0x00, 0x10, 0x00, 0x00, 0x00, 0x00,
  0x00, 0x00, 0x00, 0x00, 0x00, 0x00, 0x00, 0x00, 0xe0, 0x77, 0x00, 0x00,
  0x00, 0x00, 0x00, 0x00, 0x70, 0x00, 0x00, 0x00, 0x00, 0x00, 0x00, 0x00,
  0x00, 0x00, 0x00, 0x00, 0x00, 0x00, 0x00, 0x00, 0x01, 0x00, 0x00, 0x00,
  0x00, 0x00, 0x00, 0x00, 0x00, 0x00, 0x00, 0x00, 0x00, 0x00, 0x00, 0x00,
  0xcc, 0x02, 0x00, 0x00, 0x83, 0x00, 0x00, 0x70, 0x00, 0x00, 0x00, 0x10,
  0x00, 0x00, 0x00, 0x00, 0x00, 0x00, 0x00, 0x00, 0x00, 0x00, 0x00, 0x00,
  0x50, 0x78, 0x00, 0x00, 0x00, 0x00, 0x00, 0x00, 0x24, 0x00, 0x00, 0x00,
  0x00, 0x00, 0x00, 0x00, 0x18, 0x00, 0x00, 0x00, 0x00, 0x00, 0x00, 0x00,
  0x04, 0x00, 0x00, 0x00, 0x00, 0x00, 0x00, 0x00, 0x00, 0x00, 0x00, 0x00,
  0x00, 0x00, 0x00, 0x00, 0xdd, 0x02, 0x00, 0x00, 0x83, 0x00, 0x00, 0x70,
  0x40, 0x00, 0x00, 0x10, 0x00, 0x00, 0x00, 0x00, 0x00, 0x00, 0x00, 0x00,
  0x00, 0x00, 0x00, 0x00, 0x74, 0x78, 0x00, 0x00, 0x00, 0x00, 0x00, 0x00,
  0xf8, 0x00, 0x00, 0x00, 0x00, 0x00, 0x00, 0x00, 0x18, 0x00, 0x00, 0x00,
  0x11, 0x00, 0x00, 0x00, 0x04, 0x00, 0x00, 0x00, 0x00, 0x00, 0x00, 0x00,
  0x00, 0x00, 0x00, 0x00, 0x00, 0x00, 0x00, 0x00, 0x2b, 0x03, 0x00, 0x00,
  0x82, 0x00, 0x00, 0x70, 0x40, 0x00, 0x00, 0x10, 0x00, 0x00, 0x00, 0x00,
  0x00, 0x00, 0x00, 0x00, 0x00, 0x00, 0x00, 0x00, 0x70, 0x79, 0x00, 0x00,
  0x00, 0x00, 0x00, 0x00, 0x30, 0x00, 0x00, 0x00, 0x00, 0x00, 0x00, 0x00,
  0x18, 0x00, 0x00, 0x00, 0x11, 0x00, 0x00, 0x00, 0x08, 0x00, 0x00, 0x00,
  0x00, 0x00, 0x00, 0x00, 0x18, 0x00, 0x00, 0x00, 0x00, 0x00, 0x00, 0x00,
  0x7b, 0x03, 0x00, 0x00, 0x82, 0x00, 0x00, 0x70, 0x40, 0x00, 0x00, 0x10,
  0x00, 0x00, 0x00, 0x00, 0x00, 0x00, 0x00, 0x00, 0x00, 0x00, 0x00, 0x00,
  0xa0, 0x79, 0x00, 0x00, 0x00, 0x00, 0x00, 0x00, 0x18, 0x00, 0x00, 0x00,
  0x00, 0x00, 0x00, 0x00, 0x18, 0x00, 0x00, 0x00, 0x12, 0x00, 0x00, 0x00,
  0x08, 0x00, 0x00, 0x00, 0x00, 0x00, 0x00, 0x00, 0x18, 0x00, 0x00, 0x00,
  0x00, 0x00, 0x00, 0x00, 0x95, 0x03, 0x00, 0x00, 0x15, 0x00, 0x00, 0x70,
  0x03, 0x00, 0x00, 0x10, 0x00, 0x00, 0x00, 0x00, 0x00, 0x00, 0x00, 0x00,
  0x00, 0x00, 0x00, 0x00, 0xb8, 0x79, 0x00, 0x00, 0x00, 0x00, 0x00, 0x00,
  0x00, 0x00, 0x00, 0x00, 0x00, 0x00, 0x00, 0x00, 0x00, 0x00, 0x00, 0x00,
  0x00, 0x00, 0x00, 0x00, 0x01, 0x00, 0x00, 0x00, 0x00, 0x00, 0x00, 0x00,
  0x00, 0x00, 0x00, 0x00, 0x00, 0x00, 0x00, 0x00, 0xb3, 0x03, 0x00, 0x00,
  0x85, 0x00, 0x00, 0x70, 0x00, 0x00, 0x00, 0x10, 0x00, 0x00, 0x00, 0x00,
  0x00, 0x00, 0x00, 0x00, 0x00, 0x00, 0x00, 0x00, 0xb8, 0x79, 0x00, 0x00,
  0x00, 0x00, 0x00, 0x00, 0xc0, 0x00, 0x00, 0x00, 0x00, 0x00, 0x00, 0x00,
  0x02, 0x00, 0x00, 0x00, 0x07, 0x00, 0x00, 0x00, 0x08, 0x00, 0x00, 0x00,
  0x00, 0x00, 0x00, 0x00, 0x18, 0x00, 0x00, 0x00, 0x00, 0x00, 0x00, 0x00,
  0x06, 0x00, 0x00, 0x00, 0x04, 0x00, 0x00, 0x00, 0xb8, 0x80, 0x00, 0x00,
  0x00, 0x00, 0x00, 0x00, 0x00, 0x00, 0x00, 0x00, 0x00, 0x00, 0x00, 0x00,
  0x00, 0x00, 0x00, 0x00, 0x00, 0x00, 0x00, 0x00, 0x18, 0x01, 0x00, 0x00,
  0x00, 0x00, 0x00, 0x00, 0x18, 0x01, 0x00, 0x00, 0x00, 0x00, 0x00, 0x00,
  0x08, 0x00, 0x00, 0x00, 0x00, 0x00, 0x00, 0x00, 0x01, 0x00, 0x00, 0x00,
  0x04, 0x00, 0x00, 0x00, 0xb8, 0x80, 0x00, 0x00, 0x00, 0x00, 0x00, 0x00,
  0x00, 0x00, 0x00, 0x00, 0x00, 0x00, 0x00, 0x00, 0x00, 0x00, 0x00, 0x00,
  0x00, 0x00, 0x00, 0x00, 0x18, 0x01, 0x00, 0x00, 0x00, 0x00, 0x00, 0x00,
  0x18, 0x01, 0x00, 0x00, 0x00, 0x00, 0x00, 0x00, 0x08, 0x00, 0x00, 0x00,
  0x00, 0x00, 0x00, 0x00, 0x01, 0x00, 0x00, 0x00, 0x05, 0x00, 0x00, 0x00,
  0x00, 0x0b, 0x00, 0x00, 0x00, 0x00, 0x00, 0x00, 0x00, 0x00, 0x00, 0x00,
  0x00, 0x00, 0x00, 0x00, 0x00, 0x00, 0x00, 0x00, 0x00, 0x00, 0x00, 0x00,
  0x00, 0x4c, 0x00, 0x00, 0x00, 0x00, 0x00, 0x00, 0x00, 0x4c, 0x00, 0x00,
  0x00, 0x00, 0x00, 0x00, 0x08, 0x00, 0x00, 0x00, 0x00, 0x00, 0x00, 0x00,
  0x01, 0x00, 0x00, 0x00, 0x06, 0x00, 0x00, 0x00, 0x00, 0x57, 0x00, 0x00,
  0x00, 0x00, 0x00, 0x00, 0x00, 0x00, 0x00, 0x00, 0x00, 0x00, 0x00, 0x00,
  0x00, 0x00, 0x00, 0x00, 0x00, 0x00, 0x00, 0x00, 0x00, 0x00, 0x00, 0x00,
  0x00, 0x00, 0x00, 0x00, 0x40, 0x04, 0x00, 0x00, 0x00, 0x00, 0x00, 0x00,
  0x08, 0x00, 0x00, 0x00, 0x00, 0x00, 0x00, 0x00, 0x01, 0x00, 0x00, 0x00,
  0x04, 0x00, 0x00, 0x00, 0x00, 0x57, 0x00, 0x00, 0x00, 0x00, 0x00, 0x00,
  0x00, 0x00, 0x00, 0x00, 0x00, 0x00, 0x00, 0x00, 0x00, 0x00, 0x00, 0x00,
  0x00, 0x00, 0x00, 0x00, 0x40, 0x06, 0x00, 0x00, 0x00, 0x00, 0x00, 0x00,
  0x40, 0x06, 0x00, 0x00, 0x00, 0x00, 0x00, 0x00, 0x08, 0x00, 0x00, 0x00,
  0x00, 0x00, 0x00, 0x00
};
unsigned int vit_cubin_fmha_v2_flash_attention_fp16_64_32_S_qkv_128_sm100_cu_cubin_len = 33232;
