unsigned char vit_cubin_fmha_v2_flash_attention_fp16_64_128_S_qkv_128_sm86_cu_cubin[] = {
  0x7f, 0x45, 0x4c, 0x46, 0x02, 0x01, 0x01, 0x33, 0x07, 0x00, 0x00, 0x00,
  0x00, 0x00, 0x00, 0x00, 0x02, 0x00, 0xbe, 0x00, 0x80, 0x00, 0x00, 0x00,
  0x00, 0x00, 0x00, 0x00, 0x00, 0x00, 0x00, 0x00, 0x40, 0x9d, 0x00, 0x00,
  0x00, 0x00, 0x00, 0x00, 0x00, 0x9a, 0x00, 0x00, 0x00, 0x00, 0x00, 0x00,
  0x56, 0x05, 0x56, 0x00, 0x40, 0x00, 0x38, 0x00, 0x04, 0x00, 0x40, 0x00,
  0x0d, 0x00, 0x01, 0x00, 0x00, 0x2e, 0x73, 0x68, 0x73, 0x74, 0x72, 0x74,
  0x61, 0x62, 0x00, 0x2e, 0x73, 0x74, 0x72, 0x74, 0x61, 0x62, 0x00, 0x2e,
  0x73, 0x79, 0x6d, 0x74, 0x61, 0x62, 0x00, 0x2e, 0x73, 0x79, 0x6d, 0x74,
  0x61, 0x62, 0x5f, 0x73, 0x68, 0x6e, 0x64, 0x78, 0x00, 0x2e, 0x6e, 0x76,
  0x2e, 0x69, 0x6e, 0x66, 0x6f, 0x00, 0x2e, 0x74, 0x65, 0x78, 0x74, 0x2e,
  0x66, 0x6d, 0x68, 0x61, 0x5f, 0x76, 0x32, 0x5f, 0x66, 0x6c, 0x61, 0x73,
  0x68, 0x5f, 0x61, 0x74, 0x74, 0x65, 0x6e, 0x74, 0x69, 0x6f, 0x6e, 0x5f,
  0x66, 0x70, 0x31, 0x36, 0x5f, 0x36, 0x34, 0x5f, 0x31, 0x32, 0x38, 0x5f,
  0x53, 0x5f, 0x71, 0x6b, 0x76, 0x5f, 0x31, 0x32, 0x38, 0x5f, 0x73, 0x6d,
  0x38, 0x36, 0x5f, 0x6b, 0x65, 0x72, 0x6e, 0x65, 0x6c, 0x5f, 0x6e, 0x6c,
  0x5f, 0x74, 0x69, 0x6c, 0x65, 0x64, 0x00, 0x2e, 0x6e, 0x76, 0x2e, 0x69,
  0x6e, 0x66, 0x6f, 0x2e, 0x66, 0x6d, 0x68, 0x61, 0x5f, 0x76, 0x32, 0x5f,
  0x66, 0x6c, 0x61, 0x73, 0x68, 0x5f, 0x61, 0x74, 0x74, 0x65, 0x6e, 0x74,
  0x69, 0x6f, 0x6e, 0x5f, 0x66, 0x70, 0x31, 0x36, 0x5f, 0x36, 0x34, 0x5f,
  0x31, 0x32, 0x38, 0x5f, 0x53, 0x5f, 0x71, 0x6b, 0x76, 0x5f, 0x31, 0x32,
  0x38, 0x5f, 0x73, 0x6d, 0x38, 0x36, 0x5f, 0x6b, 0x65, 0x72, 0x6e, 0x65,
  0x6c, 0x5f, 0x6e, 0x6c, 0x5f, 0x74, 0x69, 0x6c, 0x65, 0x64, 0x00, 0x2e,
  0x6e, 0x76, 0x2e, 0x73, 0x68, 0x61, 0x72, 0x65, 0x64, 0x2e, 0x66, 0x6d,
  0x68, 0x61, 0x5f, 0x76, 0x32, 0x5f, 0x66, 0x6c, 0x61, 0x73, 0x68, 0x5f,
  0x61, 0x74, 0x74, 0x65, 0x6e, 0x74, 0x69, 0x6f, 0x6e, 0x5f, 0x66, 0x70,
  0x31, 0x36, 0x5f, 0x36, 0x34, 0x5f, 0x31, 0x32, 0x38, 0x5f, 0x53, 0x5f,
  0x71, 0x6b, 0x76, 0x5f, 0x31, 0x32, 0x38, 0x5f, 0x73, 0x6d, 0x38, 0x36,
  0x5f, 0x6b, 0x65, 0x72, 0x6e, 0x65, 0x6c, 0x5f, 0x6e, 0x6c, 0x5f, 0x74,
  0x69, 0x6c, 0x65, 0x64, 0x00, 0x2e, 0x6e, 0x76, 0x2e, 0x63, 0x6f, 0x6e,
  0x73, 0x74, 0x61, 0x6e, 0x74, 0x30, 0x2e, 0x66, 0x6d, 0x68, 0x61, 0x5f,
  0x76, 0x32, 0x5f, 0x66, 0x6c, 0x61, 0x73, 0x68, 0x5f, 0x61, 0x74, 0x74,
  0x65, 0x6e, 0x74, 0x69, 0x6f, 0x6e, 0x5f, 0x66, 0x70, 0x31, 0x36, 0x5f,
  0x36, 0x34, 0x5f, 0x31, 0x32, 0x38, 0x5f, 0x53, 0x5f, 0x71, 0x6b, 0x76,
  0x5f, 0x31, 0x32, 0x38, 0x5f, 0x73, 0x6d, 0x38, 0x36, 0x5f, 0x6b, 0x65,
  0x72, 0x6e, 0x65, 0x6c, 0x5f, 0x6e, 0x6c, 0x5f, 0x74, 0x69, 0x6c, 0x65,
  0x64, 0x00, 0x2e, 0x72, 0x65, 0x6c, 0x2e, 0x6e, 0x76, 0x2e, 0x63, 0x6f,
  0x6e, 0x73, 0x74, 0x61, 0x6e, 0x74, 0x30, 0x2e, 0x66, 0x6d, 0x68, 0x61,
  0x5f, 0x76, 0x32, 0x5f, 0x66, 0x6c, 0x61, 0x73, 0x68, 0x5f, 0x61, 0x74,
  0x74, 0x65, 0x6e, 0x74, 0x69, 0x6f, 0x6e, 0x5f, 0x66, 0x70, 0x31, 0x36,
  0x5f, 0x36, 0x34, 0x5f, 0x31, 0x32, 0x38, 0x5f, 0x53, 0x5f, 0x71, 0x6b,
  0x76, 0x5f, 0x31, 0x32, 0x38, 0x5f, 0x73, 0x6d, 0x38, 0x36, 0x5f, 0x6b,
  0x65, 0x72, 0x6e, 0x65, 0x6c, 0x5f, 0x6e, 0x6c, 0x5f, 0x74, 0x69, 0x6c,
  0x65, 0x64, 0x00, 0x2e, 0x64, 0x65, 0x62, 0x75, 0x67, 0x5f, 0x66, 0x72,
  0x61, 0x6d, 0x65, 0x00, 0x2e, 0x72, 0x65, 0x6c, 0x2e, 0x64, 0x65, 0x62,
  0x75, 0x67, 0x5f, 0x66, 0x72, 0x61, 0x6d, 0x65, 0x00, 0x2e, 0x72, 0x65,
  0x6c, 0x61, 0x2e, 0x64, 0x65, 0x62, 0x75, 0x67, 0x5f, 0x66, 0x72, 0x61,
  0x6d, 0x65, 0x00, 0x2e, 0x6e, 0x76, 0x2e, 0x63, 0x61, 0x6c, 0x6c, 0x67,
  0x72, 0x61, 0x70, 0x68, 0x00, 0x2e, 0x6e, 0x76, 0x2e, 0x70, 0x72, 0x6f,
  0x74, 0x6f, 0x74, 0x79, 0x70, 0x65, 0x00, 0x2e, 0x6e, 0x76, 0x2e, 0x72,
  0x65, 0x6c, 0x2e, 0x61, 0x63, 0x74, 0x69, 0x6f, 0x6e, 0x00, 0x00, 0x2e,
  0x73, 0x68, 0x73, 0x74, 0x72, 0x74, 0x61, 0x62, 0x00, 0x2e, 0x73, 0x74,
  0x72, 0x74, 0x61, 0x62, 0x00, 0x2e, 0x73, 0x79, 0x6d, 0x74, 0x61, 0x62,
  0x00, 0x2e, 0x73, 0x79, 0x6d, 0x74, 0x61, 0x62, 0x5f, 0x73, 0x68, 0x6e,
  0x64, 0x78, 0x00, 0x2e, 0x6e, 0x76, 0x2e, 0x69, 0x6e, 0x66, 0x6f, 0x00,
  0x2e, 0x74, 0x65, 0x78, 0x74, 0x2e, 0x66, 0x6d, 0x68, 0x61, 0x5f, 0x76,
  0x32, 0x5f, 0x66, 0x6c, 0x61, 0x73, 0x68, 0x5f, 0x61, 0x74, 0x74, 0x65,
  0x6e, 0x74, 0x69, 0x6f, 0x6e, 0x5f, 0x66, 0x70, 0x31, 0x36, 0x5f, 0x36,
  0x34, 0x5f, 0x31, 0x32, 0x38, 0x5f, 0x53, 0x5f, 0x71, 0x6b, 0x76, 0x5f,
  0x31, 0x32, 0x38, 0x5f, 0x73, 0x6d, 0x38, 0x36, 0x5f, 0x6b, 0x65, 0x72,
  0x6e, 0x65, 0x6c, 0x5f, 0x6e, 0x6c, 0x5f, 0x74, 0x69, 0x6c, 0x65, 0x64,
  0x00, 0x2e, 0x6e, 0x76, 0x2e, 0x69, 0x6e, 0x66, 0x6f, 0x2e, 0x66, 0x6d,
  0x68, 0x61, 0x5f, 0x76, 0x32, 0x5f, 0x66, 0x6c, 0x61, 0x73, 0x68, 0x5f,
  0x61, 0x74, 0x74, 0x65, 0x6e, 0x74, 0x69, 0x6f, 0x6e, 0x5f, 0x66, 0x70,
  0x31, 0x36, 0x5f, 0x36, 0x34, 0x5f, 0x31, 0x32, 0x38, 0x5f, 0x53, 0x5f,
  0x71, 0x6b, 0x76, 0x5f, 0x31, 0x32, 0x38, 0x5f, 0x73, 0x6d, 0x38, 0x36,
  0x5f, 0x6b, 0x65, 0x72, 0x6e, 0x65, 0x6c, 0x5f, 0x6e, 0x6c, 0x5f, 0x74,
  0x69, 0x6c, 0x65, 0x64, 0x00, 0x2e, 0x6e, 0x76, 0x2e, 0x73, 0x68, 0x61,
  0x72, 0x65, 0x64, 0x2e, 0x66, 0x6d, 0x68, 0x61, 0x5f, 0x76, 0x32, 0x5f,
  0x66, 0x6c, 0x61, 0x73, 0x68, 0x5f, 0x61, 0x74, 0x74, 0x65, 0x6e, 0x74,
  0x69, 0x6f, 0x6e, 0x5f, 0x66, 0x70, 0x31, 0x36, 0x5f, 0x36, 0x34, 0x5f,
  0x31, 0x32, 0x38, 0x5f, 0x53, 0x5f, 0x71, 0x6b, 0x76, 0x5f, 0x31, 0x32,
  0x38, 0x5f, 0x73, 0x6d, 0x38, 0x36, 0x5f, 0x6b, 0x65, 0x72, 0x6e, 0x65,
  0x6c, 0x5f, 0x6e, 0x6c, 0x5f, 0x74, 0x69, 0x6c, 0x65, 0x64, 0x00, 0x2e,
  0x72, 0x65, 0x6c, 0x2e, 0x6e, 0x76, 0x2e, 0x63, 0x6f, 0x6e, 0x73, 0x74,
  0x61, 0x6e, 0x74, 0x30, 0x2e, 0x66, 0x6d, 0x68, 0x61, 0x5f, 0x76, 0x32,
  0x5f, 0x66, 0x6c, 0x61, 0x73, 0x68, 0x5f, 0x61, 0x74, 0x74, 0x65, 0x6e,
  0x74, 0x69, 0x6f, 0x6e, 0x5f, 0x66, 0x70, 0x31, 0x36, 0x5f, 0x36, 0x34,
  0x5f, 0x31, 0x32, 0x38, 0x5f, 0x53, 0x5f, 0x71, 0x6b, 0x76, 0x5f, 0x31,
  0x32, 0x38, 0x5f, 0x73, 0x6d, 0x38, 0x36, 0x5f, 0x6b, 0x65, 0x72, 0x6e,
  0x65, 0x6c, 0x5f, 0x6e, 0x6c, 0x5f, 0x74, 0x69, 0x6c, 0x65, 0x64, 0x00,
  0x2e, 0x6e, 0x76, 0x2e, 0x63, 0x6f, 0x6e, 0x73, 0x74, 0x61, 0x6e, 0x74,
  0x30, 0x2e, 0x66, 0x6d, 0x68, 0x61, 0x5f, 0x76, 0x32, 0x5f, 0x66, 0x6c,
  0x61, 0x73, 0x68, 0x5f, 0x61, 0x74, 0x74, 0x65, 0x6e, 0x74, 0x69, 0x6f,
  0x6e, 0x5f, 0x66, 0x70, 0x31, 0x36, 0x5f, 0x36, 0x34, 0x5f, 0x31, 0x32,
  0x38, 0x5f, 0x53, 0x5f, 0x71, 0x6b, 0x76, 0x5f, 0x31, 0x32, 0x38, 0x5f,
  0x73, 0x6d, 0x38, 0x36, 0x5f, 0x6b, 0x65, 0x72, 0x6e, 0x65, 0x6c, 0x5f,
  0x6e, 0x6c, 0x5f, 0x74, 0x69, 0x6c, 0x65, 0x64, 0x00, 0x2e, 0x64, 0x65,
  0x62, 0x75, 0x67, 0x5f, 0x66, 0x72, 0x61, 0x6d, 0x65, 0x00, 0x2e, 0x72,
  0x65, 0x6c, 0x2e, 0x64, 0x65, 0x62, 0x75, 0x67, 0x5f, 0x66, 0x72, 0x61,
  0x6d, 0x65, 0x00, 0x2e, 0x72, 0x65, 0x6c, 0x61, 0x2e, 0x64, 0x65, 0x62,
  0x75, 0x67, 0x5f, 0x66, 0x72, 0x61, 0x6d, 0x65, 0x00, 0x2e, 0x6e, 0x76,
  0x2e, 0x63, 0x61, 0x6c, 0x6c, 0x67, 0x72, 0x61, 0x70, 0x68, 0x00, 0x2e,
  0x6e, 0x76, 0x2e, 0x70, 0x72, 0x6f, 0x74, 0x6f, 0x74, 0x79, 0x70, 0x65,
  0x00, 0x2e, 0x6e, 0x76, 0x2e, 0x72, 0x65, 0x6c, 0x2e, 0x61, 0x63, 0x74,
  0x69, 0x6f, 0x6e, 0x00, 0x66, 0x6d, 0x68, 0x61, 0x5f, 0x76, 0x32, 0x5f,
  0x66, 0x6c, 0x61, 0x73, 0x68, 0x5f, 0x61, 0x74, 0x74, 0x65, 0x6e, 0x74,
  0x69, 0x6f, 0x6e, 0x5f, 0x66, 0x70, 0x31, 0x36, 0x5f, 0x36, 0x34, 0x5f,
  0x31, 0x32, 0x38, 0x5f, 0x53, 0x5f, 0x71, 0x6b, 0x76, 0x5f, 0x31, 0x32,
  0x38, 0x5f, 0x73, 0x6d, 0x38, 0x36, 0x5f, 0x6b, 0x65, 0x72, 0x6e, 0x65,
  0x6c, 0x5f, 0x6e, 0x6c, 0x5f, 0x74, 0x69, 0x6c, 0x65, 0x64, 0x00, 0x00,
  0x00, 0x00, 0x00, 0x00, 0x00, 0x00, 0x00, 0x00, 0x00, 0x00, 0x00, 0x00,
  0x00, 0x00, 0x00, 0x00, 0x00, 0x00, 0x00, 0x00, 0x00, 0x00, 0x00, 0x00,
  0x32, 0x00, 0x00, 0x00, 0x03, 0x00, 0x0b, 0x00, 0x00, 0x00, 0x00, 0x00,
  0x00, 0x00, 0x00, 0x00, 0x00, 0x00, 0x00, 0x00, 0x00, 0x00, 0x00, 0x00,
  0x6a, 0x01, 0x00, 0x00, 0x03, 0x00, 0x0a, 0x00, 0x00, 0x00, 0x00, 0x00,
  0x00, 0x00, 0x00, 0x00, 0x00, 0x00, 0x00, 0x00, 0x00, 0x00, 0x00, 0x00,
  0xbb, 0x01, 0x00, 0x00, 0x03, 0x00, 0x04, 0x00, 0x00, 0x00, 0x00, 0x00,
  0x00, 0x00, 0x00, 0x00, 0x00, 0x00, 0x00, 0x00, 0x00, 0x00, 0x00, 0x00,
  0xeb, 0x01, 0x00, 0x00, 0x03, 0x00, 0x07, 0x00, 0x00, 0x00, 0x00, 0x00,
  0x00, 0x00, 0x00, 0x00, 0x00, 0x00, 0x00, 0x00, 0x00, 0x00, 0x00, 0x00,
  0x07, 0x02, 0x00, 0x00, 0x03, 0x00, 0x08, 0x00, 0x00, 0x00, 0x00, 0x00,
  0x00, 0x00, 0x00, 0x00, 0x00, 0x00, 0x00, 0x00, 0x00, 0x00, 0x00, 0x00,
  0x16, 0x02, 0x00, 0x00, 0x12, 0x10, 0x0b, 0x00, 0x00, 0x00, 0x00, 0x00,
  0x00, 0x00, 0x00, 0x00, 0x80, 0x8e, 0x00, 0x00, 0x00, 0x00, 0x00, 0x00,
  0xff, 0xff, 0xff, 0xff, 0x24, 0x00, 0x00, 0x00, 0x00, 0x00, 0x00, 0x00,
  0xff, 0xff, 0xff, 0xff, 0xff, 0xff, 0xff, 0xff, 0x03, 0x00, 0x04, 0x7c,
  0xff, 0xff, 0xff, 0xff, 0x0f, 0x0c, 0x81, 0x80, 0x80, 0x28, 0x00, 0x08,
  0xff, 0x81, 0x80, 0x28, 0x08, 0x81, 0x80, 0x80, 0x28, 0x00, 0x00, 0x00,
  0xff, 0xff, 0xff, 0xff, 0x34, 0x00, 0x00, 0x00, 0x00, 0x00, 0x00, 0x00,
  0x00, 0x00, 0x00, 0x00, 0x00, 0x00, 0x00, 0x00, 0x00, 0x00, 0x00, 0x00,
  0x00, 0x00, 0x00, 0x00, 0x80, 0x8e, 0x00, 0x00, 0x00, 0x00, 0x00, 0x00,
  0x04, 0x04, 0x00, 0x00, 0x00, 0x04, 0x48, 0x00, 0x00, 0x00, 0x0c, 0x81,
  0x80, 0x80, 0x28, 0x00, 0x04, 0x10, 0x23, 0x00, 0x00, 0x00, 0x00, 0x00,
  0x00, 0x00, 0x00, 0x00, 0x04, 0x2f, 0x08, 0x00, 0x06, 0x00, 0x00, 0x00,
  0xb6, 0x00, 0x00, 0x00, 0x04, 0x11, 0x08, 0x00, 0x06, 0x00, 0x00, 0x00,
  0x00, 0x00, 0x00, 0x00, 0x04, 0x12, 0x08, 0x00, 0x06, 0x00, 0x00, 0x00,
  0x00, 0x00, 0x00, 0x00, 0x04, 0x37, 0x04, 0x00, 0x80, 0x00, 0x00, 0x00,
  0x01, 0x35, 0x00, 0x00, 0x04, 0x0a, 0x08, 0x00, 0x02, 0x00, 0x00, 0x00,
  0x60, 0x01, 0xe0, 0x02, 0x03, 0x19, 0xe0, 0x02, 0x04, 0x17, 0x0c, 0x00,
  0x00, 0x00, 0x00, 0x00, 0x00, 0x00, 0x20, 0x00, 0x00, 0xf0, 0x01, 0x0b,
  0x03, 0x1b, 0xff, 0x00, 0x04, 0x29, 0x40, 0x00, 0xff, 0xff, 0xff, 0xff,
  0xff, 0xff, 0xff, 0xff, 0xff, 0xff, 0xff, 0xff, 0xff, 0xff, 0xff, 0xff,
  0xff, 0xff, 0xff, 0xff, 0xff, 0xff, 0xff, 0xff, 0xff, 0xff, 0xff, 0xff,
  0xff, 0xff, 0xff, 0xff, 0xff, 0xff, 0xff, 0xff, 0xff, 0xff, 0xff, 0xff,
  0xff, 0xff, 0xff, 0xff, 0xff, 0xff, 0xff, 0xff, 0xff, 0xff, 0xff, 0xff,
  0xff, 0xff, 0xff, 0xff, 0xff, 0xff, 0xff, 0xff, 0xff, 0xff, 0xff, 0xff,
  0x04, 0x28, 0x40, 0x00, 0x00, 0x3f, 0x00, 0x00, 0x20, 0x3f, 0x00, 0x00,
  0x70, 0x3f, 0x00, 0x00, 0x40, 0x41, 0x00, 0x00, 0x20, 0x50, 0x00, 0x00,
  0x50, 0x50, 0x00, 0x00, 0x40, 0x51, 0x00, 0x00, 0x70, 0x51, 0x00, 0x00,
  0xf0, 0x52, 0x00, 0x00, 0x00, 0x53, 0x00, 0x00, 0x30, 0x53, 0x00, 0x00,
  0x40, 0x53, 0x00, 0x00, 0x90, 0x63, 0x00, 0x00, 0xa0, 0x63, 0x00, 0x00,
  0xd0, 0x63, 0x00, 0x00, 0xe0, 0x63, 0x00, 0x00, 0x04, 0x1c, 0x14, 0x00,
  0x20, 0x01, 0x00, 0x00, 0x60, 0x8b, 0x00, 0x00, 0x80, 0x8b, 0x00, 0x00,
  0xc0, 0x8c, 0x00, 0x00, 0x70, 0x8d, 0x00, 0x00, 0x01, 0x04, 0x00, 0x00,
  0x04, 0x1e, 0x04, 0x00, 0x00, 0x00, 0x00, 0x00, 0x00, 0x00, 0x00, 0x00,
  0xff, 0xff, 0xff, 0xff, 0x00, 0x00, 0x00, 0x00, 0xfe, 0xff, 0xff, 0xff,
  0x00, 0x00, 0x00, 0x00, 0xfd, 0xff, 0xff, 0xff, 0x00, 0x00, 0x00, 0x00,
  0xfc, 0xff, 0xff, 0xff, 0x73, 0x00, 0x00, 0x00, 0x00, 0x00, 0x00, 0x00,
  0x00, 0x00, 0x00, 0x11, 0x25, 0x00, 0x05, 0x36, 0x44, 0x00, 0x00, 0x00,
  0x00, 0x00, 0x00, 0x00, 0x02, 0x00, 0x00, 0x00, 0x06, 0x00, 0x00, 0x00,
  0x00, 0x00, 0x00, 0x00, 0x00, 0x00, 0x00, 0x00, 0x00, 0x00, 0x00, 0x00,
  0x00, 0x00, 0x00, 0x00, 0x00, 0x00, 0x00, 0x00, 0x00, 0x00, 0x00, 0x00,
  0x00, 0x00, 0x00, 0x00, 0x00, 0x00, 0x00, 0x00, 0x00, 0x00, 0x00, 0x00,
  0x00, 0x00, 0x00, 0x00, 0x00, 0x00, 0x00, 0x00, 0x00, 0x00, 0x00, 0x00,
  0x00, 0x00, 0x00, 0x00, 0x00, 0x00, 0x00, 0x00, 0x00, 0x00, 0x00, 0x00,
  0x00, 0x00, 0x00, 0x00, 0x00, 0x00, 0x00, 0x00, 0x00, 0x00, 0x00, 0x00,
  0x00, 0x00, 0x00, 0x00, 0x00, 0x00, 0x00, 0x00, 0x00, 0x00, 0x00, 0x00,
  0x00, 0x00, 0x00, 0x00, 0x00, 0x00, 0x00, 0x00, 0x00, 0x00, 0x00, 0x00,
  0x00, 0x00, 0x00, 0x00, 0x00, 0x00, 0x00, 0x00, 0x00, 0x00, 0x00, 0x00,
  0x00, 0x00, 0x00, 0x00, 0x00, 0x00, 0x00, 0x00, 0x00, 0x00, 0x00, 0x00,
  0x00, 0x00, 0x00, 0x00, 0x00, 0x00, 0x00, 0x00, 0x00, 0x00, 0x00, 0x00,
  0x00, 0x00, 0x00, 0x00, 0x00, 0x00, 0x00, 0x00, 0x00, 0x00, 0x00, 0x00,
  0x00, 0x00, 0x00, 0x00, 0x00, 0x00, 0x00, 0x00, 0x00, 0x00, 0x00, 0x00,
  0x00, 0x00, 0x00, 0x00, 0x00, 0x00, 0x00, 0x00, 0x00, 0x00, 0x00, 0x00,
  0x00, 0x00, 0x00, 0x00, 0x00, 0x00, 0x00, 0x00, 0x00, 0x00, 0x00, 0x00,
  0x00, 0x00, 0x00, 0x00, 0x00, 0x00, 0x00, 0x00, 0x00, 0x00, 0x00, 0x00,
  0x00, 0x00, 0x00, 0x00, 0x00, 0x00, 0x00, 0x00, 0x00, 0x00, 0x00, 0x00,
  0x00, 0x00, 0x00, 0x00, 0x00, 0x00, 0x00, 0x00, 0x00, 0x00, 0x00, 0x00,
  0x00, 0x00, 0x00, 0x00, 0x00, 0x00, 0x00, 0x00, 0x00, 0x00, 0x00, 0x00,
  0x00, 0x00, 0x00, 0x00, 0x00, 0x00, 0x00, 0x00, 0x00, 0x00, 0x00, 0x00,
  0x00, 0x00, 0x00, 0x00, 0x00, 0x00, 0x00, 0x00, 0x00, 0x00, 0x00, 0x00,
  0x00, 0x00, 0x00, 0x00, 0x00, 0x00, 0x00, 0x00, 0x00, 0x00, 0x00, 0x00,
  0x00, 0x00, 0x00, 0x00, 0x00, 0x00, 0x00, 0x00, 0x00, 0x00, 0x00, 0x00,
  0x00, 0x00, 0x00, 0x00, 0x00, 0x00, 0x00, 0x00, 0x00, 0x00, 0x00, 0x00,
  0x00, 0x00, 0x00, 0x00, 0x00, 0x00, 0x00, 0x00, 0x00, 0x00, 0x00, 0x00,
  0x00, 0x00, 0x00, 0x00, 0x00, 0x00, 0x00, 0x00, 0x00, 0x00, 0x00, 0x00,
  0x00, 0x00, 0x00, 0x00, 0x00, 0x00, 0x00, 0x00, 0x00, 0x00, 0x00, 0x00,
  0x00, 0x00, 0x00, 0x00, 0x00, 0x00, 0x00, 0x00, 0x00, 0x00, 0x00, 0x00,
  0x00, 0x00, 0x00, 0x00, 0x00, 0x00, 0x00, 0x00, 0x00, 0x00, 0x00, 0x00,
  0x00, 0x00, 0x00, 0x00, 0x00, 0x00, 0x00, 0x00, 0x00, 0x00, 0x00, 0x00,
  0x00, 0x00, 0x00, 0x00, 0x00, 0x00, 0x00, 0x00, 0x00, 0x00, 0x00, 0x00,
  0x00, 0x00, 0x00, 0x00, 0x00, 0x00, 0x00, 0x00, 0x00, 0x00, 0x00, 0x00,
  0x00, 0x00, 0x00, 0x00, 0x00, 0x00, 0x00, 0x00, 0x00, 0x00, 0x00, 0x00,
  0x00, 0x00, 0x00, 0x00, 0x00, 0x00, 0x00, 0x00, 0x00, 0x00, 0x00, 0x00,
  0x00, 0x00, 0x00, 0x00, 0x00, 0x00, 0x00, 0x00, 0x00, 0x00, 0x00, 0x00,
  0x00, 0x00, 0x00, 0x00, 0x00, 0x00, 0x00, 0x00, 0x00, 0x00, 0x00, 0x00,
  0x00, 0x00, 0x00, 0x00, 0x00, 0x00, 0x00, 0x00, 0x00, 0x00, 0x00, 0x00,
  0x00, 0x00, 0x00, 0x00, 0x00, 0x00, 0x00, 0x00, 0x00, 0x00, 0x00, 0x00,
  0x00, 0x00, 0x00, 0x00, 0x00, 0x00, 0x00, 0x00, 0x00, 0x00, 0x00, 0x00,
  0x00, 0x00, 0x00, 0x00, 0x00, 0x00, 0x00, 0x00, 0x00, 0x00, 0x00, 0x00,
  0x00, 0x00, 0x00, 0x00, 0x00, 0x00, 0x00, 0x00, 0x00, 0x00, 0x00, 0x00,
  0x00, 0x00, 0x00, 0x00, 0x00, 0x00, 0x00, 0x00, 0x00, 0x00, 0x00, 0x00,
  0x00, 0x00, 0x00, 0x00, 0x00, 0x00, 0x00, 0x00, 0x00, 0x00, 0x00, 0x00,
  0x00, 0x00, 0x00, 0x00, 0x00, 0x00, 0x00, 0x00, 0x00, 0x00, 0x00, 0x00,
  0x00, 0x00, 0x00, 0x00, 0x00, 0x00, 0x00, 0x00, 0x00, 0x00, 0x00, 0x00,
  0x00, 0x00, 0x00, 0x00, 0x00, 0x00, 0x00, 0x00, 0x00, 0x00, 0x00, 0x00,
  0x00, 0x00, 0x00, 0x00, 0x00, 0x00, 0x00, 0x00, 0x00, 0x00, 0x00, 0x00,
  0x00, 0x00, 0x00, 0x00, 0x00, 0x00, 0x00, 0x00, 0x00, 0x00, 0x00, 0x00,
  0x00, 0x00, 0x00, 0x00, 0x00, 0x00, 0x00, 0x00, 0x00, 0x00, 0x00, 0x00,
  0x00, 0x00, 0x00, 0x00, 0x00, 0x00, 0x00, 0x00, 0x00, 0x00, 0x00, 0x00,
  0x00, 0x00, 0x00, 0x00, 0x00, 0x00, 0x00, 0x00, 0x00, 0x00, 0x00, 0x00,
  0x00, 0x00, 0x00, 0x00, 0x00, 0x00, 0x00, 0x00, 0x00, 0x00, 0x00, 0x00,
  0x00, 0x00, 0x00, 0x00, 0x00, 0x00, 0x00, 0x00, 0x00, 0x00, 0x00, 0x00,
  0x00, 0x00, 0x00, 0x00, 0x00, 0x00, 0x00, 0x00, 0x00, 0x00, 0x00, 0x00,
  0x00, 0x00, 0x00, 0x00, 0x00, 0x00, 0x00, 0x00, 0x00, 0x00, 0x00, 0x00,
  0x00, 0x00, 0x00, 0x00, 0x00, 0x00, 0x00, 0x00, 0x00, 0x00, 0x00, 0x00,
  0x00, 0x00, 0x00, 0x00, 0x00, 0x00, 0x00, 0x00, 0x00, 0x00, 0x00, 0x00,
  0x00, 0x00, 0x00, 0x00, 0x00, 0x00, 0x00, 0x00, 0x00, 0x00, 0x00, 0x00,
  0x00, 0x00, 0x00, 0x00, 0x00, 0x00, 0x00, 0x00, 0x00, 0x00, 0x00, 0x00,
  0x00, 0x00, 0x00, 0x00, 0x00, 0x00, 0x00, 0x00, 0x00, 0x00, 0x00, 0x00,
  0x00, 0x00, 0x00, 0x00, 0x00, 0x00, 0x00, 0x00, 0x00, 0x00, 0x00, 0x00,
  0x00, 0x00, 0x00, 0x00, 0x00, 0x00, 0x00, 0x00, 0x00, 0x00, 0x00, 0x00,
  0x00, 0x00, 0x00, 0x00, 0x00, 0x00, 0x00, 0x00, 0x00, 0x00, 0x00, 0x00,
  0x00, 0x00, 0x00, 0x00, 0x00, 0x00, 0x00, 0x00, 0x00, 0x00, 0x00, 0x00,
  0x00, 0x00, 0x00, 0x00, 0x00, 0x00, 0x00, 0x00, 0x00, 0x00, 0x00, 0x00,
  0x00, 0x00, 0x00, 0x00, 0x00, 0x00, 0x00, 0x00, 0x00, 0x00, 0x00, 0x00,
  0x00, 0x00, 0x00, 0x00, 0x00, 0x00, 0x00, 0x00, 0x00, 0x00, 0x00, 0x00,
  0x00, 0x00, 0x00, 0x00, 0x00, 0x00, 0x00, 0x00, 0x00, 0x00, 0x00, 0x00,
  0x00, 0x00, 0x00, 0x00, 0x00, 0x00, 0x00, 0x00, 0x00, 0x00, 0x00, 0x00,
  0x00, 0x00, 0x00, 0x00, 0x00, 0x00, 0x00, 0x00, 0x00, 0x00, 0x00, 0x00,
  0x00, 0x00, 0x00, 0x00, 0x00, 0x00, 0x00, 0x00, 0x00, 0x00, 0x00, 0x00,
  0x00, 0x00, 0x00, 0x00, 0x00, 0x00, 0x00, 0x00, 0x00, 0x00, 0x00, 0x00,
  0x00, 0x00, 0x00, 0x00, 0x00, 0x00, 0x00, 0x00, 0x00, 0x00, 0x00, 0x00,
  0x00, 0x00, 0x00, 0x00, 0x00, 0x00, 0x00, 0x00, 0x00, 0x00, 0x00, 0x00,
  0x00, 0x00, 0x00, 0x00, 0x00, 0x00, 0x00, 0x00, 0x00, 0x00, 0x00, 0x00,
  0x00, 0x00, 0x00, 0x00, 0x00, 0x00, 0x00, 0x00, 0x00, 0x00, 0x00, 0x00,
  0x00, 0x00, 0x00, 0x00, 0x00, 0x00, 0x00, 0x00, 0x00, 0x00, 0x00, 0x00,
  0x00, 0x00, 0x00, 0x00, 0x00, 0x00, 0x00, 0x00, 0x00, 0x00, 0x00, 0x00,
  0x00, 0x00, 0x00, 0x00, 0x00, 0x00, 0x00, 0x00, 0x00, 0x00, 0x00, 0x00,
  0x00, 0x00, 0x00, 0x00, 0x00, 0x00, 0x00, 0x00, 0x00, 0x00, 0x00, 0x00,
  0x00, 0x00, 0x00, 0x00, 0x00, 0x00, 0x00, 0x00, 0x00, 0x00, 0x00, 0x00,
  0x00, 0x00, 0x00, 0x00, 0x00, 0x00, 0x00, 0x00, 0x00, 0x00, 0x00, 0x00,
  0x00, 0x00, 0x00, 0x00, 0x00, 0x00, 0x00, 0x00, 0x00, 0x00, 0x00, 0x00,
  0x00, 0x00, 0x00, 0x00, 0x00, 0x00, 0x00, 0x00, 0x00, 0x00, 0x00, 0x00,
  0x00, 0x00, 0x00, 0x00, 0x00, 0x00, 0x00, 0x00, 0x00, 0x00, 0x00, 0x00,
  0x00, 0x00, 0x00, 0x00, 0x00, 0x00, 0x00, 0x00, 0x00, 0x00, 0x00, 0x00,
  0x00, 0x00, 0x00, 0x00, 0x00, 0x00, 0x00, 0x00, 0x00, 0x00, 0x00, 0x00,
  0x00, 0x00, 0x00, 0x00, 0x00, 0x00, 0x00, 0x00, 0x00, 0x00, 0x00, 0x00,
  0x00, 0x00, 0x00, 0x00, 0x00, 0x00, 0x00, 0x00, 0x00, 0x00, 0x00, 0x00,
  0x00, 0x00, 0x00, 0x00, 0x00, 0x00, 0x00, 0x00, 0x00, 0x00, 0x00, 0x00,
  0x00, 0x00, 0x00, 0x00, 0x00, 0x00, 0x00, 0x00, 0x00, 0x00, 0x00, 0x00,
  0x00, 0x00, 0x00, 0x00, 0x00, 0x00, 0x00, 0x00, 0x00, 0x00, 0x00, 0x00,
  0x00, 0x00, 0x00, 0x00, 0x00, 0x00, 0x00, 0x00, 0x00, 0x00, 0x00, 0x00,
  0x00, 0x00, 0x00, 0x00, 0x00, 0x00, 0x00, 0x00, 0x00, 0x00, 0x00, 0x00,
  0x00, 0x00, 0x00, 0x00, 0x00, 0x00, 0x00, 0x00, 0x00, 0x00, 0x00, 0x00,
  0x00, 0x00, 0x00, 0x00, 0x24, 0x76, 0x01, 0xff, 0x00, 0x0a, 0x00, 0x00,
  0xff, 0x00, 0x8e, 0x07, 0x00, 0xe4, 0x0f, 0x00, 0x19, 0x79, 0x8f, 0x00,
  0x00, 0x00, 0x00, 0x00, 0x00, 0x27, 0x00, 0x00, 0x00, 0x62, 0x0e, 0x00,
  0x24, 0x74, 0x06, 0xff, 0x04, 0x00, 0x00, 0x00, 0xff, 0x00, 0x8e, 0x07,
  0x00, 0xe2, 0x0f, 0x00, 0x0c, 0x7a, 0x00, 0xff, 0x00, 0xe8, 0x00, 0x00,
  0x70, 0x50, 0xf0, 0x03, 0x00, 0xe2, 0x0f, 0x00, 0xb9, 0x7a, 0x12, 0x00,
  0x00, 0x46, 0x00, 0x00, 0x00, 0x0a, 0x00, 0x00, 0x00, 0xc6, 0x0f, 0x00,
  0x0c, 0x7a, 0x00, 0xff, 0x00, 0xe9, 0x00, 0x00, 0x00, 0x53, 0xf0, 0x03,
  0x00, 0xe2, 0x0f, 0x00, 0x25, 0x76, 0x02, 0x8f, 0x00, 0xe6, 0x00, 0x00,
  0x06, 0x02, 0x8e, 0x07, 0x00, 0xca, 0x2f, 0x00, 0x81, 0x79, 0x07, 0x02,
  0x12, 0x00, 0x00, 0x00, 0x00, 0x19, 0x1e, 0x0c, 0x00, 0xa8, 0x0e, 0x00,
  0x81, 0x79, 0x8e, 0x02, 0x12, 0x04, 0x00, 0x00, 0x00, 0x19, 0x1e, 0x0c,
  0x00, 0xa6, 0x0e, 0x00, 0x10, 0x08, 0x05, 0x8f, 0x01, 0x00, 0x00, 0x00,
  0xff, 0xe0, 0xff, 0x07, 0x00, 0xca, 0x0f, 0x00, 0x25, 0x06, 0x04, 0x05,
  0x00, 0xe8, 0x00, 0x00, 0x06, 0x02, 0x8e, 0x07, 0x00, 0xca, 0x0f, 0x00,
  0x81, 0x09, 0x08, 0x04, 0x12, 0xfc, 0xff, 0xff, 0x00, 0x19, 0x1e, 0x0c,
  0x00, 0x68, 0x03, 0x00, 0x81, 0x09, 0x09, 0x04, 0x12, 0x00, 0x00, 0x00,
  0x00, 0x19, 0x1e, 0x0c, 0x00, 0x62, 0x03, 0x00, 0xc3, 0x79, 0x0b, 0x00,
  0x00, 0x00, 0x00, 0x00, 0x00, 0x25, 0x00, 0x00, 0x00, 0xf0, 0x0e, 0x00,
  0x82, 0x7b, 0x0a, 0xff, 0x40, 0xf6, 0x00, 0x00, 0x00, 0x00, 0x00, 0x00,
  0x00, 0x22, 0x0f, 0x00, 0x99, 0x78, 0x0b, 0x0b, 0x06, 0x00, 0x00, 0x00,
  0x3f, 0x06, 0x00, 0x08, 0x00, 0xe2, 0x8f, 0x00, 0x24, 0x78, 0x8e, 0x8e,
  0x01, 0x00, 0x00, 0x00, 0x07, 0x0a, 0x8e, 0x07, 0x00, 0xca, 0x4f, 0x00,
  0x0c, 0x7c, 0x00, 0x8e, 0x0b, 0x00, 0x00, 0x00, 0x70, 0x32, 0xf2, 0x0b,
  0x00, 0xda, 0x0f, 0x00, 0x4d, 0x19, 0x00, 0x00, 0x00, 0x00, 0x00, 0x00,
  0x00, 0x00, 0x80, 0x03, 0x00, 0xea, 0x0f, 0x00, 0x19, 0x79, 0x00, 0x00,
  0x00, 0x00, 0x00, 0x00, 0x00, 0x21, 0x00, 0x00, 0x00, 0x62, 0x2e, 0x01,
  0x24, 0x76, 0x12, 0xff, 0x00, 0xd4, 0x00, 0x00, 0xff, 0x00, 0x8e, 0x07,
  0x00, 0xe2, 0x0f, 0x00, 0x0c, 0x72, 0x00, 0x0a, 0xff, 0x00, 0x00, 0x00,
  0x70, 0x52, 0xf2, 0x03, 0x00, 0xe2, 0x0f, 0x00, 0x24, 0x72, 0x8d, 0xff,
  0xff, 0x00, 0x00, 0x00, 0x8e, 0x00, 0x8e, 0x07, 0x00, 0xe2, 0x0f, 0x00,
  0x19, 0x79, 0x0e, 0x00, 0x00, 0x00, 0x00, 0x00, 0x00, 0x26, 0x00, 0x00,
  0x00, 0xa2, 0x0e, 0x00, 0x24, 0x08, 0x8d, 0x09, 0x01, 0x00, 0x00, 0x00,
  0x08, 0x0a, 0x8e, 0x07, 0x00, 0xe2, 0x0f, 0x02, 0x0c, 0x7a, 0x00, 0x12,
  0x00, 0xd3, 0x00, 0x00, 0x70, 0x62, 0xf0, 0x03, 0x00, 0xe2, 0x0f, 0x00,
  0x82, 0x7c, 0x04, 0x00, 0x3f, 0x00, 0x00, 0x00, 0x00, 0x00, 0x00, 0x08,
  0x00, 0xe2, 0x0f, 0x00, 0x13, 0x7a, 0x14, 0x00, 0x00, 0xd4, 0x00, 0x00,
  0x00, 0x00, 0x00, 0x00, 0x00, 0xe2, 0x0f, 0x00, 0x82, 0x7c, 0x05, 0x00,
  0x3f, 0x00, 0x00, 0x00, 0x00, 0x00, 0x00, 0x08, 0x00, 0xe2, 0x0f, 0x00,
  0x13, 0x7a, 0x17, 0x00, 0x00, 0xd3, 0x00, 0x00, 0x00, 0x00, 0x00, 0x00,
  0x00, 0xca, 0x0f, 0x00, 0x24, 0x1a, 0x8f, 0x8f, 0x00, 0xd6, 0x00, 0x00,
  0xff, 0x02, 0x8e, 0x07, 0x00, 0xe4, 0x0f, 0x00, 0x24, 0x92, 0x8f, 0xff,
  0xff, 0x00, 0x00, 0x00, 0x07, 0x00, 0x8e, 0x07, 0x00, 0xca, 0x0f, 0x00,
  0x19, 0x78, 0x15, 0xff, 0x1f, 0x00, 0x00, 0x00, 0x8f, 0x14, 0x01, 0x00,
  0x00, 0xe4, 0x0f, 0x00, 0x19, 0x78, 0x0d, 0xff, 0x1f, 0x00, 0x00, 0x00,
  0x00, 0x14, 0x01, 0x00, 0x00, 0xc8, 0x2f, 0x00, 0x11, 0x72, 0x8c, 0x0d,
  0x00, 0x00, 0x00, 0x00, 0xff, 0x18, 0x8f, 0x07, 0x00, 0xe2, 0x0f, 0x00,
  0x24, 0x78, 0x08, 0x0e, 0x00, 0x01, 0x00, 0x00, 0xff, 0x00, 0x8e, 0x07,
  0x00, 0xc6, 0x4f, 0x00, 0x12, 0x78, 0x03, 0x8c, 0xf8, 0xff, 0xff, 0xff,
  0xff, 0xc0, 0x8e, 0x07, 0x00, 0xe4, 0x0f, 0x00, 0x19, 0x78, 0x10, 0xff,
  0x1f, 0x00, 0x00, 0x00, 0x08, 0x14, 0x01, 0x00, 0x00, 0xe4, 0x0f, 0x00,
  0x19, 0x78, 0x8c, 0xff, 0x03, 0x00, 0x00, 0x00, 0x8c, 0x14, 0x01, 0x00,
  0x00, 0xe2, 0x0f, 0x00, 0x24, 0x78, 0x07, 0x00, 0x01, 0x00, 0x00, 0x00,
  0x03, 0x0a, 0x8e, 0x07, 0x00, 0xc8, 0x0f, 0x00, 0x24, 0x78, 0x8b, 0x07,
  0x10, 0x00, 0x00, 0x00, 0xff, 0x00, 0x8e, 0x07, 0x00, 0xe2, 0x0f, 0x00,
  0x47, 0x89, 0x00, 0x00, 0xb0, 0x00, 0x00, 0x00, 0x00, 0x00, 0x80, 0x03,
  0x00, 0xea, 0x0f, 0x00, 0x24, 0x76, 0x02, 0xff, 0x00, 0xd8, 0x00, 0x00,
  0xff, 0x00, 0x8e, 0x07, 0x00, 0xe4, 0x0f, 0x00, 0x24, 0x7a, 0x04, 0x15,
  0x00, 0x7c, 0x00, 0x00, 0xff, 0x02, 0x8e, 0x07, 0x00, 0xe4, 0x0f, 0x00,
  0x24, 0x7a, 0x02, 0x02, 0x00, 0xd3, 0x00, 0x00, 0xff, 0x02, 0x8e, 0x07,
  0x00, 0xe4, 0x0f, 0x00, 0x24, 0x7a, 0x13, 0x8f, 0x00, 0x7d, 0x00, 0x00,
  0x04, 0x02, 0x8e, 0x07, 0x00, 0xe4, 0x0f, 0x00, 0x24, 0x78, 0x03, 0x02,
  0x02, 0x00, 0x00, 0x00, 0xff, 0x00, 0x8e, 0x07, 0x00, 0xca, 0x0f, 0x00,
  0x10, 0x72, 0x02, 0x08, 0x03, 0x00, 0x00, 0x00, 0xff, 0xe0, 0xf3, 0x07,
  0x00, 0xc8, 0x0f, 0x00, 0x11, 0x72, 0x03, 0x03, 0x10, 0x00, 0x00, 0x00,
  0xff, 0x0e, 0x8f, 0x00, 0x00, 0xca, 0x0f, 0x00, 0x25, 0x7a, 0x02, 0x8f,
  0x00, 0x7c, 0x00, 0x00, 0x02, 0x00, 0x8e, 0x07, 0x00, 0xc8, 0x0f, 0x00,
  0x24, 0x78, 0x11, 0x03, 0x01, 0x00, 0x00, 0x00, 0x13, 0x02, 0x8e, 0x07,
  0x00, 0xe4, 0x0f, 0x00, 0x24, 0x72, 0x0c, 0xff, 0xff, 0x00, 0x00, 0x00,
  0x02, 0x00, 0x8e, 0x07, 0x00, 0xe2, 0x0f, 0x00, 0x47, 0x79, 0x00, 0x00,
  0x70, 0x03, 0x00, 0x00, 0x00, 0x00, 0x80, 0x03, 0x00, 0xea, 0x0f, 0x00,
  0x06, 0x73, 0x04, 0x00, 0x14, 0x00, 0x00, 0x00, 0x00, 0x94, 0x20, 0x00,
  0x00, 0x62, 0x0e, 0x00, 0x13, 0x72, 0x0c, 0x00, 0x0e, 0x00, 0x00, 0x00,
  0x00, 0x00, 0x00, 0x00, 0x00, 0xce, 0x0f, 0x00, 0x08, 0x73, 0x04, 0x00,
  0x04, 0x00, 0x00, 0x00, 0x00, 0x10, 0x00, 0x00, 0x00, 0x64, 0x2e, 0x00,
  0x10, 0x78, 0x02, 0x04, 0xfe, 0xff, 0xff, 0x0f, 0xff, 0xe0, 0xff, 0x07,
  0x00, 0xcc, 0x2f, 0x00, 0x05, 0x73, 0x03, 0x00, 0x02, 0x00, 0x00, 0x00,
  0x00, 0xf0, 0x21, 0x00, 0x00, 0xa4, 0x02, 0x00, 0x24, 0x72, 0x02, 0xff,
  0xff, 0x00, 0x00, 0x00, 0xff, 0x00, 0x8e, 0x07, 0x00, 0xe4, 0x2f, 0x00,
  0x24, 0x72, 0x05, 0xff, 0xff, 0x00, 0x00, 0x00, 0x03, 0x0a, 0x8e, 0x07,
  0x00, 0xc8, 0x4f, 0x00, 0x24, 0x72, 0x05, 0x05, 0x14, 0x00, 0x00, 0x00,
  0xff, 0x02, 0x8e, 0x07, 0x00, 0xc8, 0x0f, 0x00, 0x27, 0x72, 0x03, 0x03,
  0x05, 0x00, 0x00, 0x00, 0x02, 0x00, 0x8e, 0x07, 0x00, 0xe2, 0x0f, 0x00,
  0x12, 0x7a, 0x02, 0x12, 0x00, 0xd3, 0x00, 0x00, 0xff, 0x3c, 0x8e, 0x07,
  0x00, 0xc8, 0x0f, 0x00, 0x0c, 0x72, 0x00, 0x02, 0xff, 0x00, 0x00, 0x00,
  0x70, 0x62, 0xf6, 0x03, 0x00, 0xe2, 0x0f, 0x00, 0x27, 0x72, 0x03, 0x03,
  0x17, 0x00, 0x00, 0x00, 0xff, 0x00, 0x8e, 0x07, 0x00, 0xc8, 0x0f, 0x00,
  0x24, 0x72, 0x05, 0xff, 0xff, 0x00, 0x00, 0x00, 0x03, 0x0a, 0x8e, 0x07,
  0x00, 0xc8, 0x0f, 0x00, 0x24, 0x72, 0x05, 0x14, 0x05, 0x00, 0x00, 0x00,
  0x17, 0x02, 0x8e, 0x07, 0x00, 0xca, 0x0f, 0x00, 0x0c, 0x72, 0x00, 0x14,
  0x05, 0x00, 0x00, 0x00, 0x70, 0x40, 0xf4, 0x03, 0x00, 0xda, 0x0f, 0x00,
  0x24, 0xa8, 0x05, 0x05, 0x01, 0x00, 0x00, 0x00, 0x14, 0x0a, 0x8e, 0x07,
  0x00, 0xe2, 0x0f, 0x00, 0x10, 0xa8, 0x03, 0x03, 0x01, 0x00, 0x00, 0x00,
  0xff, 0xe0, 0xff, 0x07, 0x00, 0xe4, 0x0f, 0x00, 0x0c, 0x7a, 0x00, 0xff,
  0x00, 0xd4, 0x00, 0x00, 0x70, 0x52, 0xf4, 0x03, 0x00, 0xe4, 0x0f, 0x00,
  0x0c, 0x72, 0x00, 0x05, 0x14, 0x00, 0x00, 0x00, 0x70, 0x60, 0xf2, 0x03,
  0x00, 0xda, 0x0f, 0x00, 0x10, 0x18, 0x03, 0x03, 0x01, 0x00, 0x00, 0x00,
  0xff, 0xe0, 0xff, 0x07, 0x00, 0xca, 0x0f, 0x00, 0x24, 0x72, 0x0b, 0xff,
  0xff, 0x00, 0x00, 0x00, 0x03, 0x00, 0x8e, 0x07, 0x00, 0xc8, 0x0f, 0x00,
  0x24, 0xb2, 0x0b, 0xff, 0xff, 0x00, 0x00, 0x00, 0x0b, 0x0a, 0x8e, 0x07,
  0x00, 0xe2, 0x0f, 0x00, 0x12, 0xaa, 0x0b, 0xff, 0x00, 0xd4, 0x00, 0x00,
  0xff, 0x33, 0x8e, 0x07, 0x00, 0xc8, 0x0f, 0x00, 0x13, 0x72, 0x05, 0x00,
  0x0b, 0x00, 0x00, 0x00, 0x00, 0x00, 0x00, 0x00, 0x00, 0xe4, 0x0f, 0x08,
  0x13, 0x72, 0x0f, 0x00, 0x0b, 0x00, 0x00, 0x00, 0x00, 0x00, 0x00, 0x00,
  0x00, 0xe4, 0x0f, 0x00, 0x06, 0x73, 0x04, 0x00, 0x05, 0x00, 0x00, 0x00,
  0x00, 0x94, 0x20, 0x00, 0x00, 0x70, 0x0e, 0x00, 0x08, 0x73, 0x04, 0x00,
  0x04, 0x00, 0x00, 0x00, 0x00, 0x10, 0x00, 0x00, 0x00, 0x64, 0x2e, 0x00,
  0x10, 0x78, 0x02, 0x04, 0xfe, 0xff, 0xff, 0x0f, 0xff, 0xe0, 0xff, 0x07,
  0x00, 0xe2, 0x2f, 0x00, 0x24, 0x72, 0x04, 0xff, 0xff, 0x00, 0x00, 0x00,
  0x0f, 0x0a, 0x8e, 0x07, 0x00, 0xca, 0x0f, 0x00, 0x05, 0x73, 0x03, 0x00,
  0x02, 0x00, 0x00, 0x00, 0x00, 0xf0, 0x21, 0x00, 0x00, 0xa4, 0x02, 0x00,
  0x24, 0x72, 0x02, 0xff, 0xff, 0x00, 0x00, 0x00, 0xff, 0x00, 0x8e, 0x07,
  0x00, 0xe4, 0x2f, 0x00, 0x24, 0x72, 0x0a, 0xff, 0xff, 0x00, 0x00, 0x00,
  0x03, 0x0a, 0x8e, 0x07, 0x00, 0xc8, 0x4f, 0x00, 0x24, 0x72, 0x09, 0x0a,
  0x05, 0x00, 0x00, 0x00, 0xff, 0x02, 0x8e, 0x07, 0x00, 0xe4, 0x0f, 0x00,
  0x24, 0x72, 0x0a, 0xff, 0xff, 0x00, 0x00, 0x00, 0x0c, 0x00, 0x8e, 0x07,
  0x00, 0xe4, 0x0f, 0x00, 0x27, 0x72, 0x03, 0x03, 0x09, 0x00, 0x00, 0x00,
  0x02, 0x00, 0x8e, 0x07, 0x00, 0xcc, 0x0f, 0x00, 0x27, 0x72, 0x03, 0x03,
  0x0a, 0x00, 0x00, 0x00, 0xff, 0x00, 0x8e, 0x07, 0x00, 0xc8, 0x0f, 0x00,
  0x24, 0x72, 0x02, 0x03, 0x04, 0x00, 0x00, 0x00, 0x0a, 0x02, 0x8e, 0x07,
  0x00, 0xe4, 0x0f, 0x00, 0x24, 0x7a, 0x04, 0x15, 0x00, 0x7c, 0x00, 0x00,
  0xff, 0x02, 0x8e, 0x07, 0x00, 0xc6, 0x0f, 0x00, 0x0c, 0x72, 0x00, 0x05,
  0x02, 0x00, 0x00, 0x00, 0x70, 0x40, 0xf4, 0x03, 0x00, 0xe2, 0x0f, 0x00,
  0x24, 0x7a, 0x13, 0x8f, 0x00, 0x7d, 0x00, 0x00, 0x04, 0x02, 0x8e, 0x07,
  0x00, 0xd8, 0x0f, 0x00, 0x24, 0xa8, 0x02, 0x02, 0x01, 0x00, 0x00, 0x00,
  0x05, 0x0a, 0x8e, 0x07, 0x00, 0xe2, 0x0f, 0x00, 0x10, 0xa8, 0x03, 0x03,
  0x01, 0x00, 0x00, 0x00, 0xff, 0xe0, 0xff, 0x07, 0x00, 0xe4, 0x0f, 0x00,
  0x0c, 0x72, 0x00, 0x0b, 0xff, 0x00, 0x00, 0x00, 0x70, 0x52, 0xf4, 0x03,
  0x00, 0xe4, 0x0f, 0x00, 0x0c, 0x72, 0x00, 0x02, 0x05, 0x00, 0x00, 0x00,
  0x70, 0x60, 0xf2, 0x03, 0x00, 0xe4, 0x0f, 0x00, 0x12, 0x72, 0x02, 0x0e,
  0x0b, 0x00, 0x00, 0x00, 0xff, 0x3c, 0x8e, 0x07, 0x00, 0xc8, 0x0f, 0x00,
  0x0c, 0x72, 0x00, 0x02, 0xff, 0x00, 0x00, 0x00, 0x70, 0x62, 0xf6, 0x03,
  0x00, 0xce, 0x0f, 0x00, 0x10, 0x18, 0x03, 0x03, 0x01, 0x00, 0x00, 0x00,
  0xff, 0xe0, 0xff, 0x07, 0x00, 0xcc, 0x0f, 0x00, 0x24, 0xb2, 0x03, 0xff,
  0xff, 0x00, 0x00, 0x00, 0x03, 0x0a, 0x8e, 0x07, 0x00, 0xe2, 0x0f, 0x00,
  0x12, 0xa2, 0x03, 0xff, 0x0b, 0x00, 0x00, 0x00, 0xff, 0x33, 0x8e, 0x07,
  0x00, 0xc8, 0x0f, 0x00, 0x10, 0x7a, 0x03, 0x03, 0x00, 0xd3, 0x00, 0x00,
  0xff, 0xe0, 0xff, 0x07, 0x00, 0xca, 0x0f, 0x00, 0x24, 0x78, 0x02, 0x03,
  0x00, 0x01, 0x00, 0x00, 0xff, 0x00, 0x8e, 0x07, 0x00, 0xca, 0x0f, 0x00,
  0x19, 0x78, 0x03, 0xff, 0x1f, 0x00, 0x00, 0x00, 0x02, 0x14, 0x01, 0x00,
  0x00, 0xca, 0x0f, 0x00, 0x25, 0x7a, 0x02, 0x8f, 0x00, 0x7c, 0x00, 0x00,
  0x02, 0x00, 0x8e, 0x07, 0x00, 0xc8, 0x0f, 0x00, 0x24, 0x78, 0x11, 0x13,
  0x01, 0x00, 0x00, 0x00, 0x03, 0x02, 0x8e, 0x07, 0x00, 0xe4, 0x0f, 0x00,
  0x24, 0x72, 0x0c, 0xff, 0xff, 0x00, 0x00, 0x00, 0x02, 0x00, 0x8e, 0x07,
  0x00, 0xe4, 0x0f, 0x00, 0x10, 0x7c, 0x02, 0x8c, 0x0b, 0x00, 0x00, 0x00,
  0xff, 0xe0, 0xff, 0x0f, 0x00, 0xe2, 0x0f, 0x00, 0x82, 0x7c, 0x06, 0x00,
  0x3f, 0x00, 0x00, 0x00, 0x00, 0x00, 0x00, 0x08, 0x00, 0xe2, 0x0f, 0x00,
  0x19, 0x78, 0x09, 0xff, 0x1f, 0x00, 0x00, 0x00, 0x8c, 0x14, 0x01, 0x00,
  0x00, 0xe2, 0x0f, 0x00, 0x82, 0x7c, 0x07, 0x00, 0x3f, 0x00, 0x00, 0x00,
  0x00, 0x00, 0x00, 0x08, 0x00, 0xe2, 0x0f, 0x00, 0x10, 0x72, 0x0f, 0x02,
  0x8f, 0x00, 0x00, 0x00, 0xff, 0xe0, 0xf5, 0x07, 0x00, 0xe4, 0x0f, 0x00,
  0x19, 0x78, 0x0b, 0xff, 0x1f, 0x00, 0x00, 0x00, 0x8b, 0x14, 0x01, 0x00,
  0x00, 0xe4, 0x0f, 0x00, 0x10, 0x72, 0x04, 0x08, 0x8b, 0x00, 0x00, 0x00,
  0xff, 0xe0, 0xf3, 0x07, 0x00, 0xc4, 0x0f, 0x00, 0x19, 0x78, 0x03, 0xff,
  0x1f, 0x00, 0x00, 0x00, 0x8c, 0x14, 0x01, 0x00, 0x00, 0xe4, 0x0f, 0x00,
  0x11, 0x72, 0x0a, 0x02, 0x15, 0x00, 0x00, 0x00, 0xff, 0x0e, 0x0f, 0x01,
  0x00, 0xe2, 0x0f, 0x00, 0x24, 0x78, 0x05, 0x10, 0x01, 0x00, 0x00, 0x00,
  0x0b, 0x06, 0x8e, 0x00, 0x00, 0xe2, 0x0f, 0x00, 0x11, 0x72, 0x09, 0x09,
  0x8c, 0x00, 0x00, 0x00, 0xff, 0x18, 0x8f, 0x07, 0x00, 0xe2, 0x0f, 0x00,
  0x24, 0x7a, 0x15, 0x03, 0x00, 0x7c, 0x00, 0x00, 0xff, 0x02, 0x8e, 0x07,
  0x00, 0xe2, 0x0f, 0x00, 0x11, 0x72, 0x89, 0x0d, 0x00, 0x00, 0x00, 0x00,
  0xff, 0x20, 0x8f, 0x07, 0x00, 0xe2, 0x0f, 0x00, 0x24, 0x7a, 0x0a, 0x0a,
  0x00, 0x7c, 0x00, 0x00, 0xff, 0x02, 0x8e, 0x07, 0x00, 0xe2, 0x0f, 0x00,
  0x12, 0x78, 0x09, 0x09, 0xf8, 0xff, 0xff, 0x0f, 0xff, 0xc0, 0x8e, 0x07,
  0x00, 0xe2, 0x0f, 0x00, 0x24, 0x72, 0x02, 0xff, 0xff, 0x00, 0x00, 0x00,
  0x0c, 0x00, 0x8e, 0x07, 0x00, 0xe4, 0x0f, 0x00, 0x24, 0x72, 0x03, 0xff,
  0xff, 0x00, 0x00, 0x00, 0x11, 0x00, 0x8e, 0x07, 0x00, 0xe2, 0x0f, 0x00,
  0x10, 0x7c, 0x11, 0x8d, 0x0b, 0x00, 0x00, 0x80, 0xff, 0xe0, 0xff, 0x0f,
  0x00, 0xe2, 0x0f, 0x00, 0x25, 0x7a, 0x04, 0x0f, 0x00, 0x7c, 0x00, 0x00,
  0x04, 0x00, 0x8e, 0x07, 0x00, 0xc8, 0x0f, 0x00, 0x24, 0x7a, 0x0f, 0x0f,
  0x00, 0x7d, 0x00, 0x00, 0x0a, 0x02, 0x8e, 0x07, 0x00, 0xe2, 0x0f, 0x00,
  0x10, 0x7a, 0x04, 0x04, 0x00, 0x60, 0x00, 0x00, 0xff, 0xe0, 0xf3, 0x07,
  0x00, 0xe2, 0x0f, 0x00, 0x25, 0x7a, 0x02, 0x8c, 0x00, 0x7c, 0x00, 0x00,
  0x02, 0x00, 0x8e, 0x07, 0x00, 0xc6, 0x0f, 0x00, 0x10, 0x7a, 0x05, 0x05,
  0x00, 0x61, 0x00, 0x00, 0x0f, 0xe4, 0xff, 0x00, 0x00, 0xe2, 0x0f, 0x00,
  0x24, 0x7a, 0x15, 0x8c, 0x00, 0x7d, 0x00, 0x00, 0x15, 0x02, 0x8e, 0x07,
  0x00, 0xe2, 0x0f, 0x00, 0x10, 0x7a, 0x02, 0x02, 0x00, 0x60, 0x00, 0x00,
  0x8b, 0xe0, 0xb5, 0x07, 0x00, 0xe2, 0x0f, 0x00, 0x24, 0x78, 0x0a, 0x8c,
  0x01, 0x00, 0x00, 0x00, 0x09, 0x0a, 0x8e, 0x07, 0x00, 0xe2, 0x0f, 0x00,
  0x12, 0x78, 0x09, 0x89, 0xf0, 0xff, 0xff, 0xff, 0xff, 0xc0, 0x8e, 0x07,
  0x00, 0xe2, 0x0f, 0x00, 0x24, 0x78, 0x0c, 0x03, 0x01, 0x00, 0x00, 0x00,
  0x15, 0x02, 0x8e, 0x07, 0x00, 0xe2, 0x0f, 0x00, 0x19, 0x78, 0x89, 0xff,
  0x04, 0x00, 0x00, 0x00, 0x89, 0x14, 0x01, 0x00, 0x00, 0xe4, 0x0f, 0x00,
  0x12, 0x72, 0x07, 0x0a, 0x07, 0x00, 0x00, 0x00, 0xff, 0x3c, 0x8e, 0x07,
  0x00, 0xe4, 0x0f, 0x00, 0x10, 0x7a, 0x03, 0x0c, 0x00, 0x61, 0x00, 0x00,
  0x0b, 0x64, 0x7e, 0x01, 0x00, 0xe2, 0x0f, 0x00, 0x24, 0x78, 0x0c, 0x00,
  0x01, 0x00, 0x00, 0x00, 0x09, 0x0a, 0x8e, 0x07, 0x00, 0xc4, 0x0f, 0x00,
  0x24, 0x78, 0x07, 0x8c, 0x08, 0x00, 0x00, 0x00, 0x07, 0x02, 0x8e, 0x07,
  0x00, 0xe4, 0x0f, 0x00, 0x24, 0x78, 0x0b, 0x0c, 0x10, 0x00, 0x00, 0x00,
  0xff, 0x00, 0x8e, 0x07, 0x00, 0xe4, 0x0f, 0x00, 0x24, 0x78, 0x8a, 0x07,
  0x10, 0x00, 0x00, 0x00, 0xff, 0x00, 0x8e, 0x07, 0x00, 0xe2, 0x0f, 0x00,
  0x47, 0x89, 0x00, 0x00, 0x80, 0x00, 0x00, 0x00, 0x00, 0x00, 0x80, 0x03,
  0x00, 0xea, 0x0f, 0x00, 0x24, 0x76, 0x07, 0xff, 0x00, 0xd8, 0x00, 0x00,
  0xff, 0x00, 0x8e, 0x07, 0x00, 0xc8, 0x0f, 0x00, 0x24, 0x7a, 0x07, 0x07,
  0x00, 0xd3, 0x00, 0x00, 0xff, 0x02, 0x8e, 0x07, 0x00, 0xc8, 0x0f, 0x00,
  0x24, 0x78, 0x07, 0x07, 0x04, 0x00, 0x00, 0x00, 0xff, 0x00, 0x8e, 0x07,
  0x00, 0xca, 0x0f, 0x00, 0x10, 0x72, 0x08, 0x08, 0x07, 0x00, 0x00, 0x00,
  0xff, 0xe0, 0xf1, 0x07, 0x00, 0xc8, 0x0f, 0x00, 0x11, 0x72, 0x09, 0x07,
  0x10, 0x00, 0x00, 0x00, 0xff, 0x0e, 0x0f, 0x00, 0x00, 0xca, 0x0f, 0x00,
  0x25, 0x7a, 0x08, 0x8f, 0x00, 0x7c, 0x00, 0x00, 0x08, 0x00, 0x8e, 0x07,
  0x00, 0xc8, 0x0f, 0x00, 0x24, 0x78, 0x09, 0x13, 0x01, 0x00, 0x00, 0x00,
  0x09, 0x02, 0x8e, 0x07, 0x00, 0xe2, 0x0f, 0x00, 0x47, 0x79, 0x00, 0x00,
  0x50, 0x03, 0x00, 0x00, 0x00, 0x00, 0x80, 0x03, 0x00, 0xea, 0x0f, 0x00,
  0x06, 0x73, 0x0a, 0x00, 0x14, 0x00, 0x00, 0x00, 0x00, 0x94, 0x20, 0x00,
  0x00, 0x70, 0x0e, 0x00, 0x08, 0x73, 0x0a, 0x00, 0x0a, 0x00, 0x00, 0x00,
  0x00, 0x10, 0x00, 0x00, 0x00, 0x64, 0x2e, 0x00, 0x10, 0x78, 0x08, 0x0a,
  0xfe, 0xff, 0xff, 0x0f, 0xff, 0xe0, 0xff, 0x07, 0x00, 0xcc, 0x2f, 0x00,
  0x05, 0x73, 0x09, 0x00, 0x08, 0x00, 0x00, 0x00, 0x00, 0xf0, 0x21, 0x00,
  0x00, 0xa4, 0x02, 0x00, 0x24, 0x72, 0x08, 0xff, 0xff, 0x00, 0x00, 0x00,
  0xff, 0x00, 0x8e, 0x07, 0x00, 0xe4, 0x2f, 0x00, 0x24, 0x72, 0x07, 0xff,
  0xff, 0x00, 0x00, 0x00, 0x09, 0x0a, 0x8e, 0x07, 0x00, 0xc8, 0x4f, 0x00,
  0x24, 0x72, 0x07, 0x07, 0x14, 0x00, 0x00, 0x00, 0xff, 0x02, 0x8e, 0x07,
  0x00, 0xc8, 0x0f, 0x00, 0x27, 0x72, 0x10, 0x09, 0x07, 0x00, 0x00, 0x00,
  0x08, 0x00, 0x8e, 0x07, 0x00, 0xcc, 0x0f, 0x00, 0x27, 0x72, 0x15, 0x10,
  0x17, 0x00, 0x00, 0x00, 0xff, 0x00, 0x8e, 0x07, 0x00, 0xc8, 0x0f, 0x00,
  0x24, 0x72, 0x07, 0xff, 0xff, 0x00, 0x00, 0x00, 0x15, 0x0a, 0x8e, 0x07,
  0x00, 0xc8, 0x0f, 0x00, 0x24, 0x72, 0x07, 0x14, 0x07, 0x00, 0x00, 0x00,
  0x17, 0x02, 0x8e, 0x07, 0x00, 0xca, 0x0f, 0x00, 0x0c, 0x72, 0x00, 0x14,
  0x07, 0x00, 0x00, 0x00, 0x70, 0x40, 0xf0, 0x03, 0x00, 0xda, 0x0f, 0x00,
  0x24, 0x88, 0x07, 0x07, 0x01, 0x00, 0x00, 0x00, 0x14, 0x0a, 0x8e, 0x07,
  0x00, 0xe2, 0x0f, 0x00, 0x10, 0x88, 0x15, 0x15, 0x01, 0x00, 0x00, 0x00,
  0xff, 0xe0, 0xff, 0x07, 0x00, 0xe4, 0x0f, 0x00, 0x0c, 0x7a, 0x00, 0xff,
  0x00, 0xd4, 0x00, 0x00, 0x70, 0x52, 0xf0, 0x03, 0x00, 0xe4, 0x0f, 0x00,
  0x0c, 0x72, 0x00, 0x07, 0x14, 0x00, 0x00, 0x00, 0x70, 0x60, 0xf2, 0x03,
  0x00, 0xe4, 0x0f, 0x00, 0x12, 0x7a, 0x07, 0x12, 0x00, 0xd3, 0x00, 0x00,
  0xff, 0x3c, 0x8e, 0x07, 0x00, 0xe4, 0x0f, 0x00, 0x13, 0x72, 0x14, 0x00,
  0x0e, 0x00, 0x00, 0x00, 0x00, 0x00, 0x00, 0x00, 0x00, 0xe4, 0x0f, 0x00,
  0x0c, 0x72, 0x00, 0x07, 0xff, 0x00, 0x00, 0x00, 0x70, 0x62, 0xf4, 0x03,
  0x00, 0xce, 0x0f, 0x00, 0x10, 0x18, 0x15, 0x15, 0x01, 0x00, 0x00, 0x00,
  0xff, 0xe0, 0xff, 0x07, 0x00, 0xcc, 0x0f, 0x00, 0x24, 0xa2, 0x15, 0xff,
  0xff, 0x00, 0x00, 0x00, 0x15, 0x0a, 0x8e, 0x07, 0x00, 0xe2, 0x0f, 0x00,
  0x12, 0x8a, 0x15, 0xff, 0x00, 0xd4, 0x00, 0x00, 0xff, 0x33, 0x8e, 0x07,
  0x00, 0xc8, 0x0f, 0x00, 0x13, 0x72, 0x0a, 0x00, 0x15, 0x00, 0x00, 0x00,
  0x00, 0x00, 0x00, 0x00, 0x00, 0xe4, 0x0f, 0x08, 0x13, 0x72, 0x10, 0x00,
  0x15, 0x00, 0x00, 0x00, 0x00, 0x00, 0x00, 0x00, 0x00, 0xe4, 0x0f, 0x00,
  0x06, 0x73, 0x07, 0x00, 0x0a, 0x00, 0x00, 0x00, 0x00, 0x94, 0x20, 0x00,
  0x00, 0x66, 0x0e, 0x00, 0x24, 0x72, 0x10, 0xff, 0xff, 0x00, 0x00, 0x00,
  0x10, 0x0a, 0x8e, 0x07, 0x00, 0xca, 0x0f, 0x00, 0x08, 0x73, 0x07, 0x00,
  0x07, 0x00, 0x00, 0x00, 0x00, 0x10, 0x00, 0x00, 0x00, 0x64, 0x2e, 0x00,
  0x10, 0x78, 0x08, 0x07, 0xfe, 0xff, 0xff, 0x0f, 0xff, 0xe0, 0xff, 0x07,
  0x00, 0xcc, 0x2f, 0x00, 0x05, 0x73, 0x09, 0x00, 0x08, 0x00, 0x00, 0x00,
  0x00, 0xf0, 0x21, 0x00, 0x00, 0xa4, 0x02, 0x00, 0x24, 0x72, 0x08, 0xff,
  0xff, 0x00, 0x00, 0x00, 0xff, 0x00, 0x8e, 0x07, 0x00, 0xe4, 0x2f, 0x00,
  0x24, 0x72, 0x0f, 0xff, 0xff, 0x00, 0x00, 0x00, 0x09, 0x0a, 0x8e, 0x07,
  0x00, 0xc8, 0x4f, 0x00, 0x24, 0x72, 0x0f, 0x0f, 0x0a, 0x00, 0x00, 0x00,
  0xff, 0x02, 0x8e, 0x07, 0x00, 0xc8, 0x0f, 0x00, 0x27, 0x72, 0x09, 0x09,
  0x0f, 0x00, 0x00, 0x00, 0x08, 0x00, 0x8e, 0x07, 0x00, 0xc8, 0x0f, 0x00,
  0x24, 0x76, 0x08, 0xff, 0x00, 0xd8, 0x00, 0x00, 0xff, 0x00, 0x8e, 0x07,
  0x00, 0xe4, 0x0f, 0x00, 0x27, 0x72, 0x09, 0x09, 0x14, 0x00, 0x00, 0x00,
  0xff, 0x00, 0x8e, 0x07, 0x00, 0xc8, 0x0f, 0x00, 0x24, 0x72, 0x07, 0x09,
  0x10, 0x00, 0x00, 0x00, 0x14, 0x02, 0x8e, 0x07, 0x00, 0xe4, 0x0f, 0x00,
  0x24, 0x78, 0x08, 0x08, 0x02, 0x00, 0x00, 0x00, 0xff, 0x00, 0x8e, 0x07,
  0x00, 0xc6, 0x0f, 0x00, 0x0c, 0x72, 0x00, 0x0a, 0x07, 0x00, 0x00, 0x00,
  0x70, 0x40, 0xf2, 0x03, 0x00, 0xda, 0x0f, 0x00, 0x24, 0x98, 0x07, 0x07,
  0x01, 0x00, 0x00, 0x00, 0x0a, 0x0a, 0x8e, 0x07, 0x00, 0xe2, 0x0f, 0x00,
  0x10, 0x98, 0x09, 0x09, 0x01, 0x00, 0x00, 0x00, 0xff, 0xe0, 0xff, 0x07,
  0x00, 0xe4, 0x0f, 0x00, 0x0c, 0x72, 0x00, 0x15, 0xff, 0x00, 0x00, 0x00,
  0x70, 0x52, 0xf2, 0x03, 0x00, 0xe4, 0x0f, 0x00, 0x0c, 0x72, 0x00, 0x07,
  0x0a, 0x00, 0x00, 0x00, 0x70, 0x60, 0xf0, 0x03, 0x00, 0xe4, 0x0f, 0x00,
  0x12, 0x72, 0x07, 0x0e, 0x15, 0x00, 0x00, 0x00, 0xff, 0x3c, 0x8e, 0x07,
  0x00, 0xc8, 0x0f, 0x00, 0x0c, 0x72, 0x00, 0x07, 0xff, 0x00, 0x00, 0x00,
  0x70, 0x62, 0xf4, 0x03, 0x00, 0xe4, 0x0f, 0x00, 0x10, 0x7a, 0x07, 0x12,
  0x00, 0xd3, 0x00, 0x00, 0xff, 0xe0, 0xff, 0x07, 0x00, 0xca, 0x0f, 0x00,
  0x10, 0x08, 0x09, 0x09, 0x01, 0x00, 0x00, 0x00, 0xff, 0xe0, 0xff, 0x07,
  0x00, 0xcc, 0x0f, 0x00, 0x24, 0xa2, 0x09, 0xff, 0xff, 0x00, 0x00, 0x00,
  0x09, 0x0a, 0x8e, 0x07, 0x00, 0xe2, 0x0f, 0x00, 0x12, 0x92, 0x09, 0xff,
  0x15, 0x00, 0x00, 0x00, 0xff, 0x33, 0x8e, 0x07, 0x00, 0xca, 0x0f, 0x00,
  0x24, 0x78, 0x09, 0x09, 0x00, 0x01, 0x00, 0x00, 0xff, 0x00, 0x8e, 0x07,
  0x00, 0xc8, 0x0f, 0x00, 0x24, 0x72, 0x08, 0x08, 0x07, 0x00, 0x00, 0x00,
  0x09, 0x02, 0x8e, 0x07, 0x00, 0xca, 0x0f, 0x00, 0x19, 0x78, 0x09, 0xff,
  0x1f, 0x00, 0x00, 0x00, 0x08, 0x14, 0x01, 0x00, 0x00, 0xca, 0x0f, 0x00,
  0x25, 0x7a, 0x08, 0x8f, 0x00, 0x7c, 0x00, 0x00, 0x08, 0x00, 0x8e, 0x07,
  0x00, 0xc8, 0x0f, 0x00, 0x24, 0x78, 0x09, 0x13, 0x01, 0x00, 0x00, 0x00,
  0x09, 0x02, 0x8e, 0x07, 0x00, 0xe4, 0x0f, 0x00, 0x17, 0x78, 0x07, 0x11,
  0x40, 0x00, 0x00, 0x00, 0x00, 0x02, 0x80, 0x03, 0x00, 0xe2, 0x0f, 0x00,
  0x24, 0x76, 0x11, 0xff, 0x00, 0x7c, 0x00, 0x00, 0xff, 0x00, 0x8e, 0x07,
  0x00, 0xe2, 0x0f, 0x00, 0x10, 0x78, 0x88, 0x8c, 0x10, 0x00, 0x00, 0x00,
  0xff, 0xe0, 0xff, 0x07, 0x00, 0xe2, 0x0f, 0x04, 0x25, 0x7a, 0x08, 0x89,
  0x00, 0x7c, 0x00, 0x00, 0x08, 0x00, 0x8e, 0x07, 0x00, 0xe2, 0x0f, 0x00,
  0x10, 0x78, 0x87, 0x8c, 0x20, 0x00, 0x00, 0x00, 0xff, 0xe0, 0xff, 0x07,
  0x00, 0xe2, 0x0f, 0x04, 0x05, 0x78, 0x18, 0x00, 0x00, 0x00, 0x00, 0x00,
  0x00, 0xff, 0x01, 0x00, 0x00, 0xe2, 0x0f, 0x00, 0x10, 0x78, 0x86, 0x8c,
  0x30, 0x00, 0x00, 0x00, 0xff, 0xe0, 0xff, 0x07, 0x00, 0xe2, 0x0f, 0x04,
  0x05, 0x78, 0x1a, 0x00, 0x00, 0x00, 0x00, 0x00, 0x00, 0xff, 0x01, 0x00,
  0x00, 0xe2, 0x0f, 0x00, 0x19, 0x78, 0x0a, 0xff, 0x1f, 0x00, 0x00, 0x00,
  0x89, 0x14, 0x01, 0x00, 0x00, 0xe2, 0x0f, 0x00, 0x05, 0x78, 0x1c, 0x00,
  0x00, 0x00, 0x00, 0x00, 0x00, 0xff, 0x01, 0x00, 0x00, 0xe2, 0x0f, 0x00,
  0x0c, 0x72, 0x00, 0x8c, 0x07, 0x00, 0x00, 0x00, 0x70, 0x62, 0xf2, 0x03,
  0x00, 0xe2, 0x0f, 0x08, 0x05, 0x78, 0x1e, 0x00, 0x00, 0x00, 0x00, 0x00,
  0x00, 0xff, 0x01, 0x00, 0x00, 0xe2, 0x0f, 0x00, 0x0c, 0x72, 0x00, 0x88,
  0x07, 0x00, 0x00, 0x00, 0x70, 0x62, 0xf4, 0x03, 0x00, 0xe2, 0x0f, 0x08,
  0x24, 0x7a, 0x0a, 0x0a, 0x00, 0x7c, 0x00, 0x00, 0xff, 0x02, 0x8e, 0x07,
  0x00, 0xe2, 0x0f, 0x00, 0x0c, 0x72, 0x00, 0x87, 0x07, 0x00, 0x00, 0x00,
  0x70, 0x62, 0xf6, 0x03, 0x00, 0xe2, 0x0f, 0x08, 0x05, 0x78, 0x20, 0x00,
  0x00, 0x00, 0x00, 0x00, 0x00, 0xff, 0x01, 0x00, 0x00, 0xe2, 0x0f, 0x00,
  0x0c, 0x72, 0x00, 0x86, 0x07, 0x00, 0x00, 0x00, 0x70, 0x62, 0xf8, 0x03,
  0x00, 0xe2, 0x0f, 0x00, 0x24, 0x78, 0x07, 0x11, 0x10, 0x00, 0x00, 0x00,
  0xff, 0x00, 0x8e, 0x07, 0x00, 0xe2, 0x0f, 0x00, 0x10, 0x7a, 0x2d, 0x08,
  0x00, 0x60, 0x00, 0x00, 0x0b, 0xe0, 0xdd, 0x07, 0x00, 0xe2, 0x0f, 0x00,
  0x24, 0x7a, 0x0f, 0x89, 0x00, 0x7d, 0x00, 0x00, 0x0a, 0x02, 0x8e, 0x07,
  0x00, 0xe2, 0x0f, 0x00, 0x19, 0x76, 0x06, 0x11, 0x00, 0x7d, 0x00, 0x00,
  0x06, 0x02, 0x01, 0x00, 0x00, 0xe2, 0x0f, 0x00, 0x05, 0x78, 0x22, 0x00,
  0x00, 0x00, 0x00, 0x00, 0x00, 0xff, 0x01, 0x00, 0x00, 0xe2, 0x0f, 0x00,
  0x10, 0x72, 0x08, 0x07, 0x04, 0x00, 0x00, 0x00, 0xff, 0xe0, 0xf1, 0x07,
  0x00, 0xe2, 0x0f, 0x00, 0x24, 0x78, 0x2e, 0x09, 0x01, 0x00, 0x00, 0x00,
  0x0f, 0x02, 0x8e, 0x07, 0x00, 0xe2, 0x0f, 0x00, 0x19, 0x78, 0x0b, 0xff,
  0x1f, 0x00, 0x00, 0x00, 0x0b, 0x14, 0x01, 0x00, 0x00, 0xe2, 0x0f, 0x00,
  0x05, 0x78, 0x24, 0x00, 0x00, 0x00, 0x00, 0x00, 0x00, 0xff, 0x01, 0x00,
  0x00, 0xe2, 0x0f, 0x00, 0x17, 0x78, 0x15, 0x8d, 0x80, 0x00, 0x00, 0x00,
  0x00, 0x02, 0x80, 0x03, 0x00, 0xe2, 0x0f, 0x00, 0x24, 0x78, 0x09, 0x06,
  0x01, 0x00, 0x00, 0x00, 0x05, 0x06, 0x0e, 0x00, 0x00, 0xe2, 0x0f, 0x00,
  0x10, 0x72, 0x0a, 0x08, 0x07, 0x00, 0x00, 0x00, 0xff, 0xe0, 0xf1, 0x07,
  0x00, 0xe2, 0x0f, 0x00, 0x05, 0x78, 0x26, 0x00, 0x00, 0x00, 0x00, 0x00,
  0x00, 0xff, 0x01, 0x00, 0x00, 0xe2, 0x0f, 0x00, 0x10, 0x7a, 0x2e, 0x2e,
  0x00, 0x61, 0x00, 0x00, 0x0b, 0xa4, 0x7e, 0x03, 0x00, 0xe2, 0x0f, 0x00,
  0x05, 0x78, 0x28, 0x00, 0x00, 0x00, 0x00, 0x00, 0x00, 0xff, 0x01, 0x00,
  0x00, 0xe2, 0x0f, 0x00, 0x0c, 0x72, 0x00, 0x8c, 0x15, 0x00, 0x00, 0x00,
  0x70, 0x62, 0xfa, 0x03, 0x00, 0xe2, 0x0f, 0x00, 0x24, 0x78, 0x0b, 0x09,
  0x01, 0x00, 0x00, 0x00, 0x06, 0x06, 0x0e, 0x00, 0x00, 0xe2, 0x0f, 0x10,
  0x10, 0x72, 0x0e, 0x0a, 0x07, 0x00, 0x00, 0x00, 0xff, 0xe0, 0xf1, 0x07,
  0x00, 0xe2, 0x0f, 0x00, 0x05, 0x78, 0x2a, 0x00, 0x00, 0x00, 0x00, 0x00,
  0x00, 0xff, 0x01, 0x00, 0x00, 0xe2, 0x0f, 0x00, 0x0c, 0x72, 0x00, 0x88,
  0x15, 0x00, 0x00, 0x00, 0x70, 0x62, 0xfc, 0x03, 0x00, 0xe2, 0x0f, 0x00,
  0x05, 0x78, 0x5c, 0x00, 0x00, 0x00, 0x00, 0x00, 0x00, 0xff, 0x01, 0x00,
  0x00, 0xe2, 0x0f, 0x00, 0x10, 0x7c, 0x13, 0x8a, 0x05, 0x00, 0x00, 0x00,
  0xff, 0xe0, 0xff, 0x0f, 0x00, 0xe2, 0x0f, 0x00, 0x24, 0x78, 0x0f, 0x0b,
  0x01, 0x00, 0x00, 0x00, 0x06, 0x06, 0x0e, 0x00, 0x00, 0xe2, 0x0f, 0x00,
  0x10, 0x72, 0x10, 0x07, 0x02, 0x00, 0x00, 0x00, 0xff, 0xe0, 0xf1, 0x07,
  0x00, 0xc4, 0x0f, 0x00, 0x10, 0x7c, 0x17, 0x8a, 0x07, 0x00, 0x00, 0x00,
  0xff, 0xe0, 0xff, 0x0f, 0x00, 0xe2, 0x0f, 0x00, 0x84, 0xf9, 0xff, 0xff,
  0x00, 0x00, 0x00, 0x00, 0x00, 0x08, 0x00, 0x00, 0x00, 0xe2, 0x0f, 0x00,
  0x84, 0xf9, 0xff, 0xff, 0x00, 0x00, 0x00, 0x00, 0x00, 0x08, 0x00, 0x00,
  0x00, 0xe2, 0x0f, 0x00, 0x84, 0xf9, 0xff, 0xff, 0x00, 0x00, 0x00, 0x00,
  0x00, 0x08, 0x00, 0x00, 0x00, 0xe2, 0x0f, 0x00, 0xae, 0x7f, 0x13, 0x04,
  0x00, 0x00, 0x00, 0x00, 0x52, 0x1c, 0x90, 0x0c, 0x00, 0xe2, 0x03, 0x00,
  0x10, 0x78, 0x84, 0x8c, 0x40, 0x00, 0x00, 0x00, 0xff, 0xe0, 0xff, 0x07,
  0x00, 0xe2, 0x0f, 0x00, 0x24, 0x78, 0x11, 0x06, 0x01, 0x00, 0x00, 0x00,
  0x03, 0x06, 0x0e, 0x00, 0x00, 0xe2, 0x0f, 0x00, 0x0c, 0x72, 0x00, 0x87,
  0x15, 0x00, 0x00, 0x00, 0x70, 0x62, 0xf0, 0x03, 0x00, 0xe2, 0x0f, 0x00,
  0xae, 0x7f, 0x13, 0x08, 0x00, 0x00, 0x80, 0x00, 0x52, 0x1c, 0x10, 0x0d,
  0x00, 0xe2, 0x05, 0x00, 0x10, 0x78, 0x83, 0x8c, 0x50, 0x00, 0x00, 0x00,
  0xff, 0xe0, 0xff, 0x07, 0x00, 0xe4, 0x0f, 0x04, 0x10, 0x78, 0x82, 0x8c,
  0x60, 0x00, 0x00, 0x00, 0xff, 0xe0, 0xff, 0x07, 0x00, 0xe2, 0x0f, 0x04,
  0xae, 0x7f, 0x13, 0x0a, 0x00, 0x00, 0x00, 0x01, 0x52, 0x1c, 0x90, 0x0d,
  0x00, 0xe2, 0x07, 0x00, 0x10, 0x78, 0x81, 0x8c, 0x70, 0x00, 0x00, 0x00,
  0xff, 0xe0, 0xff, 0x07, 0x00, 0xc6, 0x0f, 0x00, 0xae, 0x7f, 0x13, 0x0e,
  0x00, 0x00, 0x80, 0x01, 0x52, 0x1c, 0x10, 0x0e, 0x00, 0xe8, 0x03, 0x00,
  0xae, 0x7f, 0x17, 0x02, 0x00, 0x00, 0x00, 0x04, 0x52, 0x1c, 0x90, 0x0e,
  0x00, 0xe2, 0x09, 0x00, 0x10, 0x72, 0x08, 0x10, 0x07, 0x00, 0x00, 0x00,
  0xff, 0xe0, 0xfb, 0x07, 0x00, 0xc6, 0x4f, 0x00, 0xae, 0x7f, 0x17, 0x10,
  0x00, 0x00, 0x80, 0x04, 0x52, 0x1c, 0x10, 0x0f, 0x00, 0xe2, 0x05, 0x00,
  0x0c, 0x72, 0x00, 0x86, 0x15, 0x00, 0x00, 0x00, 0x70, 0x62, 0xfc, 0x03,
  0x00, 0xe2, 0x0f, 0x00, 0x24, 0x78, 0x09, 0x11, 0x01, 0x00, 0x00, 0x00,
  0x06, 0x06, 0x8e, 0x02, 0x00, 0xe2, 0x0f, 0x10, 0x10, 0x72, 0x0a, 0x08,
  0x07, 0x00, 0x00, 0x00, 0xff, 0xe0, 0xfb, 0x07, 0x00, 0xe4, 0x8f, 0x08,
  0x10, 0x78, 0x13, 0x8d, 0x7f, 0x00, 0x00, 0x00, 0xff, 0xe0, 0xff, 0x07,
  0x00, 0xe4, 0x2f, 0x00, 0xae, 0x7f, 0x17, 0x08, 0x00, 0x00, 0x00, 0x05,
  0x52, 0x1c, 0x10, 0x0c, 0x00, 0xe2, 0x03, 0x00, 0x24, 0x78, 0x0b, 0x09,
  0x01, 0x00, 0x00, 0x00, 0x06, 0x06, 0x8e, 0x02, 0x00, 0xe2, 0x0f, 0x00,
  0x10, 0x72, 0x0e, 0x0a, 0x07, 0x00, 0x00, 0x00, 0xff, 0xe0, 0xfb, 0x07,
  0x00, 0xe4, 0x0f, 0x00, 0x0c, 0x72, 0x00, 0x84, 0x15, 0x00, 0x00, 0x00,
  0x70, 0x62, 0xf0, 0x03, 0x00, 0xc6, 0x0f, 0x00, 0xae, 0x7f, 0x17, 0x0a,
  0x00, 0x00, 0x80, 0x05, 0x52, 0x1c, 0x10, 0x0f, 0x00, 0xe2, 0x07, 0x00,
  0x0c, 0x72, 0x00, 0x83, 0x15, 0x00, 0x00, 0x00, 0x70, 0x62, 0xfc, 0x03,
  0x00, 0xe2, 0x0f, 0x00, 0x24, 0x78, 0x0f, 0x0b, 0x01, 0x00, 0x00, 0x00,
  0x06, 0x06, 0x8e, 0x02, 0x00, 0xe2, 0x0f, 0x00, 0x10, 0x72, 0x10, 0x0e,
  0x07, 0x00, 0x00, 0x00, 0xff, 0xe0, 0xfb, 0x07, 0x00, 0xe4, 0x4f, 0x00,
  0x19, 0x78, 0x08, 0xff, 0x1f, 0x00, 0x00, 0x00, 0x89, 0x14, 0x01, 0x00,
  0x00, 0xc6, 0x2f, 0x00, 0x24, 0x78, 0x11, 0x0f, 0x01, 0x00, 0x00, 0x00,
  0x06, 0x06, 0x8e, 0x02, 0x00, 0xe2, 0x0f, 0x00, 0x11, 0x72, 0x09, 0x08,
  0x89, 0x00, 0x00, 0x00, 0xff, 0x18, 0x8f, 0x07, 0x00, 0xe2, 0x0f, 0x00,
  0xae, 0x7f, 0x17, 0x0e, 0x00, 0x00, 0x00, 0x06, 0x52, 0x1c, 0x10, 0x0c,
  0x00, 0xe2, 0x03, 0x00, 0x0c, 0x72, 0x00, 0x82, 0x15, 0x00, 0x00, 0x00,
  0x70, 0x62, 0xfa, 0x03, 0x00, 0xe4, 0x0f, 0x08, 0x0c, 0x72, 0x00, 0x81,
  0x15, 0x00, 0x00, 0x00, 0x70, 0x62, 0xf0, 0x03, 0x00, 0xe2, 0x0f, 0x00,
  0xae, 0x7f, 0x17, 0x10, 0x00, 0x00, 0x80, 0x06, 0x52, 0x1c, 0x10, 0x0f,
  0x00, 0xe2, 0x05, 0x00, 0x10, 0x72, 0x08, 0x10, 0x07, 0x00, 0x00, 0x00,
  0xff, 0xe0, 0xfd, 0x07, 0x00, 0xe2, 0x0f, 0x00, 0x05, 0x78, 0x14, 0x00,
  0x00, 0x00, 0x00, 0x00, 0x00, 0xff, 0x01, 0x00, 0x00, 0xe2, 0x0f, 0x00,
  0x12, 0x78, 0x12, 0x09, 0xf8, 0xff, 0xff, 0x0f, 0xff, 0xc0, 0x8e, 0x07,
  0x00, 0xc6, 0x0f, 0x00, 0x24, 0x78, 0x09, 0x11, 0x01, 0x00, 0x00, 0x00,
  0x06, 0x06, 0x0e, 0x03, 0x00, 0xe2, 0x0f, 0x00, 0x10, 0x72, 0x0a, 0x08,
  0x07, 0x00, 0x00, 0x00, 0xff, 0xe0, 0xfd, 0x07, 0x00, 0xe2, 0x8f, 0x00,
  0x24, 0x78, 0x0f, 0x89, 0x01, 0x00, 0x00, 0x00, 0x12, 0x0a, 0x8e, 0x07,
  0x00, 0xe2, 0x2f, 0x00, 0x19, 0x78, 0x0e, 0xff, 0x1f, 0x00, 0x00, 0x00,
  0x13, 0x14, 0x01, 0x00, 0x00, 0xe4, 0x0f, 0x00, 0xae, 0x7f, 0x17, 0x08,
  0x00, 0x00, 0x00, 0x07, 0x52, 0x1c, 0x90, 0x0e, 0x00, 0xe2, 0x03, 0x00,
  0x24, 0x78, 0x0b, 0x09, 0x01, 0x00, 0x00, 0x00, 0x06, 0x06, 0x0e, 0x03,
  0x00, 0xe2, 0x0f, 0x00, 0x12, 0x72, 0x0c, 0x0f, 0x0c, 0x00, 0x00, 0x00,
  0xff, 0x3c, 0x8e, 0x07, 0x00, 0xe2, 0x0f, 0x00, 0x05, 0x78, 0x10, 0x00,
  0x00, 0x00, 0x00, 0x00, 0x00, 0xff, 0x01, 0x00, 0x00, 0xe2, 0x4f, 0x00,
  0x11, 0x72, 0x2c, 0x0e, 0x13, 0x00, 0x00, 0x00, 0xff, 0x38, 0x8f, 0x07,
  0x00, 0xe4, 0x0f, 0x00, 0xae, 0x7f, 0x17, 0x0a, 0x00, 0x00, 0x80, 0x07,
  0x52, 0x1c, 0x10, 0x0c, 0x00, 0xe2, 0x09, 0x00, 0x0c, 0x78, 0x00, 0x8d,
  0x01, 0x00, 0x00, 0x00, 0x70, 0x62, 0xf0, 0x03, 0x00, 0xe2, 0x0f, 0x00,
  0x05, 0x78, 0x0e, 0x00, 0x00, 0x00, 0x00, 0x00, 0x00, 0xff, 0x01, 0x00,
  0x00, 0xe2, 0x0f, 0x00, 0x05, 0x78, 0x12, 0x00, 0x00, 0x00, 0x00, 0x00,
  0x00, 0xff, 0x01, 0x00, 0x00, 0xe2, 0x0f, 0x00, 0xaf, 0x79, 0x00, 0x00,
  0x00, 0x00, 0x00, 0x00, 0x00, 0x00, 0x00, 0x00, 0x00, 0x22, 0x0e, 0x00,
  0x24, 0x78, 0x08, 0x89, 0x10, 0x00, 0x00, 0x00, 0x0c, 0x02, 0x8e, 0x07,
  0x00, 0xe2, 0x2f, 0x00, 0x05, 0x78, 0x16, 0x00, 0x00, 0x00, 0x00, 0x00,
  0x00, 0xff, 0x01, 0x00, 0x00, 0xd0, 0x0f, 0x01, 0x47, 0x89, 0x00, 0x00,
  0x10, 0x69, 0x00, 0x00, 0x00, 0x00, 0x80, 0x03, 0x00, 0xea, 0x0f, 0x00,
  0x11, 0x72, 0x09, 0x0d, 0x00, 0x00, 0x00, 0x00, 0xff, 0x28, 0x8f, 0x07,
  0x00, 0xe2, 0x0f, 0x08, 0xc2, 0x73, 0x11, 0x8d, 0x00, 0x00, 0x00, 0x00,
  0x00, 0x00, 0x0e, 0x00, 0x00, 0xa2, 0x02, 0x00, 0x10, 0x7c, 0x0b, 0x8d,
  0x0b, 0x00, 0x00, 0x00, 0x8e, 0xe8, 0xff, 0x0f, 0x00, 0xe2, 0x0f, 0x00,
  0x24, 0x78, 0x85, 0x08, 0x10, 0x00, 0x00, 0x00, 0xff, 0x00, 0x8e, 0x07,
  0x00, 0xe2, 0x0f, 0x00, 0x12, 0x78, 0x09, 0x09, 0xe0, 0xff, 0xff, 0xff,
  0xff, 0xc0, 0x8e, 0x07, 0x00, 0xe2, 0x0f, 0x00, 0x24, 0x72, 0x7e, 0xff,
  0xff, 0x00, 0x00, 0x00, 0x8d, 0x00, 0x8e, 0x07, 0x00, 0xe2, 0x0f, 0x00,
  0x19, 0x78, 0x0c, 0xff, 0x1f, 0x00, 0x00, 0x00, 0x0b, 0x14, 0x01, 0x00,
  0x00, 0xe2, 0x0f, 0x00, 0x24, 0x72, 0x61, 0xff, 0xff, 0x00, 0x00, 0x00,
  0x8b, 0x00, 0x8e, 0x07, 0x00, 0xe2, 0x0f, 0x00, 0x11, 0x72, 0x80, 0x0d,
  0x00, 0x00, 0x00, 0x00, 0xff, 0x38, 0x8f, 0x07, 0x00, 0xe2, 0x0f, 0x00,
  0x24, 0x78, 0x09, 0x00, 0x01, 0x00, 0x00, 0x00, 0x09, 0x0a, 0x8e, 0x07,
  0x00, 0xe2, 0x0f, 0x00, 0x11, 0x72, 0x0c, 0x0c, 0x0b, 0x00, 0x00, 0x00,
  0xff, 0x38, 0x8f, 0x07, 0x00, 0xe2, 0x0f, 0x00, 0x24, 0x72, 0x0b, 0xff,
  0xff, 0x00, 0x00, 0x00, 0x2e, 0x00, 0x8e, 0x07, 0x00, 0xe2, 0x0f, 0x00,
  0x19, 0x78, 0x80, 0xff, 0x07, 0x00, 0x00, 0x00, 0x80, 0x14, 0x01, 0x00,
  0x00, 0xe2, 0x0f, 0x00, 0x82, 0x7c, 0x08, 0x00, 0x3f, 0x00, 0x00, 0x00,
  0x00, 0x00, 0x00, 0x08, 0x00, 0xe2, 0x0f, 0x00, 0x19, 0x78, 0x0a, 0xff,
  0x1f, 0x00, 0x00, 0x00, 0x09, 0x14, 0x01, 0x00, 0x00, 0xe2, 0x0f, 0x00,
  0x82, 0x7c, 0x09, 0x00, 0x3f, 0x00, 0x00, 0x00, 0x00, 0x00, 0x00, 0x08,
  0x00, 0xe2, 0x0f, 0x00, 0x12, 0x78, 0x0c, 0x0c, 0x80, 0xff, 0xff, 0xff,
  0xff, 0xc0, 0x8e, 0x07, 0x00, 0xe2, 0x0f, 0x00, 0x82, 0x7c, 0x0a, 0x00,
  0x3f, 0x00, 0x00, 0x00, 0x00, 0x00, 0x00, 0x08, 0x00, 0xe2, 0x0f, 0x00,
  0x11, 0x72, 0x0a, 0x0a, 0x09, 0x00, 0x00, 0x00, 0xff, 0x10, 0x8f, 0x07,
  0x00, 0xe2, 0x0f, 0x00, 0xb9, 0x7a, 0x17, 0x00, 0x00, 0xec, 0x00, 0x00,
  0x00, 0x00, 0x00, 0x00, 0x00, 0xc6, 0x0f, 0x00, 0x12, 0x78, 0x0a, 0x0a,
  0xfc, 0xff, 0xff, 0x7f, 0xff, 0xc0, 0x8e, 0x07, 0x00, 0xca, 0x0f, 0x00,
  0x24, 0x78, 0x7f, 0x09, 0x01, 0x00, 0x00, 0x00, 0x0a, 0x0a, 0x8e, 0x07,
  0x00, 0xe2, 0x0f, 0x00, 0x12, 0x78, 0x09, 0x2c, 0x80, 0xff, 0xff, 0xff,
  0xff, 0xc0, 0x8e, 0x07, 0x00, 0xe2, 0x0f, 0x00, 0x24, 0x72, 0x0a, 0xff,
  0xff, 0x00, 0x00, 0x00, 0x2d, 0x00, 0x8e, 0x07, 0x00, 0xe4, 0x6f, 0x00,
  0x8c, 0x78, 0x00, 0x05, 0xff, 0x1f, 0x00, 0x00, 0x70, 0x42, 0xf0, 0x0b,
  0x00, 0xe2, 0x0f, 0x00, 0x0c, 0x78, 0x00, 0x61, 0x80, 0x00, 0x00, 0x00,
  0x70, 0x12, 0xf0, 0x04, 0x00, 0xe2, 0x0f, 0x00, 0x90, 0x78, 0x10, 0x05,
  0x00, 0xe0, 0xff, 0xff, 0x3f, 0xe0, 0xff, 0x0f, 0x00, 0xe2, 0x0f, 0x00,
  0x10, 0x78, 0x2c, 0x07, 0x80, 0x00, 0x00, 0x00, 0x04, 0xe0, 0xeb, 0x07,
  0x00, 0xe2, 0x0f, 0x00, 0x82, 0x78, 0x0e, 0x00, 0x07, 0x00, 0x00, 0x00,
  0x00, 0x00, 0x00, 0x00, 0x00, 0xe2, 0x0f, 0x00, 0x17, 0x78, 0x39, 0x7e,
  0x80, 0x00, 0x00, 0x00, 0x00, 0x02, 0x80, 0x03, 0x00, 0xe2, 0x0f, 0x00,
  0xb9, 0x7a, 0x0c, 0x00, 0x00, 0x7c, 0x00, 0x00, 0x00, 0x0a, 0x00, 0x00,
  0x00, 0xe2, 0x0f, 0x00, 0x10, 0x72, 0x2d, 0x06, 0xff, 0x00, 0x00, 0x00,
  0x05, 0xc4, 0xfe, 0x02, 0x00, 0xe2, 0x0f, 0x00, 0x99, 0x72, 0x0f, 0x0c,
  0x0e, 0x00, 0x00, 0x00, 0x0d, 0x02, 0x01, 0x08, 0x00, 0xe2, 0x0f, 0x00,
  0x0c, 0x78, 0x00, 0x61, 0x80, 0x00, 0x00, 0x00, 0x70, 0x12, 0xfa, 0x05,
  0x00, 0xe2, 0x0f, 0x00, 0x99, 0x78, 0x0e, 0x0c, 0x07, 0x00, 0x00, 0x00,
  0x3f, 0x06, 0x00, 0x08, 0x00, 0xe2, 0x0f, 0x00, 0x10, 0x72, 0x2e, 0x2c,
  0x07, 0x00, 0x00, 0x00, 0xff, 0xe0, 0xfd, 0x07, 0x00, 0xe2, 0x0f, 0x00,
  0x90, 0x88, 0x10, 0x05, 0x00, 0x20, 0x00, 0x00, 0x3f, 0xe0, 0xff, 0x0f,
  0x00, 0xc4, 0x0f, 0x00, 0xa4, 0x78, 0x05, 0x0d, 0x90, 0xff, 0xff, 0xff,
  0x3f, 0x02, 0x8e, 0x0f, 0x00, 0xe4, 0x0f, 0x00, 0xa5, 0x78, 0x0e, 0x0c,
  0x90, 0xff, 0xff, 0xff, 0x0e, 0x00, 0x8e, 0x0f, 0x00, 0xe2, 0x0f, 0x00,
  0x24, 0x78, 0x2f, 0x2d, 0x01, 0x00, 0x00, 0x00, 0x06, 0x06, 0x0e, 0x03,
  0x00, 0xe2, 0x0f, 0x00, 0x10, 0x7c, 0x37, 0x8a, 0x10, 0x00, 0x00, 0x00,
  0xff, 0xe0, 0xff, 0x0f, 0x00, 0xe2, 0x0f, 0x00, 0x8c, 0x78, 0x00, 0x07,
  0xff, 0x3f, 0x00, 0x00, 0x70, 0x42, 0xf0, 0x0b, 0x00, 0xe4, 0x0f, 0x00,
  0x90, 0x72, 0x05, 0x0f, 0x0c, 0x00, 0x00, 0x80, 0x05, 0xe0, 0xff, 0x0f,
  0x00, 0xe4, 0x0f, 0x00, 0x84, 0xf9, 0xff, 0xff, 0x00, 0x00, 0x00, 0x00,
  0x00, 0x08, 0x00, 0x00, 0x00, 0xe2, 0x0f, 0x00, 0x84, 0xf9, 0xff, 0xff,
  0x00, 0x00, 0x00, 0x00, 0x00, 0x08, 0x00, 0x00, 0x00, 0xe2, 0x0f, 0x00,
  0x84, 0xf9, 0xff, 0xff, 0x00, 0x00, 0x00, 0x00, 0x00, 0x08, 0x00, 0x00,
  0x00, 0xe2, 0x0f, 0x00, 0xae, 0x7f, 0x37, 0x04, 0x80, 0x00, 0x00, 0x00,
  0x52, 0x1c, 0x10, 0x08, 0x00, 0xe2, 0x03, 0x00, 0x0c, 0x78, 0x00, 0x61,
  0x80, 0x00, 0x00, 0x00, 0x70, 0x12, 0x70, 0x05, 0x00, 0xda, 0x0f, 0x00,
  0xae, 0x7f, 0x37, 0x2c, 0x00, 0x00, 0x80, 0x00, 0x52, 0x1c, 0x10, 0x08,
  0x00, 0xe2, 0x05, 0x00, 0x10, 0x7c, 0x32, 0x02, 0x0e, 0x00, 0x00, 0x00,
  0xff, 0xe0, 0xf1, 0x0f, 0x00, 0xe2, 0x0f, 0x00, 0x90, 0x78, 0x0e, 0x07,
  0x00, 0xc0, 0xff, 0xff, 0x3f, 0xe0, 0xff, 0x0f, 0x00, 0xe4, 0x0f, 0x00,
  0xae, 0x7f, 0x37, 0x2e, 0x00, 0x00, 0x00, 0x01, 0x52, 0x1c, 0x90, 0x0a,
  0x00, 0xe2, 0x07, 0x00, 0x10, 0x7c, 0x33, 0x03, 0x05, 0x00, 0x00, 0x00,
  0xff, 0xe4, 0x7f, 0x08, 0x00, 0xe2, 0x0f, 0x00, 0x90, 0x88, 0x0e, 0x07,
  0x00, 0x40, 0x00, 0x00, 0x3f, 0xe0, 0xff, 0x0f, 0x00, 0xe2, 0x0f, 0x00,
  0x10, 0x78, 0x34, 0x07, 0x80, 0x00, 0x00, 0x00, 0x32, 0xe0, 0xeb, 0x07,
  0x00, 0xe4, 0x0f, 0x00, 0x0c, 0x78, 0x00, 0x8b, 0x80, 0x00, 0x00, 0x00,
  0x70, 0x62, 0xf0, 0x03, 0x00, 0xe4, 0x0f, 0x00, 0x10, 0x72, 0x35, 0x06,
  0xff, 0x00, 0x00, 0x00, 0x33, 0xc4, 0xfe, 0x02, 0x00, 0xc4, 0x0f, 0x00,
  0x10, 0x72, 0x30, 0x2e, 0x07, 0x00, 0x00, 0x00, 0xff, 0xe0, 0xfd, 0x07,
  0x00, 0xe4, 0x0f, 0x00, 0x0c, 0x78, 0x00, 0x61, 0x80, 0x00, 0x00, 0x00,
  0x70, 0x12, 0x7a, 0x06, 0x00, 0xe4, 0x0f, 0x00, 0x10, 0x7c, 0x3b, 0x8a,
  0x0e, 0x00, 0x00, 0x00, 0xff, 0xe0, 0xff, 0x0f, 0x00, 0xe2, 0x0f, 0x00,
  0x24, 0x78, 0x31, 0x2f, 0x01, 0x00, 0x00, 0x00, 0x06, 0x06, 0x0e, 0x03,
  0x00, 0xe2, 0x0f, 0x00, 0x0c, 0x72, 0x00, 0x8c, 0x39, 0x00, 0x00, 0x00,
  0x70, 0x12, 0x7c, 0x04, 0x00, 0xd2, 0x0f, 0x00, 0xae, 0x7f, 0x37, 0x30,
  0x00, 0x00, 0x80, 0x01, 0x52, 0x1c, 0x90, 0x0a, 0x00, 0xe2, 0x09, 0x00,
  0x0c, 0x72, 0x00, 0x88, 0x39, 0x00, 0x00, 0x00, 0x70, 0x12, 0x7a, 0x04,
  0x00, 0xc6, 0x0f, 0x00, 0xae, 0x7f, 0x3b, 0x02, 0x80, 0x00, 0x00, 0x04,
  0x52, 0x1c, 0x10, 0x0b, 0x00, 0xe2, 0x0b, 0x00, 0x0c, 0x72, 0x00, 0x87,
  0x39, 0x00, 0x00, 0x00, 0x70, 0x12, 0x7c, 0x04, 0x00, 0xd2, 0x0f, 0x00,
  0xae, 0x7f, 0x3b, 0x32, 0x80, 0x00, 0x80, 0x04, 0x52, 0x1c, 0x90, 0x0a,
  0x00, 0xe2, 0x03, 0x00, 0x0c, 0x72, 0x00, 0x86, 0x39, 0x00, 0x00, 0x00,
  0x70, 0x12, 0x7a, 0x04, 0x00, 0xc6, 0x0f, 0x00, 0xae, 0x7f, 0x3b, 0x34,
  0x00, 0x00, 0x00, 0x05, 0x52, 0x1c, 0x10, 0x0b, 0x00, 0xe2, 0x03, 0x00,
  0x10, 0x72, 0x2c, 0x34, 0x07, 0x00, 0x00, 0x00, 0xff, 0xe0, 0xfd, 0x07,
  0x00, 0xca, 0x4f, 0x00, 0x24, 0x78, 0x2d, 0x35, 0x01, 0x00, 0x00, 0x00,
  0x06, 0x06, 0x0e, 0x03, 0x00, 0xe2, 0x0f, 0x00, 0x0c, 0x72, 0x00, 0x84,
  0x39, 0x00, 0x00, 0x00, 0x70, 0x12, 0x7c, 0x04, 0x00, 0xc8, 0x0f, 0x00,
  0xae, 0x7f, 0x3b, 0x2c, 0x00, 0x00, 0x80, 0x05, 0x52, 0x1c, 0x90, 0x0a,
  0x00, 0xe2, 0x05, 0x00, 0x10, 0x72, 0x2e, 0x2c, 0x07, 0x00, 0x00, 0x00,
  0xff, 0xe0, 0xfb, 0x07, 0x00, 0xca, 0x8f, 0x00, 0x24, 0x78, 0x2f, 0x2d,
  0x01, 0x00, 0x00, 0x00, 0x06, 0x06, 0x8e, 0x02, 0x00, 0xe2, 0x0f, 0x00,
  0x0c, 0x72, 0x00, 0x83, 0x39, 0x00, 0x00, 0x00, 0x70, 0x12, 0x7a, 0x04,
  0x00, 0xc8, 0x0f, 0x00, 0xae, 0x7f, 0x3b, 0x2e, 0x00, 0x00, 0x00, 0x06,
  0x52, 0x1c, 0x10, 0x0b, 0x00, 0xe2, 0x07, 0x00, 0x10, 0x72, 0x30, 0x2e,
  0x07, 0x00, 0x00, 0x00, 0xff, 0xe0, 0xfd, 0x07, 0x00, 0xca, 0x0f, 0x01,
  0x24, 0x78, 0x31, 0x2f, 0x01, 0x00, 0x00, 0x00, 0x06, 0x06, 0x0e, 0x03,
  0x00, 0xe2, 0x0f, 0x00, 0x10, 0x72, 0x32, 0x30, 0x07, 0x00, 0x00, 0x00,
  0xff, 0xe0, 0xfd, 0x07, 0x00, 0xc8, 0x2f, 0x00, 0xae, 0x7f, 0x3b, 0x30,
  0x00, 0x00, 0x80, 0x06, 0x52, 0x1c, 0x90, 0x0a, 0x00, 0xe2, 0x03, 0x00,
  0x0c, 0x72, 0x00, 0x82, 0x39, 0x00, 0x00, 0x00, 0x70, 0x12, 0x7a, 0x04,
  0x00, 0xe2, 0x0f, 0x08, 0x24, 0x78, 0x33, 0x31, 0x01, 0x00, 0x00, 0x00,
  0x06, 0x06, 0x0e, 0x03, 0x00, 0xe2, 0x0f, 0x10, 0x0c, 0x72, 0x00, 0x81,
  0x39, 0x00, 0x00, 0x00, 0x70, 0x12, 0x70, 0x04, 0x00, 0xe4, 0x0f, 0x00,
  0x10, 0x72, 0x2c, 0x32, 0x07, 0x00, 0x00, 0x00, 0xff, 0xe0, 0xfd, 0x07,
  0x00, 0xe4, 0x4f, 0x00, 0x12, 0x78, 0x2e, 0x00, 0x07, 0x00, 0x00, 0x00,
  0xff, 0xc0, 0x8e, 0x07, 0x00, 0xe4, 0x8f, 0x04, 0x12, 0x78, 0x2f, 0x00,
  0x10, 0x00, 0x00, 0x00, 0xff, 0xc0, 0x8e, 0x07, 0x00, 0xe2, 0x0f, 0x04,
  0x24, 0x78, 0x2d, 0x33, 0x01, 0x00, 0x00, 0x00, 0x06, 0x06, 0x0e, 0x03,
  0x00, 0xe2, 0x0f, 0x00, 0x12, 0x78, 0x31, 0x00, 0x08, 0x00, 0x00, 0x00,
  0xff, 0xc0, 0x8e, 0x07, 0x00, 0xe2, 0x2f, 0x04, 0x24, 0x78, 0x30, 0x00,
  0x10, 0x00, 0x00, 0x00, 0xff, 0x00, 0x8e, 0x07, 0x00, 0xc4, 0x0f, 0x00,
  0xae, 0x7f, 0x3b, 0x32, 0x00, 0x00, 0x00, 0x07, 0x52, 0x1c, 0x90, 0x0a,
  0x00, 0xe2, 0x03, 0x00, 0x11, 0x72, 0x34, 0x2f, 0x2e, 0x00, 0x00, 0x00,
  0xff, 0xf8, 0x8f, 0x07, 0x00, 0xe4, 0x0f, 0x00, 0x19, 0x78, 0x35, 0xff,
  0x03, 0x00, 0x00, 0x00, 0x31, 0x16, 0x01, 0x00, 0x00, 0xe2, 0x0f, 0x00,
  0xae, 0x7f, 0x3b, 0x2c, 0x00, 0x00, 0x80, 0x07, 0x52, 0x1c, 0x10, 0x08,
  0x00, 0xe2, 0x0b, 0x00, 0x12, 0x78, 0x2e, 0x00, 0x60, 0x00, 0x00, 0x00,
  0xff, 0xc0, 0x8e, 0x07, 0x00, 0xe4, 0x0f, 0x04, 0x12, 0x78, 0x2f, 0x00,
  0x0f, 0x00, 0x00, 0x00, 0xff, 0xc0, 0x8e, 0x07, 0x00, 0xe2, 0x0f, 0x00,
  0xaf, 0x79, 0x00, 0x00, 0x00, 0x00, 0x00, 0x00, 0x00, 0x00, 0x00, 0x00,
  0x00, 0x22, 0x0e, 0x00, 0x12, 0x78, 0x31, 0x30, 0x70, 0x00, 0x00, 0x00,
  0xff, 0xc0, 0x8e, 0x07, 0x00, 0xe4, 0x0f, 0x00, 0x12, 0x78, 0x35, 0x35,
  0x07, 0x00, 0x00, 0x00, 0x00, 0x78, 0x8e, 0x07, 0x00, 0xc4, 0x0f, 0x00,
  0x11, 0x72, 0x2f, 0x2e, 0x2f, 0x00, 0x00, 0x00, 0xff, 0xf8, 0x8f, 0x07,
  0x00, 0xe4, 0x0f, 0x00, 0x12, 0x78, 0x90, 0x31, 0x10, 0x00, 0x00, 0x00,
  0x00, 0x78, 0x8e, 0x07, 0x00, 0xe2, 0x0f, 0x00, 0x24, 0x78, 0x34, 0x34,
  0x08, 0x00, 0x00, 0x00, 0x35, 0x02, 0x8e, 0x07, 0x00, 0xe2, 0x0f, 0x00,
  0x0c, 0x7c, 0x00, 0xff, 0x08, 0x00, 0x00, 0x00, 0x70, 0x52, 0xfa, 0x0b,
  0x00, 0xc6, 0x0f, 0x00, 0x24, 0x78, 0x9f, 0x2f, 0x80, 0x00, 0x00, 0x00,
  0x90, 0x02, 0x8e, 0x07, 0x00, 0xe4, 0x0f, 0x00, 0x24, 0x78, 0x96, 0x34,
  0x10, 0x00, 0x00, 0x00, 0xff, 0x00, 0x8e, 0x07, 0x00, 0xc6, 0x0f, 0x00,
  0x12, 0x78, 0x95, 0x9f, 0x20, 0x00, 0x00, 0x00, 0xff, 0x3c, 0x8e, 0x07,
  0x00, 0xe4, 0x0f, 0x04, 0x12, 0x78, 0x92, 0x96, 0x20, 0x00, 0x00, 0x00,
  0xff, 0x3c, 0x8e, 0x07, 0x00, 0xe4, 0x0f, 0x04, 0x12, 0x78, 0x94, 0x9f,
  0x40, 0x00, 0x00, 0x00, 0xff, 0x3c, 0x8e, 0x07, 0x00, 0xe4, 0x0f, 0x00,
  0x12, 0x78, 0x91, 0x96, 0x40, 0x00, 0x00, 0x00, 0xff, 0x3c, 0x8e, 0x07,
  0x00, 0xe2, 0x0f, 0x00, 0x1a, 0x79, 0x00, 0x00, 0x40, 0x80, 0x00, 0x00,
  0x00, 0x00, 0x00, 0x00, 0x00, 0xc8, 0x0f, 0x00, 0x1d, 0x7b, 0x00, 0x00,
  0x00, 0x00, 0x00, 0x00, 0x00, 0x00, 0x01, 0x00, 0x00, 0xe2, 0x0f, 0x00,
  0x12, 0x78, 0x97, 0x9f, 0x60, 0x00, 0x00, 0x00, 0xff, 0x3c, 0x8e, 0x07,
  0x00, 0xe4, 0x0f, 0x00, 0x12, 0x78, 0x93, 0x96, 0x60, 0x00, 0x00, 0x00,
  0xff, 0x3c, 0x8e, 0x07, 0x00, 0xc6, 0x0f, 0x00, 0x3b, 0x78, 0x30, 0x9f,
  0x04, 0x00, 0x00, 0x00, 0x00, 0x02, 0x00, 0x08, 0x00, 0xe8, 0x2f, 0x00,
  0x3b, 0x78, 0x38, 0x96, 0x06, 0x00, 0x40, 0x00, 0x00, 0x02, 0x00, 0x08,
  0x00, 0x68, 0x0e, 0x02, 0x3b, 0x78, 0x58, 0x96, 0x06, 0x00, 0x48, 0x00,
  0x00, 0x02, 0x00, 0x08, 0x00, 0xa8, 0x0e, 0x00, 0x3b, 0x78, 0x54, 0x96,
  0x06, 0x00, 0x50, 0x00, 0x00, 0x02, 0x00, 0x08, 0x00, 0xe8, 0x0e, 0x00,
  0x3b, 0x78, 0x44, 0x96, 0x06, 0x00, 0x58, 0x00, 0x00, 0x02, 0x00, 0x08,
  0x00, 0x28, 0x0f, 0x00, 0x3b, 0x78, 0x34, 0x96, 0x06, 0x00, 0x60, 0x00,
  0x00, 0x02, 0x00, 0x08, 0x00, 0x68, 0x0f, 0x00, 0x3b, 0x78, 0x48, 0x96,
  0x06, 0x00, 0x68, 0x00, 0x00, 0x02, 0x00, 0x08, 0x00, 0xe8, 0x0e, 0x00,
  0x3b, 0x78, 0x3c, 0x96, 0x06, 0x00, 0x70, 0x00, 0x00, 0x02, 0x00, 0x08,
  0x00, 0xe8, 0x0e, 0x00, 0x3b, 0x78, 0x40, 0x96, 0x06, 0x00, 0x78, 0x00,
  0x00, 0x02, 0x00, 0x08, 0x00, 0xe8, 0x0e, 0x00, 0x3b, 0x78, 0x2c, 0x95,
  0x04, 0x00, 0x00, 0x00, 0x00, 0x02, 0x00, 0x08, 0x00, 0xe8, 0x0f, 0x00,
  0x3b, 0x78, 0x50, 0x92, 0x06, 0x00, 0x40, 0x00, 0x00, 0x02, 0x00, 0x08,
  0x00, 0x22, 0x0f, 0x00, 0x3c, 0x72, 0x70, 0x30, 0x38, 0x00, 0x00, 0x00,
  0xff, 0x08, 0x00, 0x00, 0x00, 0xe6, 0x2f, 0x04, 0x3b, 0x78, 0x4c, 0x92,
  0x06, 0x00, 0x48, 0x00, 0x00, 0x02, 0x00, 0x08, 0x00, 0xea, 0x0f, 0x00,
  0x3c, 0x72, 0x72, 0x30, 0x3a, 0x00, 0x00, 0x00, 0xff, 0x08, 0x00, 0x00,
  0x00, 0xe2, 0x0f, 0x04, 0x3b, 0x78, 0x38, 0x92, 0x06, 0x00, 0x50, 0x00,
  0x00, 0x02, 0x00, 0x08, 0x00, 0x6e, 0x0e, 0x00, 0x3c, 0x72, 0x74, 0x30,
  0x58, 0x00, 0x00, 0x00, 0xff, 0x08, 0x00, 0x00, 0x00, 0xf0, 0x4f, 0x04,
  0x3c, 0x72, 0x76, 0x30, 0x5a, 0x00, 0x00, 0x00, 0xff, 0x08, 0x00, 0x00,
  0x00, 0xe2, 0x0f, 0x04, 0x3b, 0x78, 0x58, 0x92, 0x06, 0x00, 0x58, 0x00,
  0x00, 0x02, 0x00, 0x08, 0x00, 0xae, 0x0e, 0x00, 0x3c, 0x72, 0x78, 0x30,
  0x54, 0x00, 0x00, 0x00, 0xff, 0x08, 0x00, 0x00, 0x00, 0xf0, 0x8f, 0x04,
  0x3c, 0x72, 0x7a, 0x30, 0x56, 0x00, 0x00, 0x00, 0xff, 0x08, 0x00, 0x00,
  0x00, 0xe2, 0x0f, 0x04, 0x3b, 0x78, 0x54, 0x92, 0x06, 0x00, 0x60, 0x00,
  0x00, 0x02, 0x00, 0x08, 0x00, 0xee, 0x0e, 0x00, 0x3c, 0x72, 0x44, 0x30,
  0x44, 0x00, 0x00, 0x00, 0xff, 0x08, 0x00, 0x00, 0x00, 0xf0, 0x0f, 0x05,
  0x3c, 0x72, 0x46, 0x30, 0x46, 0x00, 0x00, 0x00, 0xff, 0x08, 0x00, 0x00,
  0x00, 0xf0, 0x0f, 0x04, 0x3c, 0x72, 0x7c, 0x30, 0x34, 0x00, 0x00, 0x00,
  0xff, 0x08, 0x00, 0x00, 0x00, 0xf0, 0x0f, 0x06, 0x3c, 0x72, 0x6a, 0x30,
  0x36, 0x00, 0x00, 0x00, 0xff, 0x08, 0x00, 0x00, 0x00, 0xe2, 0x0f, 0x04,
  0x3b, 0x78, 0x34, 0x92, 0x06, 0x00, 0x70, 0x00, 0x00, 0x02, 0x00, 0x08,
  0x00, 0xee, 0x0f, 0x00, 0x3c, 0x72, 0x62, 0x30, 0x48, 0x00, 0x00, 0x00,
  0xff, 0x08, 0x00, 0x00, 0x00, 0xf0, 0x0f, 0x04, 0x3c, 0x72, 0x66, 0x30,
  0x4a, 0x00, 0x00, 0x00, 0xff, 0x08, 0x00, 0x00, 0x00, 0xe2, 0x0f, 0x04,
  0x3b, 0x78, 0x48, 0x91, 0x06, 0x00, 0x48, 0x00, 0x00, 0x02, 0x00, 0x08,
  0x00, 0xee, 0x0f, 0x00, 0x3c, 0x72, 0x64, 0x30, 0x3c, 0x00, 0x00, 0x00,
  0xff, 0x08, 0x00, 0x00, 0x00, 0xf0, 0x0f, 0x04, 0x3c, 0x72, 0x68, 0x30,
  0x3e, 0x00, 0x00, 0x00, 0xff, 0x08, 0x00, 0x00, 0x00, 0xe2, 0x0f, 0x04,
  0x3b, 0x78, 0x3c, 0x91, 0x06, 0x00, 0x60, 0x00, 0x00, 0x02, 0x00, 0x08,
  0x00, 0xee, 0x0f, 0x00, 0x3c, 0x72, 0x6c, 0x30, 0x40, 0x00, 0x00, 0x00,
  0xff, 0x08, 0x00, 0x00, 0x00, 0xf0, 0x0f, 0x04, 0x3c, 0x72, 0x6e, 0x30,
  0x42, 0x00, 0x00, 0x00, 0xff, 0x08, 0x00, 0x00, 0x00, 0xe2, 0x0f, 0x00,
  0x3b, 0x78, 0x30, 0x92, 0x06, 0x00, 0x68, 0x00, 0x00, 0x02, 0x00, 0x08,
  0x00, 0x28, 0x0f, 0x00, 0x3b, 0x78, 0x40, 0x91, 0x06, 0x00, 0x58, 0x00,
  0x00, 0x02, 0x00, 0x08, 0x00, 0xe6, 0x0f, 0x00, 0x3c, 0x72, 0x70, 0x2c,
  0x50, 0x00, 0x00, 0x00, 0x70, 0x08, 0x00, 0x00, 0x00, 0xf0, 0x0f, 0x04,
  0x3c, 0x72, 0x72, 0x2c, 0x52, 0x00, 0x00, 0x00, 0x72, 0x08, 0x00, 0x00,
  0x00, 0xe2, 0x0f, 0x04, 0x3b, 0x78, 0x50, 0x92, 0x06, 0x00, 0x78, 0x00,
  0x00, 0x02, 0x00, 0x08, 0x00, 0x6e, 0x0f, 0x00, 0x3c, 0x72, 0x78, 0x2c,
  0x38, 0x00, 0x00, 0x00, 0x78, 0x08, 0x00, 0x00, 0x00, 0xf0, 0x2f, 0x04,
  0x3c, 0x72, 0x7a, 0x2c, 0x3a, 0x00, 0x00, 0x00, 0x7a, 0x08, 0x00, 0x00,
  0x00, 0xe2, 0x0f, 0x04, 0x3b, 0x78, 0x38, 0x94, 0x04, 0x00, 0x00, 0x00,
  0x00, 0x02, 0x00, 0x08, 0x00, 0xee, 0x0f, 0x00, 0x3c, 0x72, 0x58, 0x2c,
  0x58, 0x00, 0x00, 0x00, 0x44, 0x08, 0x00, 0x00, 0x00, 0xf0, 0x4f, 0x04,
  0x3c, 0x72, 0x5a, 0x2c, 0x5a, 0x00, 0x00, 0x00, 0x46, 0x08, 0x00, 0x00,
  0x00, 0xe2, 0x0f, 0x04, 0x3b, 0x78, 0x44, 0x91, 0x06, 0x00, 0x50, 0x00,
  0x00, 0x02, 0x00, 0x08, 0x00, 0x6e, 0x0e, 0x00, 0x3c, 0x72, 0x74, 0x2c,
  0x4c, 0x00, 0x00, 0x00, 0x74, 0x08, 0x00, 0x00, 0x00, 0xf0, 0x0f, 0x04,
  0x3c, 0x72, 0x76, 0x2c, 0x4e, 0x00, 0x00, 0x00, 0x76, 0x08, 0x00, 0x00,
  0x00, 0xe2, 0x0f, 0x04, 0x3b, 0x78, 0x4c, 0x91, 0x06, 0x00, 0x40, 0x00,
  0x00, 0x02, 0x00, 0x08, 0x00, 0xae, 0x0e, 0x00, 0x3c, 0x72, 0x7c, 0x2c,
  0x54, 0x00, 0x00, 0x00, 0x7c, 0x08, 0x00, 0x00, 0x00, 0xf0, 0x8f, 0x04,
  0x3c, 0x72, 0x6a, 0x2c, 0x56, 0x00, 0x00, 0x00, 0x6a, 0x08, 0x00, 0x00,
  0x00, 0xe2, 0x0f, 0x04, 0x3b, 0x78, 0x54, 0x91, 0x06, 0x00, 0x68, 0x00,
  0x00, 0x02, 0x00, 0x08, 0x00, 0xee, 0x0e, 0x00, 0x3c, 0x72, 0x62, 0x2c,
  0x30, 0x00, 0x00, 0x00, 0x62, 0x08, 0x00, 0x00, 0x00, 0xf0, 0x0f, 0x05,
  0x3c, 0x72, 0x66, 0x2c, 0x32, 0x00, 0x00, 0x00, 0x66, 0x08, 0x00, 0x00,
  0x00, 0xe2, 0x0f, 0x04, 0x3b, 0x78, 0x30, 0x91, 0x06, 0x00, 0x70, 0x00,
  0x00, 0x02, 0x00, 0x08, 0x00, 0x2e, 0x0f, 0x00, 0x3c, 0x72, 0x64, 0x2c,
  0x34, 0x00, 0x00, 0x00, 0x64, 0x08, 0x00, 0x00, 0x00, 0xf0, 0x0f, 0x04,
  0x3c, 0x72, 0x68, 0x2c, 0x36, 0x00, 0x00, 0x00, 0x68, 0x08, 0x00, 0x00,
  0x00, 0xe2, 0x0f, 0x04, 0x3b, 0x78, 0x34, 0x97, 0x04, 0x00, 0x00, 0x00,
  0x00, 0x02, 0x00, 0x08, 0x00, 0xee, 0x0f, 0x00, 0x3c, 0x72, 0x6c, 0x2c,
  0x50, 0x00, 0x00, 0x00, 0x6c, 0x08, 0x00, 0x00, 0x00, 0xf0, 0x0f, 0x06,
  0x3c, 0x72, 0x6e, 0x2c, 0x52, 0x00, 0x00, 0x00, 0x6e, 0x08, 0x00, 0x00,
  0x00, 0xe2, 0x0f, 0x00, 0x3b, 0x78, 0x2c, 0x91, 0x06, 0x00, 0x78, 0x00,
  0x00, 0x02, 0x00, 0x08, 0x00, 0x68, 0x0f, 0x00, 0x3b, 0x78, 0x50, 0x93,
  0x06, 0x00, 0x40, 0x00, 0x00, 0x02, 0x00, 0x08, 0x00, 0xe6, 0x0f, 0x00,
  0x3c, 0x72, 0x78, 0x38, 0x44, 0x00, 0x00, 0x00, 0x78, 0x08, 0x00, 0x00,
  0x00, 0xf0, 0x2f, 0x04, 0x3c, 0x72, 0x7a, 0x38, 0x46, 0x00, 0x00, 0x00,
  0x7a, 0x08, 0x00, 0x00, 0x00, 0xe2, 0x0f, 0x04, 0x3b, 0x78, 0x44, 0x93,
  0x06, 0x00, 0x58, 0x00, 0x00, 0x02, 0x00, 0x08, 0x00, 0x6e, 0x0e, 0x00,
  0x3c, 0x72, 0x70, 0x38, 0x4c, 0x00, 0x00, 0x00, 0x70, 0x08, 0x00, 0x00,
  0x00, 0xf0, 0x4f, 0x04, 0x3c, 0x72, 0x72, 0x38, 0x4e, 0x00, 0x00, 0x00,
  0x72, 0x08, 0x00, 0x00, 0x00, 0xe2, 0x0f, 0x04, 0x3b, 0x78, 0x4c, 0x93,
  0x06, 0x00, 0x48, 0x00, 0x00, 0x02, 0x00, 0x08, 0x00, 0xae, 0x0e, 0x00,
  0x3c, 0x72, 0x74, 0x38, 0x48, 0x00, 0x00, 0x00, 0x74, 0x08, 0x00, 0x00,
  0x00, 0xf0, 0x0f, 0x04, 0x3c, 0x72, 0x76, 0x38, 0x4a, 0x00, 0x00, 0x00,
  0x76, 0x08, 0x00, 0x00, 0x00, 0xe2, 0x0f, 0x04, 0x3b, 0x78, 0x48, 0x93,
  0x06, 0x00, 0x50, 0x00, 0x00, 0x02, 0x00, 0x08, 0x00, 0x6e, 0x0e, 0x00,
  0x3c, 0x72, 0x58, 0x38, 0x40, 0x00, 0x00, 0x00, 0x58, 0x08, 0x00, 0x00,
  0x00, 0xf0, 0x0f, 0x04, 0x3c, 0x72, 0x5a, 0x38, 0x42, 0x00, 0x00, 0x00,
  0x5a, 0x08, 0x00, 0x00, 0x00, 0xe2, 0x0f, 0x04, 0x3b, 0x78, 0x40, 0x93,
  0x06, 0x00, 0x60, 0x00, 0x00, 0x02, 0x00, 0x08, 0x00, 0x6e, 0x0e, 0x00,
  0x3c, 0x72, 0x7c, 0x38, 0x3c, 0x00, 0x00, 0x00, 0x7c, 0x08, 0x00, 0x00,
  0x00, 0xf0, 0x0f, 0x04, 0x3c, 0x72, 0x6a, 0x38, 0x3e, 0x00, 0x00, 0x00,
  0x6a, 0x08, 0x00, 0x00, 0x00, 0xe2, 0x0f, 0x04, 0x3b, 0x78, 0x3c, 0x93,
  0x06, 0x00, 0x68, 0x00, 0x00, 0x02, 0x00, 0x08, 0x00, 0x6e, 0x0e, 0x00,
  0x3c, 0x72, 0x62, 0x38, 0x54, 0x00, 0x00, 0x00, 0x62, 0x08, 0x00, 0x00,
  0x00, 0xf0, 0x8f, 0x04, 0x3c, 0x72, 0x66, 0x38, 0x56, 0x00, 0x00, 0x00,
  0x66, 0x08, 0x00, 0x00, 0x00, 0xe2, 0x0f, 0x04, 0x3b, 0x78, 0x54, 0x93,
  0x06, 0x00, 0x78, 0x00, 0x00, 0x02, 0x00, 0x08, 0x00, 0xee, 0x0f, 0x00,
  0x3c, 0x72, 0x64, 0x38, 0x30, 0x00, 0x00, 0x00, 0x64, 0x08, 0x00, 0x00,
  0x00, 0xf0, 0x0f, 0x05, 0x3c, 0x72, 0x68, 0x38, 0x32, 0x00, 0x00, 0x00,
  0x68, 0x08, 0x00, 0x00, 0x00, 0xe2, 0x0f, 0x04, 0x3b, 0x78, 0x30, 0x93,
  0x06, 0x00, 0x70, 0x00, 0x00, 0x02, 0x00, 0x08, 0x00, 0xee, 0x0e, 0x00,
  0x3c, 0x72, 0x2c, 0x38, 0x2c, 0x00, 0x00, 0x00, 0x6c, 0x08, 0x00, 0x00,
  0x00, 0xf0, 0x0f, 0x06, 0x3c, 0x72, 0x2e, 0x38, 0x2e, 0x00, 0x00, 0x00,
  0x6e, 0x08, 0x00, 0x00, 0x00, 0xf0, 0x0f, 0x00, 0x3c, 0x72, 0x46, 0x34,
  0x46, 0x00, 0x00, 0x00, 0x5a, 0x08, 0x00, 0x00, 0x00, 0xf0, 0x2f, 0x04,
  0x3c, 0x72, 0x50, 0x34, 0x50, 0x00, 0x00, 0x00, 0x70, 0x08, 0x00, 0x00,
  0x00, 0xf0, 0x0f, 0x04, 0x3c, 0x72, 0x52, 0x34, 0x52, 0x00, 0x00, 0x00,
  0x72, 0x08, 0x00, 0x00, 0x00, 0xf0, 0x0f, 0x04, 0x3c, 0x72, 0x4c, 0x34,
  0x4c, 0x00, 0x00, 0x00, 0x74, 0x08, 0x00, 0x00, 0x00, 0xf0, 0x4f, 0x04,
  0x3c, 0x72, 0x4e, 0x34, 0x4e, 0x00, 0x00, 0x00, 0x76, 0x08, 0x00, 0x00,
  0x00, 0xf0, 0x0f, 0x04, 0x3c, 0x72, 0x48, 0x34, 0x48, 0x00, 0x00, 0x00,
  0x78, 0x08, 0x00, 0x00, 0x00, 0xf0, 0x0f, 0x04, 0x3c, 0x72, 0x4a, 0x34,
  0x4a, 0x00, 0x00, 0x00, 0x7a, 0x08, 0x00, 0x00, 0x00, 0xf0, 0x0f, 0x04,
  0x3c, 0x72, 0x44, 0x34, 0x44, 0x00, 0x00, 0x00, 0x58, 0x08, 0x00, 0x00,
  0x00, 0xf0, 0x0f, 0x04, 0x3c, 0x72, 0x7c, 0x34, 0x40, 0x00, 0x00, 0x00,
  0x7c, 0x08, 0x00, 0x00, 0x00, 0xf0, 0x0f, 0x04, 0x3c, 0x72, 0x6a, 0x34,
  0x42, 0x00, 0x00, 0x00, 0x6a, 0x08, 0x00, 0x00, 0x00, 0xf0, 0x0f, 0x04,
  0x3c, 0x72, 0x62, 0x34, 0x3c, 0x00, 0x00, 0x00, 0x62, 0x08, 0x00, 0x00,
  0x00, 0xf0, 0x0f, 0x04, 0x3c, 0x72, 0x66, 0x34, 0x3e, 0x00, 0x00, 0x00,
  0x66, 0x08, 0x00, 0x00, 0x00, 0xf0, 0x0f, 0x04, 0x3c, 0x72, 0x64, 0x34,
  0x30, 0x00, 0x00, 0x00, 0x64, 0x08, 0x00, 0x00, 0x00, 0xf0, 0x8f, 0x04,
  0x3c, 0x72, 0x68, 0x34, 0x32, 0x00, 0x00, 0x00, 0x68, 0x08, 0x00, 0x00,
  0x00, 0xf0, 0x0f, 0x04, 0x3c, 0x72, 0x54, 0x34, 0x54, 0x00, 0x00, 0x00,
  0x2c, 0x08, 0x00, 0x00, 0x00, 0xf0, 0x0f, 0x04, 0x3c, 0x72, 0x5a, 0x34,
  0x56, 0x00, 0x00, 0x00, 0x2e, 0x08, 0x00, 0x00, 0x00, 0xe2, 0x0f, 0x00,
  0x1d, 0x7b, 0x00, 0x00, 0x00, 0x00, 0x00, 0x00, 0x00, 0x00, 0x01, 0x00,
  0x00, 0xec, 0x0f, 0x00, 0x47, 0xd9, 0x00, 0x00, 0xa0, 0x00, 0x00, 0x00,
  0x00, 0x00, 0x80, 0x03, 0x00, 0xea, 0x0f, 0x00, 0x8c, 0x78, 0x00, 0x0a,
  0xff, 0x3f, 0x00, 0x00, 0x70, 0x42, 0xf0, 0x0b, 0x00, 0xe4, 0x0f, 0x00,
  0x99, 0x78, 0x07, 0x0d, 0x06, 0x00, 0x00, 0x00, 0x3f, 0x06, 0x00, 0x08,
  0x00, 0xc4, 0x0f, 0x00, 0xa5, 0x78, 0x14, 0x0c, 0x40, 0x00, 0x00, 0x00,
  0x3f, 0x00, 0x8e, 0x0f, 0x00, 0xe4, 0x0f, 0x00, 0x90, 0x78, 0x05, 0x0a,
  0x00, 0xc0, 0xff, 0xff, 0x3f, 0xe0, 0xff, 0x0f, 0x00, 0xe4, 0x0f, 0x00,
  0x24, 0x7e, 0x2c, 0xff, 0x07, 0x00, 0x00, 0x00, 0xff, 0x00, 0x8e, 0x0f,
  0x00, 0xe2, 0x0f, 0x00, 0x90, 0x78, 0x11, 0x11, 0xc0, 0xff, 0xff, 0xff,
  0x3f, 0xe0, 0xff, 0x0f, 0x00, 0xe2, 0x0f, 0x00, 0x10, 0x7c, 0x0a, 0x0a,
  0x14, 0x00, 0x00, 0x00, 0xff, 0xe0, 0xf1, 0x0f, 0x00, 0xe2, 0x0f, 0x00,
  0x90, 0x88, 0x05, 0x0a, 0x00, 0x40, 0x00, 0x00, 0x3f, 0xe0, 0xff, 0x0f,
  0x00, 0xc6, 0x0f, 0x00, 0x10, 0x7c, 0x0b, 0x0b, 0x15, 0x00, 0x00, 0x00,
  0x2c, 0xe4, 0x7f, 0x08, 0x00, 0xc8, 0x0f, 0x00, 0x82, 0x7c, 0x0a, 0x00,
  0x05, 0x00, 0x00, 0x00, 0x00, 0x00, 0x00, 0x08, 0x00, 0xe4, 0x0f, 0x00,
  0x8c, 0x78, 0x00, 0x11, 0x40, 0x00, 0x00, 0x00, 0x70, 0x12, 0xf0, 0x0b,
  0x00, 0xe2, 0x0f, 0x00, 0x10, 0x78, 0x9e, 0x89, 0x08, 0x00, 0x00, 0x00,
  0xff, 0xe0, 0xff, 0x07, 0x00, 0xe2, 0x0f, 0x00, 0x99, 0x78, 0x15, 0x0c,
  0x03, 0x00, 0x00, 0x00, 0x3f, 0x06, 0x00, 0x08, 0x00, 0xe2, 0x0f, 0x00,
  0x10, 0x7c, 0x35, 0x85, 0x0a, 0x00, 0x00, 0x00, 0xff, 0xe0, 0xff, 0x0f,
  0x00, 0xe2, 0x0f, 0x00, 0x87, 0x78, 0x05, 0x11, 0x40, 0x00, 0x00, 0x00,
  0x00, 0x00, 0x00, 0x08, 0x00, 0xe2, 0x0f, 0x00, 0x10, 0x78, 0x9d, 0x89,
  0x10, 0x00, 0x00, 0x00, 0xff, 0xe0, 0xff, 0x07, 0x00, 0xe2, 0x0f, 0x04,
  0x99, 0x78, 0x16, 0x0c, 0x03, 0x00, 0x00, 0x00, 0x0d, 0x02, 0x01, 0x08,
  0x00, 0xe2, 0x0f, 0x00, 0x10, 0x78, 0x9c, 0x89, 0x18, 0x00, 0x00, 0x00,
  0xff, 0xe0, 0xff, 0x07, 0x00, 0xe2, 0x0f, 0x04, 0x8c, 0x78, 0x00, 0x04,
  0xff, 0x1f, 0x00, 0x00, 0x70, 0x42, 0xf0, 0x0b, 0x00, 0xe2, 0x0f, 0x00,
  0x10, 0x78, 0x9b, 0x89, 0x20, 0x00, 0x00, 0x00, 0xff, 0xe0, 0xff, 0x07,
  0x00, 0xe2, 0x0f, 0x04, 0x8c, 0x78, 0x00, 0x06, 0xff, 0x3f, 0x00, 0x00,
  0x70, 0x42, 0xf2, 0x0b, 0x00, 0xe2, 0x0f, 0x00, 0x0c, 0x7c, 0x00, 0x89,
  0x05, 0x00, 0x00, 0x00, 0x70, 0x62, 0xfc, 0x0b, 0x00, 0xe2, 0x0f, 0x04,
  0x90, 0x78, 0x0f, 0x04, 0x00, 0xe0, 0xff, 0xff, 0x3f, 0xe0, 0xff, 0x0f,
  0x00, 0xe2, 0x0f, 0x00, 0x0c, 0x7c, 0x00, 0x9e, 0x05, 0x00, 0x00, 0x00,
  0x70, 0x62, 0xf0, 0x0b, 0x00, 0xe2, 0x0f, 0x00, 0x90, 0x78, 0x14, 0x06,
  0x00, 0xc0, 0xff, 0xff, 0x3f, 0xe0, 0xff, 0x0f, 0x00, 0xe2, 0x0f, 0x00,
  0x10, 0x78, 0x9a, 0x89, 0x28, 0x00, 0x00, 0x00, 0xff, 0xe0, 0xff, 0x07,
  0x00, 0xc4, 0x0f, 0x00, 0x10, 0x78, 0x99, 0x89, 0x30, 0x00, 0x00, 0x00,
  0xff, 0xe0, 0xff, 0x07, 0x00, 0xe4, 0x0f, 0x04, 0x10, 0x78, 0x98, 0x89,
  0x38, 0x00, 0x00, 0x00, 0xff, 0xe0, 0xff, 0x07, 0x00, 0xe2, 0x0f, 0x00,
  0x90, 0x88, 0x0f, 0x04, 0x00, 0x20, 0x00, 0x00, 0x3f, 0xe0, 0xff, 0x0f,
  0x00, 0xe4, 0x0f, 0x00, 0x90, 0x98, 0x14, 0x06, 0x00, 0x40, 0x00, 0x00,
  0x3f, 0xe0, 0xff, 0x0f, 0x00, 0xe4, 0x0f, 0x00, 0x84, 0xf9, 0xff, 0xff,
  0x00, 0x00, 0x00, 0x00, 0x00, 0x08, 0x00, 0x00, 0x00, 0xe2, 0x0f, 0x00,
  0x84, 0xf9, 0xff, 0xff, 0x00, 0x00, 0x00, 0x00, 0x00, 0x08, 0x00, 0x00,
  0x00, 0xe2, 0x0f, 0x00, 0x84, 0xf9, 0xff, 0xff, 0x00, 0x00, 0x00, 0x00,
  0x00, 0x08, 0x00, 0x00, 0x00, 0xe2, 0x0f, 0x00, 0xae, 0x7f, 0x35, 0x0a,
  0x00, 0x00, 0x00, 0x0c, 0x52, 0x1c, 0x10, 0x0f, 0x00, 0xe2, 0x03, 0x00,
  0x10, 0x7c, 0x2e, 0x0a, 0x15, 0x00, 0x00, 0x00, 0xff, 0xe0, 0xfd, 0x0f,
  0x00, 0xc8, 0x0f, 0x00, 0x10, 0x7c, 0x2f, 0x0b, 0x16, 0x00, 0x00, 0x00,
  0xff, 0xe4, 0x7f, 0x0b, 0x00, 0xe4, 0x0f, 0x00, 0x0c, 0x7c, 0x00, 0x9d,
  0x05, 0x00, 0x00, 0x00, 0x70, 0x62, 0xfc, 0x0b, 0x00, 0xc6, 0x0f, 0x00,
  0xae, 0x7f, 0x35, 0x2e, 0x00, 0x00, 0x80, 0x0c, 0x52, 0x1c, 0x10, 0x0c,
  0x00, 0xe2, 0x05, 0x00, 0x10, 0x7c, 0x30, 0x2e, 0x15, 0x00, 0x00, 0x00,
  0xff, 0xe0, 0xf1, 0x0f, 0x00, 0xc8, 0x0f, 0x00, 0x10, 0x7c, 0x31, 0x2f,
  0x16, 0x00, 0x00, 0x00, 0xff, 0xe4, 0x7f, 0x08, 0x00, 0xe4, 0x0f, 0x00,
  0x0c, 0x7c, 0x00, 0x9c, 0x05, 0x00, 0x00, 0x00, 0x70, 0x62, 0xf0, 0x0b,
  0x00, 0xc6, 0x0f, 0x00, 0xae, 0x7f, 0x35, 0x30, 0x00, 0x00, 0x00, 0x0d,
  0x52, 0x1c, 0x10, 0x0f, 0x00, 0xe2, 0x07, 0x00, 0x10, 0x7c, 0x2c, 0x30,
  0x15, 0x00, 0x00, 0x00, 0xff, 0xe0, 0xfd, 0x0f, 0x00, 0xc8, 0x0f, 0x00,
  0x10, 0x7c, 0x2d, 0x31, 0x16, 0x00, 0x00, 0x00, 0xff, 0xe4, 0x7f, 0x0b,
  0x00, 0xe4, 0x0f, 0x00, 0x0c, 0x7c, 0x00, 0x9b, 0x05, 0x00, 0x00, 0x00,
  0x70, 0x62, 0xfc, 0x0b, 0x00, 0xc6, 0x0f, 0x00, 0xae, 0x7f, 0x35, 0x2c,
  0x00, 0x00, 0x80, 0x0d, 0x52, 0x1c, 0x10, 0x0c, 0x00, 0xe2, 0x09, 0x00,
  0x10, 0x7c, 0x32, 0x2c, 0x15, 0x00, 0x00, 0x00, 0xff, 0xe0, 0xf1, 0x0f,
  0x00, 0xc8, 0x0f, 0x00, 0x10, 0x7c, 0x33, 0x2d, 0x16, 0x00, 0x00, 0x00,
  0xff, 0xe4, 0x7f, 0x08, 0x00, 0xe4, 0x0f, 0x00, 0x0c, 0x7c, 0x00, 0x9a,
  0x05, 0x00, 0x00, 0x00, 0x70, 0x62, 0xf0, 0x0b, 0x00, 0xc6, 0x0f, 0x00,
  0xae, 0x7f, 0x35, 0x32, 0x00, 0x00, 0x00, 0x0e, 0x52, 0x1c, 0x10, 0x0f,
  0x00, 0xe2, 0x0b, 0x00, 0x10, 0x7c, 0x30, 0x32, 0x15, 0x00, 0x00, 0x00,
  0xff, 0xe0, 0xfd, 0x0f, 0x00, 0xc8, 0x8f, 0x00, 0x10, 0x7c, 0x31, 0x33,
  0x16, 0x00, 0x00, 0x00, 0xff, 0xe4, 0x7f, 0x0b, 0x00, 0xe4, 0x0f, 0x00,
  0x10, 0x7c, 0x2e, 0x30, 0x15, 0x00, 0x00, 0x00, 0xff, 0xe0, 0xfd, 0x0f,
  0x00, 0xc6, 0x4f, 0x00, 0xae, 0x7f, 0x35, 0x30, 0x00, 0x00, 0x80, 0x0e,
  0x52, 0x1c, 0x10, 0x0c, 0x00, 0xe2, 0x0b, 0x00, 0x10, 0x7c, 0x2f, 0x31,
  0x16, 0x00, 0x00, 0x00, 0xff, 0xe4, 0x7f, 0x0b, 0x00, 0xe4, 0x0f, 0x00,
  0x10, 0x7c, 0x2c, 0x2e, 0x15, 0x00, 0x00, 0x00, 0xff, 0xe0, 0xfd, 0x0f,
  0x00, 0xe4, 0x0f, 0x01, 0x0c, 0x7c, 0x00, 0x99, 0x05, 0x00, 0x00, 0x00,
  0x70, 0x62, 0xf0, 0x0b, 0x00, 0xe4, 0x0f, 0x00, 0x10, 0x7c, 0x2d, 0x2f,
  0x16, 0x00, 0x00, 0x00, 0xff, 0xe4, 0x7f, 0x0b, 0x00, 0xe4, 0x0f, 0x00,
  0x0c, 0x7c, 0x00, 0x98, 0x05, 0x00, 0x00, 0x00, 0x70, 0x62, 0xfc, 0x0b,
  0x00, 0xd2, 0x0f, 0x00, 0xae, 0x7f, 0x35, 0x2e, 0x00, 0x00, 0x00, 0x0f,
  0x52, 0x1c, 0x10, 0x0c, 0x00, 0xe2, 0x03, 0x00, 0x0c, 0x7c, 0x00, 0xff,
  0x17, 0x00, 0x00, 0x00, 0x70, 0x52, 0xf0, 0x0b, 0x00, 0xc6, 0x0f, 0x00,
  0xae, 0x7f, 0x35, 0x2c, 0x00, 0x00, 0x80, 0x0f, 0x52, 0x1c, 0x10, 0x0f,
  0x00, 0xe2, 0x03, 0x00, 0x0c, 0x7c, 0x00, 0x0c, 0x08, 0x00, 0x00, 0x00,
  0x70, 0x46, 0x70, 0x08, 0x00, 0xc6, 0x0f, 0x00, 0xaf, 0x79, 0x00, 0x00,
  0x00, 0x00, 0x00, 0x00, 0x00, 0x00, 0x00, 0x00, 0x00, 0x22, 0x0e, 0x00,
  0x1a, 0x79, 0x00, 0x00, 0x40, 0x80, 0x00, 0x00, 0x00, 0x00, 0x00, 0x00,
  0x00, 0xc8, 0x0f, 0x00, 0x1d, 0x7b, 0x00, 0x00, 0x00, 0x00, 0x00, 0x00,
  0x00, 0x00, 0x01, 0x00, 0x00, 0xec, 0x0f, 0x00, 0x3b, 0x78, 0x30, 0x9f,
  0x0f, 0x00, 0x00, 0x00, 0x00, 0x02, 0x00, 0x08, 0x00, 0xe8, 0x0f, 0x02,
  0x3b, 0x78, 0x34, 0x96, 0x14, 0x00, 0x40, 0x00, 0x00, 0x02, 0x00, 0x08,
  0x00, 0x68, 0x2e, 0x00, 0x3b, 0x78, 0x3c, 0x96, 0x14, 0x00, 0x48, 0x00,
  0x00, 0x02, 0x00, 0x08, 0x00, 0xa8, 0x0e, 0x00, 0x3b, 0x78, 0x40, 0x96,
  0x14, 0x00, 0x50, 0x00, 0x00, 0x02, 0x00, 0x08, 0x00, 0xe8, 0x0e, 0x00,
  0x3b, 0x78, 0x38, 0x96, 0x14, 0x00, 0x58, 0x00, 0x00, 0x02, 0x00, 0x08,
  0x00, 0x28, 0x0f, 0x00, 0x3b, 0x78, 0x2c, 0x96, 0x14, 0x00, 0x60, 0x00,
  0x00, 0x02, 0x00, 0x08, 0x00, 0x62, 0x0f, 0x00, 0x3c, 0x72, 0x56, 0x30,
  0x34, 0x00, 0x00, 0x00, 0x50, 0x08, 0x00, 0x00, 0x00, 0xf0, 0x2f, 0x04,
  0x3c, 0x72, 0x58, 0x30, 0x36, 0x00, 0x00, 0x00, 0x52, 0x08, 0x00, 0x00,
  0x00, 0xe2, 0x0f, 0x04, 0x3b, 0x78, 0x50, 0x96, 0x14, 0x00, 0x78, 0x00,
  0x00, 0x02, 0x00, 0x08, 0x00, 0xe8, 0x0f, 0x00, 0x3b, 0x78, 0x34, 0x92,
  0x14, 0x00, 0x40, 0x00, 0x00, 0x02, 0x00, 0x08, 0x00, 0xe6, 0x0f, 0x00,
  0x3c, 0x72, 0x6c, 0x30, 0x3c, 0x00, 0x00, 0x00, 0x4c, 0x08, 0x00, 0x00,
  0x00, 0xf0, 0x4f, 0x04, 0x3c, 0x72, 0x6e, 0x30, 0x3e, 0x00, 0x00, 0x00,
  0x4e, 0x08, 0x00, 0x00, 0x00, 0xe2, 0x0f, 0x04, 0x3b, 0x78, 0x4c, 0x96,
  0x14, 0x00, 0x70, 0x00, 0x00, 0x02, 0x00, 0x08, 0x00, 0x68, 0x0e, 0x00,
  0x3b, 0x78, 0x3c, 0x95, 0x0f, 0x00, 0x00, 0x00, 0x00, 0x02, 0x00, 0x08,
  0x00, 0xe6, 0x0f, 0x00, 0x3c, 0x72, 0x70, 0x30, 0x40, 0x00, 0x00, 0x00,
  0x48, 0x08, 0x00, 0x00, 0x00, 0xf0, 0x8f, 0x04, 0x3c, 0x72, 0x72, 0x30,
  0x42, 0x00, 0x00, 0x00, 0x4a, 0x08, 0x00, 0x00, 0x00, 0xe2, 0x0f, 0x04,
  0x3b, 0x78, 0x40, 0x96, 0x14, 0x00, 0x68, 0x00, 0x00, 0x02, 0x00, 0x08,
  0x00, 0xa8, 0x0e, 0x00, 0x3b, 0x78, 0x48, 0x92, 0x14, 0x00, 0x58, 0x00,
  0x00, 0x02, 0x00, 0x08, 0x00, 0xe6, 0x0f, 0x00, 0x3c, 0x72, 0x76, 0x30,
  0x38, 0x00, 0x00, 0x00, 0x44, 0x08, 0x00, 0x00, 0x00, 0xf0, 0x0f, 0x05,
  0x3c, 0x72, 0x78, 0x30, 0x3a, 0x00, 0x00, 0x00, 0x46, 0x08, 0x00, 0x00,
  0x00, 0xe2, 0x0f, 0x04, 0x3b, 0x78, 0x44, 0x92, 0x14, 0x00, 0x50, 0x00,
  0x00, 0x02, 0x00, 0x08, 0x00, 0xe8, 0x0e, 0x00, 0x3b, 0x78, 0x38, 0x92,
  0x14, 0x00, 0x48, 0x00, 0x00, 0x02, 0x00, 0x08, 0x00, 0x26, 0x0f, 0x00,
  0x3c, 0x72, 0x7c, 0x30, 0x2c, 0x00, 0x00, 0x00, 0x7c, 0x08, 0x00, 0x00,
  0x00, 0xf0, 0x0f, 0x06, 0x3c, 0x72, 0x6a, 0x30, 0x2e, 0x00, 0x00, 0x00,
  0x6a, 0x08, 0x00, 0x00, 0x00, 0xe2, 0x0f, 0x04, 0x3b, 0x78, 0x2c, 0x92,
  0x14, 0x00, 0x60, 0x00, 0x00, 0x02, 0x00, 0x08, 0x00, 0x6e, 0x0f, 0x00,
  0x3c, 0x72, 0x64, 0x30, 0x4c, 0x00, 0x00, 0x00, 0x64, 0x08, 0x00, 0x00,
  0x00, 0xf0, 0x2f, 0x04, 0x3c, 0x72, 0x62, 0x30, 0x40, 0x00, 0x00, 0x00,
  0x62, 0x08, 0x00, 0x00, 0x00, 0xf0, 0x4f, 0x04, 0x3c, 0x72, 0x66, 0x30,
  0x42, 0x00, 0x00, 0x00, 0x66, 0x08, 0x00, 0x00, 0x00, 0xe2, 0x0f, 0x04,
  0x3b, 0x78, 0x40, 0x92, 0x14, 0x00, 0x70, 0x00, 0x00, 0x02, 0x00, 0x08,
  0x00, 0xee, 0x0f, 0x00, 0x3c, 0x72, 0x68, 0x30, 0x4e, 0x00, 0x00, 0x00,
  0x68, 0x08, 0x00, 0x00, 0x00, 0xe2, 0x0f, 0x04, 0x3b, 0x78, 0x4c, 0x91,
  0x14, 0x00, 0x48, 0x00, 0x00, 0x02, 0x00, 0x08, 0x00, 0xee, 0x0f, 0x00,
  0x3c, 0x72, 0x74, 0x30, 0x50, 0x00, 0x00, 0x00, 0x54, 0x08, 0x00, 0x00,
  0x00, 0xf0, 0x0f, 0x04, 0x3c, 0x72, 0x5a, 0x30, 0x52, 0x00, 0x00, 0x00,
  0x5a, 0x08, 0x00, 0x00, 0x00, 0xe2, 0x0f, 0x00, 0x3b, 0x78, 0x30, 0x92,
  0x14, 0x00, 0x68, 0x00, 0x00, 0x02, 0x00, 0x08, 0x00, 0x68, 0x0e, 0x00,
  0x3b, 0x78, 0x50, 0x91, 0x14, 0x00, 0x50, 0x00, 0x00, 0x02, 0x00, 0x08,
  0x00, 0xe6, 0x0f, 0x00, 0x3c, 0x72, 0x70, 0x3c, 0x44, 0x00, 0x00, 0x00,
  0x70, 0x08, 0x00, 0x00, 0x00, 0xf0, 0x8f, 0x04, 0x3c, 0x72, 0x72, 0x3c,
  0x46, 0x00, 0x00, 0x00, 0x72, 0x08, 0x00, 0x00, 0x00, 0xe2, 0x0f, 0x04,
  0x3b, 0x78, 0x44, 0x92, 0x14, 0x00, 0x78, 0x00, 0x00, 0x02, 0x00, 0x08,
  0x00, 0xae, 0x0e, 0x00, 0x3c, 0x72, 0x6c, 0x3c, 0x38, 0x00, 0x00, 0x00,
  0x6c, 0x08, 0x00, 0x00, 0x00, 0xf0, 0x0f, 0x05, 0x3c, 0x72, 0x6e, 0x3c,
  0x3a, 0x00, 0x00, 0x00, 0x6e, 0x08, 0x00, 0x00, 0x00, 0xe2, 0x0f, 0x04,
  0x3b, 0x78, 0x38, 0x94, 0x0f, 0x00, 0x00, 0x00, 0x00, 0x02, 0x00, 0x08,
  0x00, 0xee, 0x0e, 0x00, 0x3c, 0x72, 0x7c, 0x3c, 0x2c, 0x00, 0x00, 0x00,
  0x7c, 0x08, 0x00, 0x00, 0x00, 0xf0, 0x0f, 0x06, 0x3c, 0x72, 0x6a, 0x3c,
  0x2e, 0x00, 0x00, 0x00, 0x6a, 0x08, 0x00, 0x00, 0x00, 0xe2, 0x0f, 0x04,
  0x3b, 0x78, 0x2c, 0x91, 0x14, 0x00, 0x60, 0x00, 0x00, 0x02, 0x00, 0x08,
  0x00, 0x2e, 0x0f, 0x00, 0x3c, 0x72, 0x7a, 0x3c, 0x34, 0x00, 0x00, 0x00,
  0x56, 0x08, 0x00, 0x00, 0x00, 0xe2, 0x0f, 0x04, 0x3b, 0x78, 0x54, 0x91,
  0x14, 0x00, 0x58, 0x00, 0x00, 0x02, 0x00, 0x08, 0x00, 0xee, 0x0f, 0x00,
  0x3c, 0x72, 0x58, 0x3c, 0x36, 0x00, 0x00, 0x00, 0x58, 0x08, 0x00, 0x00,
  0x00, 0xe2, 0x0f, 0x04, 0x3b, 0x78, 0x34, 0x91, 0x14, 0x00, 0x68, 0x00,
  0x00, 0x02, 0x00, 0x08, 0x00, 0x6e, 0x0f, 0x00, 0x3c, 0x72, 0x76, 0x3c,
  0x48, 0x00, 0x00, 0x00, 0x76, 0x08, 0x00, 0x00, 0x00, 0xf0, 0x0f, 0x04,
  0x3c, 0x72, 0x78, 0x3c, 0x4a, 0x00, 0x00, 0x00, 0x78, 0x08, 0x00, 0x00,
  0x00, 0xe2, 0x0f, 0x04, 0x3b, 0x78, 0x48, 0x91, 0x14, 0x00, 0x40, 0x00,
  0x00, 0x02, 0x00, 0x08, 0x00, 0xee, 0x0e, 0x00, 0x3c, 0x72, 0x62, 0x3c,
  0x30, 0x00, 0x00, 0x00, 0x62, 0x08, 0x00, 0x00, 0x00, 0xf0, 0x2f, 0x04,
  0x3c, 0x72, 0x66, 0x3c, 0x32, 0x00, 0x00, 0x00, 0x66, 0x08, 0x00, 0x00,
  0x00, 0xe2, 0x0f, 0x04, 0x3b, 0x78, 0x30, 0x91, 0x14, 0x00, 0x70, 0x00,
  0x00, 0x02, 0x00, 0x08, 0x00, 0x6e, 0x0e, 0x00, 0x3c, 0x72, 0x64, 0x3c,
  0x40, 0x00, 0x00, 0x00, 0x64, 0x08, 0x00, 0x00, 0x00, 0xf0, 0x0f, 0x04,
  0x3c, 0x72, 0x68, 0x3c, 0x42, 0x00, 0x00, 0x00, 0x68, 0x08, 0x00, 0x00,
  0x00, 0xe2, 0x0f, 0x04, 0x3b, 0x78, 0x40, 0x97, 0x0f, 0x00, 0x00, 0x00,
  0x00, 0x02, 0x00, 0x08, 0x00, 0xee, 0x0f, 0x00, 0x3c, 0x72, 0x74, 0x3c,
  0x44, 0x00, 0x00, 0x00, 0x74, 0x08, 0x00, 0x00, 0x00, 0xf0, 0x4f, 0x04,
  0x3c, 0x72, 0x5a, 0x3c, 0x46, 0x00, 0x00, 0x00, 0x5a, 0x08, 0x00, 0x00,
  0x00, 0xe2, 0x0f, 0x00, 0x3b, 0x78, 0x3c, 0x91, 0x14, 0x00, 0x78, 0x00,
  0x00, 0x02, 0x00, 0x08, 0x00, 0xa8, 0x0e, 0x00, 0x3b, 0x78, 0x44, 0x93,
  0x14, 0x00, 0x40, 0x00, 0x00, 0x02, 0x00, 0x08, 0x00, 0xe6, 0x0f, 0x00,
  0x3c, 0x72, 0x70, 0x38, 0x50, 0x00, 0x00, 0x00, 0x70, 0x08, 0x00, 0x00,
  0x00, 0xf0, 0x8f, 0x04, 0x3c, 0x72, 0x72, 0x38, 0x52, 0x00, 0x00, 0x00,
  0x72, 0x08, 0x00, 0x00, 0x00, 0xe2, 0x0f, 0x04, 0x3b, 0x78, 0x50, 0x93,
  0x14, 0x00, 0x48, 0x00, 0x00, 0x02, 0x00, 0x08, 0x00, 0xee, 0x0e, 0x00,
  0x3c, 0x72, 0x6c, 0x38, 0x4c, 0x00, 0x00, 0x00, 0x6c, 0x08, 0x00, 0x00,
  0x00, 0xf0, 0x0f, 0x04, 0x3c, 0x72, 0x6e, 0x38, 0x4e, 0x00, 0x00, 0x00,
  0x6e, 0x08, 0x00, 0x00, 0x00, 0xe2, 0x0f, 0x04, 0x3b, 0x78, 0x4c, 0x93,
  0x14, 0x00, 0x50, 0x00, 0x00, 0x02, 0x00, 0x08, 0x00, 0x6e, 0x0e, 0x00,
  0x3c, 0x72, 0x7c, 0x38, 0x2c, 0x00, 0x00, 0x00, 0x7c, 0x08, 0x00, 0x00,
  0x00, 0xf0, 0x0f, 0x05, 0x3c, 0x72, 0x6a, 0x38, 0x2e, 0x00, 0x00, 0x00,
  0x6a, 0x08, 0x00, 0x00, 0x00, 0xe2, 0x0f, 0x04, 0x3b, 0x78, 0x2c, 0x93,
  0x14, 0x00, 0x68, 0x00, 0x00, 0x02, 0x00, 0x08, 0x00, 0x2e, 0x0f, 0x00,
  0x3c, 0x72, 0x62, 0x38, 0x34, 0x00, 0x00, 0x00, 0x62, 0x08, 0x00, 0x00,
  0x00, 0xf0, 0x0f, 0x06, 0x3c, 0x72, 0x66, 0x38, 0x36, 0x00, 0x00, 0x00,
  0x66, 0x08, 0x00, 0x00, 0x00, 0xe2, 0x0f, 0x04, 0x3b, 0x78, 0x34, 0x93,
  0x14, 0x00, 0x60, 0x00, 0x00, 0x02, 0x00, 0x08, 0x00, 0x6e, 0x0f, 0x00,
  0x3c, 0x72, 0x7a, 0x38, 0x48, 0x00, 0x00, 0x00, 0x7a, 0x08, 0x00, 0x00,
  0x00, 0xf0, 0x0f, 0x04, 0x3c, 0x72, 0x58, 0x38, 0x4a, 0x00, 0x00, 0x00,
  0x58, 0x08, 0x00, 0x00, 0x00, 0xe2, 0x0f, 0x04, 0x3b, 0x78, 0x48, 0x93,
  0x14, 0x00, 0x58, 0x00, 0x00, 0x02, 0x00, 0x08, 0x00, 0xee, 0x0e, 0x00,
  0x3c, 0x72, 0x76, 0x38, 0x54, 0x00, 0x00, 0x00, 0x76, 0x08, 0x00, 0x00,
  0x00, 0xf0, 0x0f, 0x04, 0x3c, 0x72, 0x78, 0x38, 0x56, 0x00, 0x00, 0x00,
  0x78, 0x08, 0x00, 0x00, 0x00, 0xe2, 0x0f, 0x04, 0x3b, 0x78, 0x54, 0x93,
  0x14, 0x00, 0x78, 0x00, 0x00, 0x02, 0x00, 0x08, 0x00, 0xee, 0x0f, 0x00,
  0x3c, 0x72, 0x64, 0x38, 0x30, 0x00, 0x00, 0x00, 0x64, 0x08, 0x00, 0x00,
  0x00, 0xf0, 0x2f, 0x04, 0x3c, 0x72, 0x68, 0x38, 0x32, 0x00, 0x00, 0x00,
  0x68, 0x08, 0x00, 0x00, 0x00, 0xe2, 0x0f, 0x04, 0x3b, 0x78, 0x30, 0x93,
  0x14, 0x00, 0x70, 0x00, 0x00, 0x02, 0x00, 0x08, 0x00, 0x6e, 0x0e, 0x00,
  0x3c, 0x72, 0x3c, 0x38, 0x3c, 0x00, 0x00, 0x00, 0x74, 0x08, 0x00, 0x00,
  0x00, 0xf0, 0x4f, 0x04, 0x3c, 0x72, 0x3e, 0x38, 0x3e, 0x00, 0x00, 0x00,
  0x5a, 0x08, 0x00, 0x00, 0x00, 0xf0, 0x0f, 0x00, 0x3c, 0x72, 0x50, 0x40,
  0x50, 0x00, 0x00, 0x00, 0x6c, 0x08, 0x00, 0x00, 0x00, 0xf0, 0x8f, 0x04,
  0x3c, 0x72, 0x52, 0x40, 0x52, 0x00, 0x00, 0x00, 0x6e, 0x08, 0x00, 0x00,
  0x00, 0xf0, 0x0f, 0x04, 0x3c, 0x72, 0x44, 0x40, 0x44, 0x00, 0x00, 0x00,
  0x7a, 0x08, 0x00, 0x00, 0x00, 0xf0, 0x0f, 0x04, 0x3c, 0x72, 0x46, 0x40,
  0x46, 0x00, 0x00, 0x00, 0x58, 0x08, 0x00, 0x00, 0x00, 0xe2, 0x0f, 0x00,
  0x32, 0x7a, 0x51, 0x51, 0x00, 0xdd, 0x00, 0x00, 0x00, 0x00, 0x00, 0x00,
  0x00, 0xc4, 0x0f, 0x00, 0x32, 0x7a, 0x50, 0x50, 0x00, 0xdd, 0x00, 0x00,
  0x00, 0x00, 0x00, 0x00, 0x00, 0xc6, 0x0f, 0x00, 0x40, 0x78, 0x51, 0x51,
  0xff, 0x7b, 0xff, 0x7b, 0x00, 0x02, 0x84, 0x03, 0x00, 0xe4, 0x0f, 0x00,
  0x3c, 0x72, 0x4e, 0x40, 0x4e, 0x00, 0x00, 0x00, 0x72, 0x08, 0x00, 0x00,
  0x00, 0xe2, 0x0f, 0x04, 0x32, 0x7a, 0x38, 0x53, 0x00, 0xdd, 0x00, 0x00,
  0x00, 0x00, 0x00, 0x00, 0x00, 0xe2, 0x0f, 0x00, 0x40, 0x78, 0x50, 0x50,
  0xff, 0x7b, 0xff, 0x7b, 0x00, 0x02, 0x84, 0x03, 0x00, 0xe2, 0x0f, 0x00,
  0x30, 0x72, 0x97, 0xff, 0x51, 0x00, 0x00, 0x20, 0x00, 0x41, 0x00, 0x00,
  0x00, 0xe2, 0x0f, 0x10, 0x32, 0x7a, 0x52, 0x52, 0x00, 0xdd, 0x00, 0x00,
  0x00, 0x00, 0x00, 0x00, 0x00, 0xe2, 0x0f, 0x00, 0x30, 0x72, 0x53, 0xff,
  0x51, 0x00, 0x00, 0x30, 0x00, 0x41, 0x00, 0x00, 0x00, 0xe2, 0x0f, 0x00,
  0x40, 0x78, 0x38, 0x38, 0xff, 0x7b, 0xff, 0x7b, 0x00, 0x02, 0x84, 0x03,
  0x00, 0xe2, 0x0f, 0x00, 0x30, 0x72, 0x72, 0xff, 0x50, 0x00, 0x00, 0x20,
  0x00, 0x41, 0x00, 0x00, 0x00, 0xe2, 0x0f, 0x00, 0x3c, 0x72, 0x4c, 0x40,
  0x4c, 0x00, 0x00, 0x00, 0x70, 0x08, 0x00, 0x00, 0x00, 0xe2, 0x0f, 0x04,
  0x32, 0x7a, 0x44, 0x44, 0x00, 0xdd, 0x00, 0x00, 0x00, 0x00, 0x00, 0x00,
  0x00, 0xe2, 0x0f, 0x00, 0x40, 0x78, 0x52, 0x52, 0xff, 0x7b, 0xff, 0x7b,
  0x00, 0x02, 0x84, 0x03, 0x00, 0xe2, 0x0f, 0x00, 0x30, 0x72, 0x6d, 0xff,
  0x38, 0x00, 0x00, 0x20, 0x00, 0x41, 0x00, 0x00, 0x00, 0xe2, 0x0f, 0x10,
  0x32, 0x7a, 0x45, 0x45, 0x00, 0xdd, 0x00, 0x00, 0x00, 0x00, 0x00, 0x00,
  0x00, 0xe2, 0x0f, 0x00, 0x30, 0x72, 0x51, 0xff, 0x38, 0x00, 0x00, 0x30,
  0x00, 0x41, 0x00, 0x00, 0x00, 0xe2, 0x0f, 0x00, 0x40, 0x78, 0x44, 0x44,
  0xff, 0x7b, 0xff, 0x7b, 0x00, 0x02, 0x84, 0x03, 0x00, 0xe2, 0x0f, 0x00,
  0x30, 0x72, 0x50, 0xff, 0x50, 0x00, 0x00, 0x30, 0x00, 0x41, 0x00, 0x00,
  0x00, 0xe2, 0x0f, 0x00, 0x3c, 0x72, 0x2c, 0x40, 0x2c, 0x00, 0x00, 0x00,
  0x62, 0x08, 0x00, 0x00, 0x00, 0xe2, 0x0f, 0x01, 0x32, 0x7a, 0x46, 0x46,
  0x00, 0xdd, 0x00, 0x00, 0x00, 0x00, 0x00, 0x00, 0x00, 0xe2, 0x0f, 0x00,
  0x40, 0x78, 0x45, 0x45, 0xff, 0x7b, 0xff, 0x7b, 0x00, 0x02, 0x84, 0x03,
  0x00, 0xe2, 0x0f, 0x00, 0x30, 0x72, 0x5a, 0xff, 0x44, 0x00, 0x00, 0x30,
  0x00, 0x41, 0x00, 0x00, 0x00, 0xe2, 0x0f, 0x00, 0x32, 0x7a, 0x47, 0x47,
  0x00, 0xdd, 0x00, 0x00, 0x00, 0x00, 0x00, 0x00, 0x00, 0xc4, 0x0f, 0x00,
  0x40, 0x78, 0x46, 0x46, 0xff, 0x7b, 0xff, 0x7b, 0x00, 0x02, 0x84, 0x03,
  0x00, 0xe2, 0x0f, 0x00, 0x30, 0x72, 0x62, 0xff, 0x44, 0x00, 0x00, 0x20,
  0x00, 0x41, 0x00, 0x00, 0x00, 0xe2, 0x0f, 0x00, 0x3c, 0x72, 0x36, 0x40,
  0x36, 0x00, 0x00, 0x00, 0x6a, 0x08, 0x00, 0x00, 0x00, 0xe2, 0x0f, 0x06,
  0x32, 0x7a, 0x4e, 0x4e, 0x00, 0xdd, 0x00, 0x00, 0x00, 0x00, 0x00, 0x00,
  0x00, 0xe2, 0x0f, 0x00, 0x40, 0x78, 0x47, 0x47, 0xff, 0x7b, 0xff, 0x7b,
  0x00, 0x02, 0x84, 0x03, 0x00, 0xe2, 0x0f, 0x00, 0x30, 0x72, 0x74, 0xff,
  0x46, 0x00, 0x00, 0x20, 0x00, 0x41, 0x00, 0x00, 0x00, 0xe4, 0x0f, 0x10,
  0x30, 0x72, 0x58, 0xff, 0x46, 0x00, 0x00, 0x30, 0x00, 0x41, 0x00, 0x00,
  0x00, 0xe2, 0x0f, 0x00, 0x40, 0x78, 0x38, 0x4e, 0xff, 0x7b, 0xff, 0x7b,
  0x00, 0x02, 0x84, 0x03, 0x00, 0xe2, 0x0f, 0x00, 0x30, 0x72, 0xa3, 0xff,
  0x45, 0x00, 0x00, 0x20, 0x00, 0x41, 0x00, 0x00, 0x00, 0xe2, 0x0f, 0x00,
  0x3c, 0x72, 0x48, 0x40, 0x48, 0x00, 0x00, 0x00, 0x76, 0x08, 0x00, 0x00,
  0x00, 0xe2, 0x0f, 0x00, 0x32, 0x7a, 0x39, 0x4c, 0x00, 0xdd, 0x00, 0x00,
  0x00, 0x00, 0x00, 0x00, 0x00, 0xe2, 0x0f, 0x00, 0x30, 0x72, 0xa1, 0xff,
  0x47, 0x00, 0x00, 0x20, 0x00, 0x41, 0x00, 0x00, 0x00, 0xe2, 0x0f, 0x00,
  0x32, 0x7a, 0x4d, 0x4d, 0x00, 0xdd, 0x00, 0x00, 0x00, 0x00, 0x00, 0x00,
  0x00, 0xe2, 0x0f, 0x00, 0x30, 0x72, 0x4e, 0xff, 0x38, 0x00, 0x00, 0x20,
  0x00, 0x41, 0x00, 0x00, 0x00, 0xc4, 0x0f, 0x00, 0x40, 0x78, 0x39, 0x39,
  0xff, 0x7b, 0xff, 0x7b, 0x00, 0x02, 0x84, 0x03, 0x00, 0xe2, 0x0f, 0x00,
  0x30, 0x72, 0x44, 0xff, 0x38, 0x00, 0x00, 0x30, 0x00, 0x41, 0x00, 0x00,
  0x00, 0xe2, 0x0f, 0x00, 0x3c, 0x72, 0x4a, 0x40, 0x4a, 0x00, 0x00, 0x00,
  0x78, 0x08, 0x00, 0x00, 0x00, 0xe2, 0x0f, 0x04, 0x32, 0x7a, 0x2c, 0x2c,
  0x00, 0xdd, 0x00, 0x00, 0x00, 0x00, 0x00, 0x00, 0x00, 0xe2, 0x0f, 0x00,
  0x40, 0x78, 0x4d, 0x4d, 0xff, 0x7b, 0xff, 0x7b, 0x00, 0x02, 0x84, 0x03,
  0x00, 0xe2, 0x0f, 0x00, 0x32, 0x7a, 0x2d, 0x2d, 0x00, 0xdd, 0x00, 0x00,
  0x00, 0x00, 0x00, 0x00, 0x00, 0xe2, 0x0f, 0x00, 0x30, 0x72, 0x46, 0xff,
  0x39, 0x00, 0x00, 0x30, 0x00, 0x41, 0x00, 0x00, 0x00, 0xe4, 0x0f, 0x00,
  0x40, 0x78, 0x2c, 0x2c, 0xff, 0x7b, 0xff, 0x7b, 0x00, 0x02, 0x84, 0x03,
  0x00, 0xe2, 0x0f, 0x00, 0x30, 0x72, 0x5b, 0xff, 0x47, 0x00, 0x00, 0x30,
  0x00, 0x41, 0x00, 0x00, 0x00, 0xe2, 0x0f, 0x00, 0x3c, 0x72, 0x34, 0x40,
  0x34, 0x00, 0x00, 0x00, 0x7c, 0x08, 0x00, 0x00, 0x00, 0xe2, 0x0f, 0x00,
  0x32, 0x7a, 0x36, 0x36, 0x00, 0xdd, 0x00, 0x00, 0x00, 0x00, 0x00, 0x00,
  0x00, 0xe2, 0x0f, 0x00, 0x40, 0x78, 0x2d, 0x2d, 0xff, 0x7b, 0xff, 0x7b,
  0x00, 0x02, 0x84, 0x03, 0x00, 0xe2, 0x0f, 0x00, 0x32, 0x7a, 0x37, 0x37,
  0x00, 0xdd, 0x00, 0x00, 0x00, 0x00, 0x00, 0x00, 0x00, 0xe2, 0x0f, 0x00,
  0x30, 0x72, 0x6c, 0xff, 0x2c, 0x00, 0x00, 0x20, 0x00, 0x41, 0x00, 0x00,
  0x00, 0xc4, 0x0f, 0x00, 0x40, 0x78, 0x36, 0x36, 0xff, 0x7b, 0xff, 0x7b,
  0x00, 0x02, 0x84, 0x03, 0x00, 0xe2, 0x0f, 0x00, 0x30, 0x72, 0x3a, 0xff,
  0x2c, 0x00, 0x00, 0x30, 0x00, 0x41, 0x00, 0x00, 0x00, 0xe2, 0x0f, 0x00,
  0x3c, 0x72, 0x32, 0x40, 0x32, 0x00, 0x00, 0x00, 0x68, 0x08, 0x00, 0x00,
  0x00, 0xe2, 0x2f, 0x04, 0x32, 0x7a, 0x48, 0x48, 0x00, 0xdd, 0x00, 0x00,
  0x00, 0x00, 0x00, 0x00, 0x00, 0xe2, 0x0f, 0x00, 0x40, 0x78, 0x37, 0x37,
  0xff, 0x7b, 0xff, 0x7b, 0x00, 0x02, 0x84, 0x03, 0x00, 0xe2, 0x0f, 0x00,
  0x32, 0x7a, 0x49, 0x49, 0x00, 0xdd, 0x00, 0x00, 0x00, 0x00, 0x00, 0x00,
  0x00, 0xe2, 0x0f, 0x00, 0x30, 0x72, 0x7d, 0xff, 0x2d, 0x00, 0x00, 0x20,
  0x00, 0x41, 0x00, 0x00, 0x00, 0xe4, 0x0f, 0x00, 0x40, 0x78, 0x48, 0x48,
  0xff, 0x7b, 0xff, 0x7b, 0x00, 0x02, 0x84, 0x03, 0x00, 0xe2, 0x0f, 0x00,
  0x30, 0x72, 0x6a, 0xff, 0x52, 0x00, 0x00, 0x20, 0x00, 0x41, 0x00, 0x00,
  0x00, 0xe2, 0x0f, 0x10, 0x3c, 0x72, 0x54, 0x40, 0x54, 0x00, 0x00, 0x00,
  0x3c, 0x08, 0x00, 0x00, 0x00, 0xe2, 0x0f, 0x00, 0x32, 0x7a, 0x38, 0x4a,
  0x00, 0xdd, 0x00, 0x00, 0x00, 0x00, 0x00, 0x00, 0x00, 0xe2, 0x0f, 0x00,
  0x40, 0x78, 0x49, 0x49, 0xff, 0x7b, 0xff, 0x7b, 0x00, 0x02, 0x84, 0x03,
  0x00, 0xe2, 0x0f, 0x00, 0x32, 0x7a, 0x4b, 0x4b, 0x00, 0xdd, 0x00, 0x00,
  0x00, 0x00, 0x00, 0x00, 0x00, 0xe2, 0x0f, 0x00, 0x30, 0x72, 0x4c, 0xff,
  0x52, 0x00, 0x00, 0x30, 0x00, 0x41, 0x00, 0x00, 0x00, 0xc4, 0x0f, 0x00,
  0x40, 0x78, 0x38, 0x38, 0xff, 0x7b, 0xff, 0x7b, 0x00, 0x02, 0x84, 0x03,
  0x00, 0xe2, 0x0f, 0x00, 0x30, 0x72, 0x68, 0xff, 0x36, 0x00, 0x00, 0x20,
  0x00, 0x41, 0x00, 0x00, 0x00, 0xe2, 0x0f, 0x10, 0x3c, 0x72, 0x2e, 0x40,
  0x2e, 0x00, 0x00, 0x00, 0x66, 0x08, 0x00, 0x00, 0x00, 0xe2, 0x0f, 0x04,
  0x32, 0x7a, 0x34, 0x34, 0x00, 0xdd, 0x00, 0x00, 0x00, 0x00, 0x00, 0x00,
  0x00, 0xe2, 0x0f, 0x00, 0x40, 0x78, 0x4b, 0x4b, 0xff, 0x7b, 0xff, 0x7b,
  0x00, 0x02, 0x84, 0x03, 0x00, 0xe2, 0x0f, 0x00, 0x32, 0x7a, 0x35, 0x35,
  0x00, 0xdd, 0x00, 0x00, 0x00, 0x00, 0x00, 0x00, 0x00, 0xe2, 0x0f, 0x00,
  0x30, 0x72, 0x3c, 0xff, 0x36, 0x00, 0x00, 0x30, 0x00, 0x41, 0x00, 0x00,
  0x00, 0xe4, 0x0f, 0x00, 0x40, 0x78, 0x34, 0x34, 0xff, 0x7b, 0xff, 0x7b,
  0x00, 0x02, 0x84, 0x03, 0x00, 0xe2, 0x0f, 0x00, 0x30, 0x72, 0x66, 0xff,
  0x39, 0x00, 0x00, 0x20, 0x00, 0x41, 0x00, 0x00, 0x00, 0xe2, 0x0f, 0x00,
  0x3c, 0x72, 0x30, 0x40, 0x30, 0x00, 0x00, 0x00, 0x64, 0x08, 0x00, 0x00,
  0x00, 0xe2, 0x0f, 0x04, 0x32, 0x7a, 0x32, 0x32, 0x00, 0xdd, 0x00, 0x00,
  0x00, 0x00, 0x00, 0x00, 0x00, 0xe2, 0x0f, 0x00, 0x40, 0x78, 0x35, 0x35,
  0xff, 0x7b, 0xff, 0x7b, 0x00, 0x02, 0x84, 0x03, 0x00, 0xe2, 0x0f, 0x00,
  0x32, 0x7a, 0x33, 0x33, 0x00, 0xdd, 0x00, 0x00, 0x00, 0x00, 0x00, 0x00,
  0x00, 0xe2, 0x0f, 0x00, 0x30, 0x72, 0x79, 0xff, 0x37, 0x00, 0x00, 0x20,
  0x00, 0x41, 0x00, 0x00, 0x00, 0xe2, 0x0f, 0x00, 0x32, 0x7a, 0x39, 0x4f,
  0x00, 0xdd, 0x00, 0x00, 0x00, 0x00, 0x00, 0x00, 0x00, 0xe2, 0x0f, 0x00,
  0x40, 0x78, 0x32, 0x32, 0xff, 0x7b, 0xff, 0x7b, 0x00, 0x02, 0x84, 0x03,
  0x00, 0xe2, 0x0f, 0x00, 0x30, 0x72, 0x65, 0xff, 0x45, 0x00, 0x00, 0x30,
  0x00, 0x41, 0x00, 0x00, 0x00, 0xe2, 0x0f, 0x00, 0x3c, 0x72, 0x56, 0x40,
  0x56, 0x00, 0x00, 0x00, 0x3e, 0x08, 0x00, 0x00, 0x00, 0xe2, 0x0f, 0x00,
  0x32, 0x7a, 0x54, 0x54, 0x00, 0xdd, 0x00, 0x00, 0x00, 0x00, 0x00, 0x00,
  0x00, 0xe2, 0x0f, 0x00, 0x40, 0x78, 0x33, 0x33, 0xff, 0x7b, 0xff, 0x7b,
  0x00, 0x02, 0x84, 0x03, 0x00, 0xe2, 0x0f, 0x00, 0x32, 0x7a, 0x55, 0x55,
  0x00, 0xdd, 0x00, 0x00, 0x00, 0x00, 0x00, 0x00, 0x00, 0xe2, 0x0f, 0x00,
  0x40, 0x78, 0x39, 0x39, 0xff, 0x7b, 0xff, 0x7b, 0x00, 0x02, 0x84, 0x03,
  0x00, 0xe2, 0x0f, 0x00, 0x30, 0x72, 0x69, 0xff, 0x4d, 0x00, 0x00, 0x20,
  0x00, 0x41, 0x00, 0x00, 0x00, 0xe2, 0x0f, 0x00, 0x40, 0x78, 0x54, 0x54,
  0xff, 0x7b, 0xff, 0x7b, 0x00, 0x02, 0x84, 0x03, 0x00, 0xe2, 0x0f, 0x00,
  0x30, 0x72, 0x41, 0xff, 0x2d, 0x00, 0x00, 0x30, 0x00, 0x41, 0x00, 0x00,
  0x00, 0xe2, 0x0f, 0x00, 0x32, 0x7a, 0x2e, 0x2e, 0x00, 0xdd, 0x00, 0x00,
  0x00, 0x00, 0x00, 0x00, 0x00, 0xe2, 0x0f, 0x00, 0x40, 0x78, 0x2c, 0x55,
  0xff, 0x7b, 0xff, 0x7b, 0x00, 0x02, 0x84, 0x03, 0x00, 0xe2, 0x0f, 0x00,
  0x32, 0x7a, 0x2f, 0x2f, 0x00, 0xdd, 0x00, 0x00, 0x00, 0x00, 0x00, 0x00,
  0x00, 0xe2, 0x0f, 0x00, 0x30, 0x72, 0x43, 0xff, 0x37, 0x00, 0x00, 0x30,
  0x00, 0x41, 0x00, 0x00, 0x00, 0xc4, 0x0f, 0x00, 0x40, 0x78, 0x2e, 0x2e,
  0xff, 0x7b, 0xff, 0x7b, 0x00, 0x02, 0x84, 0x03, 0x00, 0xe2, 0x0f, 0x00,
  0x30, 0x72, 0x4f, 0xff, 0x4d, 0x00, 0x00, 0x30, 0x00, 0x41, 0x00, 0x00,
  0x00, 0xe2, 0x0f, 0x00, 0x40, 0x78, 0x2f, 0x2f, 0xff, 0x7b, 0xff, 0x7b,
  0x00, 0x02, 0x84, 0x03, 0x00, 0xe2, 0x0f, 0x00, 0x32, 0x7a, 0x30, 0x30,
  0x00, 0xdd, 0x00, 0x00, 0x00, 0x00, 0x00, 0x00, 0x00, 0xe2, 0x0f, 0x00,
  0x30, 0x72, 0x4a, 0xff, 0x48, 0x00, 0x00, 0x20, 0x00, 0x41, 0x00, 0x00,
  0x00, 0xe2, 0x0f, 0x10, 0x32, 0x7a, 0x31, 0x31, 0x00, 0xdd, 0x00, 0x00,
  0x00, 0x00, 0x00, 0x00, 0x00, 0xe2, 0x0f, 0x00, 0x30, 0x72, 0x42, 0xff,
  0x48, 0x00, 0x00, 0x30, 0x00, 0x41, 0x00, 0x00, 0x00, 0xe4, 0x0f, 0x00,
  0x40, 0x78, 0x30, 0x30, 0xff, 0x7b, 0xff, 0x7b, 0x00, 0x02, 0x84, 0x03,
  0x00, 0xe2, 0x0f, 0x00, 0x30, 0x72, 0x71, 0xff, 0x49, 0x00, 0x00, 0x20,
  0x00, 0x41, 0x00, 0x00, 0x00, 0xe2, 0x0f, 0x00, 0x40, 0x78, 0x31, 0x31,
  0xff, 0x7b, 0xff, 0x7b, 0x00, 0x02, 0x84, 0x03, 0x00, 0xe2, 0x0f, 0x00,
  0x32, 0x7a, 0x56, 0x56, 0x00, 0xdd, 0x00, 0x00, 0x00, 0x00, 0x00, 0x00,
  0x00, 0xe2, 0x0f, 0x00, 0x30, 0x72, 0x52, 0xff, 0x38, 0x00, 0x00, 0x20,
  0x00, 0x41, 0x00, 0x00, 0x00, 0xe2, 0x0f, 0x10, 0x32, 0x7a, 0x57, 0x57,
  0x00, 0xdd, 0x00, 0x00, 0x00, 0x00, 0x00, 0x00, 0x00, 0xe2, 0x0f, 0x00,
  0x30, 0x72, 0x40, 0xff, 0x38, 0x00, 0x00, 0x30, 0x00, 0x41, 0x00, 0x00,
  0x00, 0xc4, 0x0f, 0x00, 0x40, 0x78, 0x2d, 0x56, 0xff, 0x7b, 0xff, 0x7b,
  0x00, 0x02, 0x84, 0x03, 0x00, 0xe2, 0x0f, 0x00, 0x30, 0x72, 0x73, 0xff,
  0x4b, 0x00, 0x00, 0x20, 0x00, 0x41, 0x00, 0x00, 0x00, 0xe2, 0x0f, 0x10,
  0x40, 0x78, 0x57, 0x57, 0xff, 0x7b, 0xff, 0x7b, 0x00, 0x02, 0x84, 0x03,
  0x00, 0xe2, 0x0f, 0x00, 0x30, 0x72, 0x47, 0xff, 0x4b, 0x00, 0x00, 0x30,
  0x00, 0x41, 0x00, 0x00, 0x00, 0xe4, 0x0f, 0x00, 0x30, 0x72, 0x64, 0xff,
  0x34, 0x00, 0x00, 0x20, 0x00, 0x41, 0x00, 0x00, 0x00, 0xe4, 0x0f, 0x10,
  0x30, 0x72, 0x3e, 0xff, 0x34, 0x00, 0x00, 0x30, 0x00, 0x41, 0x00, 0x00,
  0x00, 0xe4, 0x0f, 0x00, 0x30, 0x72, 0x75, 0xff, 0x35, 0x00, 0x00, 0x20,
  0x00, 0x41, 0x00, 0x00, 0x00, 0xe4, 0x0f, 0x10, 0x30, 0x72, 0x45, 0xff,
  0x35, 0x00, 0x00, 0x30, 0x00, 0x41, 0x00, 0x00, 0x00, 0xc4, 0x0f, 0x00,
  0x30, 0x72, 0x36, 0xff, 0x32, 0x00, 0x00, 0x20, 0x00, 0x41, 0x00, 0x00,
  0x00, 0xe4, 0x0f, 0x00, 0x30, 0x72, 0x3d, 0xff, 0x33, 0x00, 0x00, 0x20,
  0x00, 0x41, 0x00, 0x00, 0x00, 0xe4, 0x0f, 0x10, 0x30, 0x72, 0x37, 0xff,
  0x33, 0x00, 0x00, 0x30, 0x00, 0x41, 0x00, 0x00, 0x00, 0xe4, 0x0f, 0x00,
  0x30, 0x72, 0x56, 0xff, 0x54, 0x00, 0x00, 0x20, 0x00, 0x41, 0x00, 0x00,
  0x00, 0xe4, 0x0f, 0x00, 0x30, 0x72, 0x6f, 0xff, 0x39, 0x00, 0x00, 0x20,
  0x00, 0x41, 0x00, 0x00, 0x00, 0xe4, 0x0f, 0x10, 0x30, 0x72, 0x4d, 0xff,
  0x39, 0x00, 0x00, 0x30, 0x00, 0x41, 0x00, 0x00, 0x00, 0xc4, 0x0f, 0x00,
  0x30, 0x72, 0x49, 0xff, 0x49, 0x00, 0x00, 0x30, 0x00, 0x41, 0x00, 0x00,
  0x00, 0xe4, 0x0f, 0x00, 0x30, 0x72, 0x6e, 0xff, 0x2e, 0x00, 0x00, 0x20,
  0x00, 0x41, 0x00, 0x00, 0x00, 0xe4, 0x0f, 0x10, 0x30, 0x72, 0x38, 0xff,
  0x2e, 0x00, 0x00, 0x30, 0x00, 0x41, 0x00, 0x00, 0x00, 0xe4, 0x0f, 0x00,
  0x30, 0x72, 0xb3, 0xff, 0x2f, 0x00, 0x00, 0x20, 0x00, 0x41, 0x00, 0x00,
  0x00, 0xe4, 0x0f, 0x10, 0x30, 0x72, 0x93, 0xff, 0x2f, 0x00, 0x00, 0x30,
  0x00, 0x41, 0x00, 0x00, 0x00, 0xe4, 0x0f, 0x00, 0x30, 0x72, 0x76, 0xff,
  0x30, 0x00, 0x00, 0x20, 0x00, 0x41, 0x00, 0x00, 0x00, 0xc4, 0x0f, 0x00,
  0x30, 0x72, 0x70, 0xff, 0x30, 0x00, 0x00, 0x30, 0x00, 0x41, 0x00, 0x00,
  0x00, 0xe4, 0x0f, 0x00, 0x30, 0x72, 0xb1, 0xff, 0x31, 0x00, 0x00, 0x20,
  0x00, 0x41, 0x00, 0x00, 0x00, 0xe4, 0x0f, 0x10, 0x30, 0x72, 0x3f, 0xff,
  0x31, 0x00, 0x00, 0x30, 0x00, 0x41, 0x00, 0x00, 0x00, 0xe4, 0x0f, 0x00,
  0x30, 0x72, 0x32, 0xff, 0x32, 0x00, 0x00, 0x30, 0x00, 0x41, 0x00, 0x00,
  0x00, 0xe4, 0x0f, 0x00, 0x30, 0x72, 0x54, 0xff, 0x54, 0x00, 0x00, 0x30,
  0x00, 0x41, 0x00, 0x00, 0x00, 0xe4, 0x0f, 0x00, 0x30, 0x72, 0x55, 0xff,
  0x2c, 0x00, 0x00, 0x20, 0x00, 0x41, 0x00, 0x00, 0x00, 0xc4, 0x0f, 0x00,
  0x30, 0x72, 0x4b, 0xff, 0x2c, 0x00, 0x00, 0x30, 0x00, 0x41, 0x00, 0x00,
  0x00, 0xe4, 0x0f, 0x00, 0x30, 0x72, 0x48, 0xff, 0x2d, 0x00, 0x00, 0x20,
  0x00, 0x41, 0x00, 0x00, 0x00, 0xe4, 0x0f, 0x10, 0x30, 0x72, 0x34, 0xff,
  0x2d, 0x00, 0x00, 0x30, 0x00, 0x41, 0x00, 0x00, 0x00, 0xe4, 0x0f, 0x00,
  0x30, 0x72, 0x35, 0xff, 0x57, 0x00, 0x00, 0x20, 0x00, 0x41, 0x00, 0x00,
  0x00, 0xe4, 0x0f, 0x10, 0x30, 0x72, 0x33, 0xff, 0x57, 0x00, 0x00, 0x30,
  0x00, 0x41, 0x00, 0x00, 0x00, 0xe2, 0x0f, 0x00, 0x47, 0x09, 0x00, 0x00,
  0x10, 0x08, 0x00, 0x00, 0x00, 0x00, 0x80, 0x03, 0x00, 0xea, 0x0f, 0x00,
  0x11, 0x7c, 0x2d, 0x7f, 0x08, 0x00, 0x00, 0x00, 0xff, 0x08, 0x8e, 0x0f,
  0x00, 0xca, 0x0f, 0x00, 0x24, 0x78, 0x2c, 0x80, 0x10, 0x00, 0x00, 0x00,
  0x2d, 0x02, 0x8e, 0x07, 0x00, 0xca, 0x0f, 0x00, 0x10, 0x78, 0x2e, 0x2c,
  0x01, 0x00, 0x00, 0x00, 0xff, 0xe0, 0xff, 0x07, 0x00, 0xe4, 0x0f, 0x04,
  0x0c, 0x72, 0x00, 0x2c, 0x8d, 0x00, 0x00, 0x00, 0x70, 0x62, 0xfc, 0x03,
  0x00, 0xe4, 0x0f, 0x08, 0x0c, 0x72, 0x00, 0x2e, 0x8d, 0x00, 0x00, 0x00,
  0x70, 0x62, 0xf0, 0x03, 0x00, 0xe4, 0x0f, 0x00, 0x10, 0x78, 0x30, 0x2c,
  0x08, 0x00, 0x00, 0x00, 0xff, 0xe0, 0xff, 0x07, 0x00, 0xe4, 0x0f, 0x04,
  0x10, 0x78, 0x2e, 0x2c, 0x09, 0x00, 0x00, 0x00, 0xff, 0xe0, 0xff, 0x07,
  0x00, 0xe4, 0x0f, 0x00, 0x08, 0x78, 0x62, 0x62, 0xff, 0xff, 0x7f, 0xff,
  0x00, 0x00, 0x00, 0x07, 0x00, 0xc4, 0x0f, 0x00, 0x08, 0x78, 0xa3, 0xa3,
  0xff, 0xff, 0x7f, 0xff, 0x00, 0x00, 0x00, 0x07, 0x00, 0xe4, 0x0f, 0x00,
  0x08, 0x78, 0x5a, 0x5a, 0xff, 0xff, 0x7f, 0xff, 0x00, 0x00, 0x00, 0x04,
  0x00, 0xe4, 0x0f, 0x00, 0x08, 0x78, 0x65, 0x65, 0xff, 0xff, 0x7f, 0xff,
  0x00, 0x00, 0x00, 0x04, 0x00, 0xe4, 0x0f, 0x00, 0x0c, 0x72, 0x00, 0x30,
  0x8d, 0x00, 0x00, 0x00, 0x70, 0x62, 0xfc, 0x03, 0x00, 0xe4, 0x0f, 0x08,
  0x0c, 0x72, 0x00, 0x2e, 0x8d, 0x00, 0x00, 0x00, 0x70, 0x62, 0xf0, 0x03,
  0x00, 0xe4, 0x0f, 0x00, 0x10, 0x78, 0x2e, 0x2c, 0x10, 0x00, 0x00, 0x00,
  0xff, 0xe0, 0xff, 0x07, 0x00, 0xc4, 0x0f, 0x00, 0x10, 0x78, 0x30, 0x2c,
  0x11, 0x00, 0x00, 0x00, 0xff, 0xe0, 0xff, 0x07, 0x00, 0xe4, 0x0f, 0x00,
  0x08, 0x78, 0x74, 0x74, 0xff, 0xff, 0x7f, 0xff, 0x00, 0x00, 0x00, 0x07,
  0x00, 0xe4, 0x0f, 0x00, 0x08, 0x78, 0xa1, 0xa1, 0xff, 0xff, 0x7f, 0xff,
  0x00, 0x00, 0x00, 0x07, 0x00, 0xe4, 0x0f, 0x00, 0x0c, 0x72, 0x00, 0x2e,
  0x8d, 0x00, 0x00, 0x00, 0x70, 0x62, 0xfc, 0x03, 0x00, 0xe4, 0x0f, 0x00,
  0x08, 0x78, 0x58, 0x58, 0xff, 0xff, 0x7f, 0xff, 0x00, 0x00, 0x00, 0x04,
  0x00, 0xe4, 0x0f, 0x00, 0x08, 0x78, 0x5b, 0x5b, 0xff, 0xff, 0x7f, 0xff,
  0x00, 0x00, 0x00, 0x04, 0x00, 0xc4, 0x0f, 0x00, 0x0c, 0x72, 0x00, 0x30,
  0x8d, 0x00, 0x00, 0x00, 0x70, 0x62, 0xf0, 0x03, 0x00, 0xe4, 0x0f, 0x08,
  0x10, 0x78, 0x2e, 0x2c, 0x18, 0x00, 0x00, 0x00, 0xff, 0xe0, 0xff, 0x07,
  0x00, 0xe4, 0x0f, 0x04, 0x10, 0x78, 0x30, 0x2c, 0x19, 0x00, 0x00, 0x00,
  0xff, 0xe0, 0xff, 0x07, 0x00, 0xe4, 0x0f, 0x00, 0x08, 0x78, 0x72, 0x72,
  0xff, 0xff, 0x7f, 0xff, 0x00, 0x00, 0x00, 0x07, 0x00, 0xe4, 0x0f, 0x00,
  0x08, 0x78, 0x97, 0x97, 0xff, 0xff, 0x7f, 0xff, 0x00, 0x00, 0x00, 0x07,
  0x00, 0xe4, 0x0f, 0x00, 0x0c, 0x72, 0x00, 0x2e, 0x8d, 0x00, 0x00, 0x00,
  0x70, 0x62, 0xfc, 0x03, 0x00, 0xc4, 0x0f, 0x00, 0x08, 0x78, 0x50, 0x50,
  0xff, 0xff, 0x7f, 0xff, 0x00, 0x00, 0x00, 0x04, 0x00, 0xe4, 0x0f, 0x00,
  0x08, 0x78, 0x53, 0x53, 0xff, 0xff, 0x7f, 0xff, 0x00, 0x00, 0x00, 0x04,
  0x00, 0xe4, 0x0f, 0x00, 0x0c, 0x72, 0x00, 0x30, 0x8d, 0x00, 0x00, 0x00,
  0x70, 0x62, 0xf0, 0x03, 0x00, 0xe4, 0x0f, 0x00, 0x10, 0x78, 0x2e, 0x2c,
  0x20, 0x00, 0x00, 0x00, 0xff, 0xe0, 0xff, 0x07, 0x00, 0xe4, 0x0f, 0x04,
  0x10, 0x78, 0x30, 0x2c, 0x21, 0x00, 0x00, 0x00, 0xff, 0xe0, 0xff, 0x07,
  0x00, 0xe4, 0x0f, 0x00, 0x08, 0x78, 0x6a, 0x6a, 0xff, 0xff, 0x7f, 0xff,
  0x00, 0x00, 0x00, 0x07, 0x00, 0xc4, 0x0f, 0x00, 0x08, 0x78, 0x6d, 0x6d,
  0xff, 0xff, 0x7f, 0xff, 0x00, 0x00, 0x00, 0x07, 0x00, 0xe4, 0x0f, 0x00,
  0x0c, 0x72, 0x00, 0x2e, 0x8d, 0x00, 0x00, 0x00, 0x70, 0x62, 0xfc, 0x03,
  0x00, 0xe4, 0x0f, 0x08, 0x08, 0x78, 0x4c, 0x4c, 0xff, 0xff, 0x7f, 0xff,
  0x00, 0x00, 0x00, 0x04, 0x00, 0xe4, 0x0f, 0x00, 0x08, 0x78, 0x51, 0x51,
  0xff, 0xff, 0x7f, 0xff, 0x00, 0x00, 0x00, 0x04, 0x00, 0xe4, 0x0f, 0x00,
  0x0c, 0x72, 0x00, 0x30, 0x8d, 0x00, 0x00, 0x00, 0x70, 0x62, 0xf0, 0x03,
  0x00, 0xe4, 0x0f, 0x00, 0x10, 0x78, 0x2e, 0x2c, 0x28, 0x00, 0x00, 0x00,
  0xff, 0xe0, 0xff, 0x07, 0x00, 0xc4, 0x0f, 0x00, 0x10, 0x78, 0x30, 0x2c,
  0x29, 0x00, 0x00, 0x00, 0xff, 0xe0, 0xff, 0x07, 0x00, 0xe4, 0x0f, 0x00,
  0x08, 0x78, 0x66, 0x66, 0xff, 0xff, 0x7f, 0xff, 0x00, 0x00, 0x00, 0x07,
  0x00, 0xe4, 0x0f, 0x00, 0x08, 0x78, 0x69, 0x69, 0xff, 0xff, 0x7f, 0xff,
  0x00, 0x00, 0x00, 0x07, 0x00, 0xe4, 0x0f, 0x00, 0x0c, 0x72, 0x00, 0x2e,
  0x8d, 0x00, 0x00, 0x00, 0x70, 0x62, 0xfc, 0x03, 0x00, 0xe4, 0x0f, 0x00,
  0x08, 0x78, 0x46, 0x46, 0xff, 0xff, 0x7f, 0xff, 0x00, 0x00, 0x00, 0x04,
  0x00, 0xe4, 0x0f, 0x00, 0x08, 0x78, 0x4f, 0x4f, 0xff, 0xff, 0x7f, 0xff,
  0x00, 0x00, 0x00, 0x04, 0x00, 0xc4, 0x0f, 0x00, 0x0c, 0x72, 0x00, 0x30,
  0x8d, 0x00, 0x00, 0x00, 0x70, 0x62, 0xf0, 0x03, 0x00, 0xe4, 0x0f, 0x08,
  0x10, 0x78, 0x2e, 0x2c, 0x30, 0x00, 0x00, 0x00, 0xff, 0xe0, 0xff, 0x07,
  0x00, 0xe4, 0x0f, 0x04, 0x10, 0x78, 0x30, 0x2c, 0x31, 0x00, 0x00, 0x00,
  0xff, 0xe0, 0xff, 0x07, 0x00, 0xe4, 0x0f, 0x00, 0x08, 0x78, 0x4e, 0x4e,
  0xff, 0xff, 0x7f, 0xff, 0x00, 0x00, 0x00, 0x07, 0x00, 0xe4, 0x0f, 0x00,
  0x08, 0x78, 0x6f, 0x6f, 0xff, 0xff, 0x7f, 0xff, 0x00, 0x00, 0x00, 0x07,
  0x00, 0xe4, 0x0f, 0x00, 0x0c, 0x72, 0x00, 0x2e, 0x8d, 0x00, 0x00, 0x00,
  0x70, 0x62, 0xfc, 0x03, 0x00, 0xc4, 0x0f, 0x00, 0x08, 0x78, 0x44, 0x44,
  0xff, 0xff, 0x7f, 0xff, 0x00, 0x00, 0x00, 0x04, 0x00, 0xe4, 0x0f, 0x00,
  0x08, 0x78, 0x4d, 0x4d, 0xff, 0xff, 0x7f, 0xff, 0x00, 0x00, 0x00, 0x04,
  0x00, 0xe4, 0x0f, 0x00, 0x0c, 0x72, 0x00, 0x30, 0x8d, 0x00, 0x00, 0x00,
  0x70, 0x62, 0xf0, 0x03, 0x00, 0xe4, 0x0f, 0x00, 0x10, 0x78, 0x2e, 0x2c,
  0x38, 0x00, 0x00, 0x00, 0xff, 0xe0, 0xff, 0x07, 0x00, 0xe4, 0x0f, 0x04,
  0x10, 0x78, 0x30, 0x2c, 0x39, 0x00, 0x00, 0x00, 0xff, 0xe0, 0xff, 0x07,
  0x00, 0xe4, 0x0f, 0x00, 0x08, 0x78, 0x4a, 0x4a, 0xff, 0xff, 0x7f, 0xff,
  0x00, 0x00, 0x00, 0x07, 0x00, 0xc4, 0x0f, 0x00, 0x08, 0x78, 0x71, 0x71,
  0xff, 0xff, 0x7f, 0xff, 0x00, 0x00, 0x00, 0x07, 0x00, 0xe4, 0x0f, 0x00,
  0x0c, 0x72, 0x00, 0x2e, 0x8d, 0x00, 0x00, 0x00, 0x70, 0x62, 0xfc, 0x03,
  0x00, 0xe4, 0x0f, 0x08, 0x08, 0x78, 0x42, 0x42, 0xff, 0xff, 0x7f, 0xff,
  0x00, 0x00, 0x00, 0x04, 0x00, 0xe4, 0x0f, 0x00, 0x08, 0x78, 0x49, 0x49,
  0xff, 0xff, 0x7f, 0xff, 0x00, 0x00, 0x00, 0x04, 0x00, 0xe4, 0x0f, 0x00,
  0x0c, 0x72, 0x00, 0x30, 0x8d, 0x00, 0x00, 0x00, 0x70, 0x62, 0xf0, 0x03,
  0x00, 0xe4, 0x0f, 0x00, 0x10, 0x78, 0x2e, 0x2c, 0x40, 0x00, 0x00, 0x00,
  0xff, 0xe0, 0xff, 0x07, 0x00, 0xc4, 0x0f, 0x00, 0x10, 0x78, 0x30, 0x2c,
  0x41, 0x00, 0x00, 0x00, 0xff, 0xe0, 0xff, 0x07, 0x00, 0xe4, 0x0f, 0x00,
  0x08, 0x78, 0x52, 0x52, 0xff, 0xff, 0x7f, 0xff, 0x00, 0x00, 0x00, 0x07,
  0x00, 0xe4, 0x0f, 0x00, 0x08, 0x78, 0x73, 0x73, 0xff, 0xff, 0x7f, 0xff,
  0x00, 0x00, 0x00, 0x07, 0x00, 0xe4, 0x0f, 0x00, 0x0c, 0x72, 0x00, 0x2e,
  0x8d, 0x00, 0x00, 0x00, 0x70, 0x62, 0xfc, 0x03, 0x00, 0xe4, 0x0f, 0x00,
  0x08, 0x78, 0x40, 0x40, 0xff, 0xff, 0x7f, 0xff, 0x00, 0x00, 0x00, 0x04,
  0x00, 0xe4, 0x0f, 0x00, 0x08, 0x78, 0x47, 0x47, 0xff, 0xff, 0x7f, 0xff,
  0x00, 0x00, 0x00, 0x04, 0x00, 0xc4, 0x0f, 0x00, 0x0c, 0x72, 0x00, 0x30,
  0x8d, 0x00, 0x00, 0x00, 0x70, 0x62, 0xf0, 0x03, 0x00, 0xe4, 0x0f, 0x08,
  0x10, 0x78, 0x2e, 0x2c, 0x48, 0x00, 0x00, 0x00, 0xff, 0xe0, 0xff, 0x07,
  0x00, 0xe4, 0x0f, 0x04, 0x10, 0x78, 0x30, 0x2c, 0x49, 0x00, 0x00, 0x00,
  0xff, 0xe0, 0xff, 0x07, 0x00, 0xe4, 0x0f, 0x00, 0x08, 0x78, 0x64, 0x64,
  0xff, 0xff, 0x7f, 0xff, 0x00, 0x00, 0x00, 0x07, 0x00, 0xe4, 0x0f, 0x00,
  0x08, 0x78, 0x75, 0x75, 0xff, 0xff, 0x7f, 0xff, 0x00, 0x00, 0x00, 0x07,
  0x00, 0xe4, 0x0f, 0x00, 0x0c, 0x72, 0x00, 0x2e, 0x8d, 0x00, 0x00, 0x00,
  0x70, 0x62, 0xfc, 0x03, 0x00, 0xc4, 0x0f, 0x00, 0x08, 0x78, 0x3e, 0x3e,
  0xff, 0xff, 0x7f, 0xff, 0x00, 0x00, 0x00, 0x04, 0x00, 0xe4, 0x0f, 0x00,
  0x08, 0x78, 0x45, 0x45, 0xff, 0xff, 0x7f, 0xff, 0x00, 0x00, 0x00, 0x04,
  0x00, 0xe4, 0x0f, 0x00, 0x0c, 0x72, 0x00, 0x30, 0x8d, 0x00, 0x00, 0x00,
  0x70, 0x62, 0xf0, 0x03, 0x00, 0xe4, 0x0f, 0x00, 0x10, 0x78, 0x2e, 0x2c,
  0x50, 0x00, 0x00, 0x00, 0xff, 0xe0, 0xff, 0x07, 0x00, 0xe4, 0x0f, 0x04,
  0x10, 0x78, 0x30, 0x2c, 0x51, 0x00, 0x00, 0x00, 0xff, 0xe0, 0xff, 0x07,
  0x00, 0xe4, 0x0f, 0x00, 0x08, 0x78, 0x68, 0x68, 0xff, 0xff, 0x7f, 0xff,
  0x00, 0x00, 0x00, 0x07, 0x00, 0xc4, 0x0f, 0x00, 0x08, 0x78, 0x79, 0x79,
  0xff, 0xff, 0x7f, 0xff, 0x00, 0x00, 0x00, 0x07, 0x00, 0xe4, 0x0f, 0x00,
  0x0c, 0x72, 0x00, 0x2e, 0x8d, 0x00, 0x00, 0x00, 0x70, 0x62, 0xfc, 0x03,
  0x00, 0xe4, 0x0f, 0x08, 0x08, 0x78, 0x3c, 0x3c, 0xff, 0xff, 0x7f, 0xff,
  0x00, 0x00, 0x00, 0x04, 0x00, 0xe4, 0x0f, 0x00, 0x08, 0x78, 0x43, 0x43,
  0xff, 0xff, 0x7f, 0xff, 0x00, 0x00, 0x00, 0x04, 0x00, 0xe4, 0x0f, 0x00,
  0x0c, 0x72, 0x00, 0x30, 0x8d, 0x00, 0x00, 0x00, 0x70, 0x62, 0xf0, 0x03,
  0x00, 0xe4, 0x0f, 0x00, 0x10, 0x78, 0x2e, 0x2c, 0x58, 0x00, 0x00, 0x00,
  0xff, 0xe0, 0xff, 0x07, 0x00, 0xc4, 0x0f, 0x00, 0x10, 0x78, 0x30, 0x2c,
  0x59, 0x00, 0x00, 0x00, 0xff, 0xe0, 0xff, 0x07, 0x00, 0xe4, 0x0f, 0x00,
  0x08, 0x78, 0x6c, 0x6c, 0xff, 0xff, 0x7f, 0xff, 0x00, 0x00, 0x00, 0x07,
  0x00, 0xe4, 0x0f, 0x00, 0x08, 0x78, 0x7d, 0x7d, 0xff, 0xff, 0x7f, 0xff,
  0x00, 0x00, 0x00, 0x07, 0x00, 0xe4, 0x0f, 0x00, 0x0c, 0x72, 0x00, 0x2e,
  0x8d, 0x00, 0x00, 0x00, 0x70, 0x62, 0xfc, 0x03, 0x00, 0xe4, 0x0f, 0x00,
  0x08, 0x78, 0x3a, 0x3a, 0xff, 0xff, 0x7f, 0xff, 0x00, 0x00, 0x00, 0x04,
  0x00, 0xe4, 0x0f, 0x00, 0x08, 0x78, 0x41, 0x41, 0xff, 0xff, 0x7f, 0xff,
  0x00, 0x00, 0x00, 0x04, 0x00, 0xc4, 0x0f, 0x00, 0x0c, 0x72, 0x00, 0x30,
  0x8d, 0x00, 0x00, 0x00, 0x70, 0x62, 0xf0, 0x03, 0x00, 0xe4, 0x0f, 0x08,
  0x10, 0x78, 0x2e, 0x2c, 0x60, 0x00, 0x00, 0x00, 0xff, 0xe0, 0xff, 0x07,
  0x00, 0xe4, 0x0f, 0x04, 0x10, 0x78, 0x30, 0x2c, 0x61, 0x00, 0x00, 0x00,
  0xff, 0xe0, 0xff, 0x07, 0x00, 0xe4, 0x0f, 0x00, 0x08, 0x78, 0x6e, 0x6e,
  0xff, 0xff, 0x7f, 0xff, 0x00, 0x00, 0x00, 0x07, 0x00, 0xe4, 0x0f, 0x00,
  0x08, 0x78, 0xb3, 0xb3, 0xff, 0xff, 0x7f, 0xff, 0x00, 0x00, 0x00, 0x07,
  0x00, 0xe4, 0x0f, 0x00, 0x0c, 0x72, 0x00, 0x2e, 0x8d, 0x00, 0x00, 0x00,
  0x70, 0x62, 0xfc, 0x03, 0x00, 0xc4, 0x0f, 0x00, 0x08, 0x78, 0x38, 0x38,
  0xff, 0xff, 0x7f, 0xff, 0x00, 0x00, 0x00, 0x04, 0x00, 0xe4, 0x0f, 0x00,
  0x08, 0x78, 0x93, 0x93, 0xff, 0xff, 0x7f, 0xff, 0x00, 0x00, 0x00, 0x04,
  0x00, 0xe4, 0x0f, 0x00, 0x0c, 0x72, 0x00, 0x30, 0x8d, 0x00, 0x00, 0x00,
  0x70, 0x62, 0xf0, 0x03, 0x00, 0xe4, 0x0f, 0x00, 0x10, 0x78, 0x2e, 0x2c,
  0x68, 0x00, 0x00, 0x00, 0xff, 0xe0, 0xff, 0x07, 0x00, 0xe4, 0x0f, 0x04,
  0x10, 0x78, 0x30, 0x2c, 0x69, 0x00, 0x00, 0x00, 0xff, 0xe0, 0xff, 0x07,
  0x00, 0xe4, 0x0f, 0x00, 0x08, 0x78, 0x76, 0x76, 0xff, 0xff, 0x7f, 0xff,
  0x00, 0x00, 0x00, 0x07, 0x00, 0xc4, 0x0f, 0x00, 0x08, 0x78, 0xb1, 0xb1,
  0xff, 0xff, 0x7f, 0xff, 0x00, 0x00, 0x00, 0x07, 0x00, 0xe4, 0x0f, 0x00,
  0x0c, 0x72, 0x00, 0x2e, 0x8d, 0x00, 0x00, 0x00, 0x70, 0x62, 0xfc, 0x03,
  0x00, 0xe4, 0x0f, 0x08, 0x08, 0x78, 0x70, 0x70, 0xff, 0xff, 0x7f, 0xff,
  0x00, 0x00, 0x00, 0x04, 0x00, 0xe4, 0x0f, 0x00, 0x08, 0x78, 0x3f, 0x3f,
  0xff, 0xff, 0x7f, 0xff, 0x00, 0x00, 0x00, 0x04, 0x00, 0xe4, 0x0f, 0x00,
  0x0c, 0x72, 0x00, 0x30, 0x8d, 0x00, 0x00, 0x00, 0x70, 0x62, 0xf0, 0x03,
  0x00, 0xe4, 0x0f, 0x00, 0x10, 0x78, 0x2e, 0x2c, 0x70, 0x00, 0x00, 0x00,
  0xff, 0xe0, 0xff, 0x07, 0x00, 0xc4, 0x0f, 0x00, 0x10, 0x78, 0x30, 0x2c,
  0x71, 0x00, 0x00, 0x00, 0xff, 0xe0, 0xff, 0x07, 0x00, 0xe4, 0x0f, 0x00,
  0x08, 0x78, 0x36, 0x36, 0xff, 0xff, 0x7f, 0xff, 0x00, 0x00, 0x00, 0x07,
  0x00, 0xe4, 0x0f, 0x00, 0x08, 0x78, 0x3d, 0x3d, 0xff, 0xff, 0x7f, 0xff,
  0x00, 0x00, 0x00, 0x07, 0x00, 0xe4, 0x0f, 0x00, 0x0c, 0x72, 0x00, 0x2e,
  0x8d, 0x00, 0x00, 0x00, 0x70, 0x62, 0xfc, 0x03, 0x00, 0xe4, 0x0f, 0x00,
  0x08, 0x78, 0x32, 0x32, 0xff, 0xff, 0x7f, 0xff, 0x00, 0x00, 0x00, 0x04,
  0x00, 0xe4, 0x0f, 0x00, 0x08, 0x78, 0x37, 0x37, 0xff, 0xff, 0x7f, 0xff,
  0x00, 0x00, 0x00, 0x04, 0x00, 0xc4, 0x0f, 0x00, 0x0c, 0x72, 0x00, 0x30,
  0x8d, 0x00, 0x00, 0x00, 0x70, 0x62, 0xf0, 0x03, 0x00, 0xe4, 0x0f, 0x00,
  0x10, 0x78, 0x2e, 0x2c, 0x78, 0x00, 0x00, 0x00, 0xff, 0xe0, 0xff, 0x07,
  0x00, 0xe4, 0x0f, 0x04, 0x10, 0x78, 0x2c, 0x2c, 0x79, 0x00, 0x00, 0x00,
  0xff, 0xe0, 0xff, 0x07, 0x00, 0xe4, 0x0f, 0x00, 0x08, 0x78, 0x56, 0x56,
  0xff, 0xff, 0x7f, 0xff, 0x00, 0x00, 0x00, 0x07, 0x00, 0xe4, 0x0f, 0x00,
  0x08, 0x78, 0x55, 0x55, 0xff, 0xff, 0x7f, 0xff, 0x00, 0x00, 0x00, 0x07,
  0x00, 0xe4, 0x0f, 0x00, 0x08, 0x78, 0x54, 0x54, 0xff, 0xff, 0x7f, 0xff,
  0x00, 0x00, 0x00, 0x04, 0x00, 0xc4, 0x0f, 0x00, 0x08, 0x78, 0x4b, 0x4b,
  0xff, 0xff, 0x7f, 0xff, 0x00, 0x00, 0x00, 0x04, 0x00, 0xe4, 0x0f, 0x00,
  0x0c, 0x72, 0x00, 0x2e, 0x8d, 0x00, 0x00, 0x00, 0x70, 0x62, 0xfc, 0x03,
  0x00, 0xe4, 0x0f, 0x08, 0x0c, 0x72, 0x00, 0x2c, 0x8d, 0x00, 0x00, 0x00,
  0x70, 0x62, 0xf0, 0x03, 0x00, 0xe4, 0x0f, 0x00, 0x08, 0x78, 0x48, 0x48,
  0xff, 0xff, 0x7f, 0xff, 0x00, 0x00, 0x00, 0x07, 0x00, 0xe4, 0x0f, 0x00,
  0x08, 0x78, 0x35, 0x35, 0xff, 0xff, 0x7f, 0xff, 0x00, 0x00, 0x00, 0x07,
  0x00, 0xe4, 0x0f, 0x00, 0x08, 0x78, 0x34, 0x34, 0xff, 0xff, 0x7f, 0xff,
  0x00, 0x00, 0x00, 0x04, 0x00, 0xc4, 0x0f, 0x00, 0x08, 0x78, 0x33, 0x33,
  0xff, 0xff, 0x7f, 0xff, 0x00, 0x00, 0x00, 0x04, 0x00, 0xe4, 0x0f, 0x00,
  0x09, 0x72, 0x2d, 0x5a, 0x62, 0x00, 0x00, 0x00, 0x00, 0x00, 0x81, 0x07,
  0x00, 0xe2, 0x0f, 0x00, 0x82, 0x7c, 0x05, 0x00, 0x10, 0x00, 0x00, 0x00,
  0x00, 0x00, 0x00, 0x08, 0x00, 0xe2, 0x0f, 0x00, 0x09, 0x72, 0x2c, 0x65,
  0xa3, 0x00, 0x00, 0x00, 0x00, 0x00, 0x81, 0x07, 0x00, 0xe2, 0x0f, 0x00,
  0x82, 0x7c, 0x07, 0x00, 0x0e, 0x00, 0x00, 0x00, 0x00, 0x00, 0x00, 0x08,
  0x00, 0xe2, 0x0f, 0x00, 0x09, 0x72, 0x2d, 0x2d, 0x74, 0x00, 0x00, 0x00,
  0x00, 0x00, 0x81, 0x07, 0x00, 0xe2, 0x0f, 0x00, 0x24, 0x72, 0x31, 0xff,
  0xff, 0x00, 0x00, 0x00, 0x5e, 0x00, 0x8e, 0x07, 0x00, 0xe2, 0x0f, 0x00,
  0x09, 0x72, 0x2c, 0x2c, 0xa1, 0x00, 0x00, 0x00, 0x00, 0x00, 0x81, 0x07,
  0x00, 0xe2, 0x0f, 0x00, 0x24, 0x72, 0x30, 0xff, 0xff, 0x00, 0x00, 0x00,
  0x0d, 0x00, 0x8e, 0x07, 0x00, 0xe2, 0x0f, 0x00, 0x09, 0x72, 0x2d, 0x2d,
  0x58, 0x00, 0x00, 0x00, 0x00, 0x00, 0x81, 0x07, 0x00, 0xe4, 0x0f, 0x00,
  0x09, 0x72, 0x2c, 0x2c, 0x5b, 0x00, 0x00, 0x00, 0x00, 0x00, 0x81, 0x07,
  0x00, 0xc4, 0x0f, 0x00, 0x09, 0x72, 0x2d, 0x2d, 0x72, 0x00, 0x00, 0x00,
  0x00, 0x00, 0x81, 0x07, 0x00, 0xe4, 0x0f, 0x00, 0x09, 0x72, 0x2c, 0x2c,
  0x97, 0x00, 0x00, 0x00, 0x00, 0x00, 0x81, 0x07, 0x00, 0xe4, 0x0f, 0x00,
  0x09, 0x72, 0x2d, 0x2d, 0x50, 0x00, 0x00, 0x00, 0x00, 0x00, 0x81, 0x07,
  0x00, 0xe4, 0x0f, 0x00, 0x09, 0x72, 0x2c, 0x2c, 0x53, 0x00, 0x00, 0x00,
  0x00, 0x00, 0x81, 0x07, 0x00, 0xe4, 0x0f, 0x00, 0x09, 0x72, 0x2d, 0x2d,
  0x6a, 0x00, 0x00, 0x00, 0x00, 0x00, 0x81, 0x07, 0x00, 0xe4, 0x0f, 0x00,
  0x09, 0x72, 0x2c, 0x2c, 0x6d, 0x00, 0x00, 0x00, 0x00, 0x00, 0x81, 0x07,
  0x00, 0xc4, 0x0f, 0x00, 0x09, 0x72, 0x2d, 0x2d, 0x4c, 0x00, 0x00, 0x00,
  0x00, 0x00, 0x81, 0x07, 0x00, 0xe4, 0x0f, 0x00, 0x09, 0x72, 0x2c, 0x2c,
  0x51, 0x00, 0x00, 0x00, 0x00, 0x00, 0x81, 0x07, 0x00, 0xe4, 0x0f, 0x00,
  0x09, 0x72, 0x2d, 0x2d, 0x66, 0x00, 0x00, 0x00, 0x00, 0x00, 0x81, 0x07,
  0x00, 0xe4, 0x0f, 0x00, 0x09, 0x72, 0x2c, 0x2c, 0x69, 0x00, 0x00, 0x00,
  0x00, 0x00, 0x81, 0x07, 0x00, 0xe4, 0x0f, 0x00, 0x09, 0x72, 0x2d, 0x2d,
  0x46, 0x00, 0x00, 0x00, 0x00, 0x00, 0x81, 0x07, 0x00, 0xe4, 0x0f, 0x00,
  0x09, 0x72, 0x2c, 0x2c, 0x4f, 0x00, 0x00, 0x00, 0x00, 0x00, 0x81, 0x07,
  0x00, 0xc4, 0x0f, 0x00, 0x09, 0x72, 0x2d, 0x2d, 0x4e, 0x00, 0x00, 0x00,
  0x00, 0x00, 0x81, 0x07, 0x00, 0xe4, 0x0f, 0x00, 0x09, 0x72, 0x2c, 0x2c,
  0x6f, 0x00, 0x00, 0x00, 0x00, 0x00, 0x81, 0x07, 0x00, 0xe4, 0x0f, 0x00,
  0x09, 0x72, 0x2d, 0x2d, 0x44, 0x00, 0x00, 0x00, 0x00, 0x00, 0x81, 0x07,
  0x00, 0xe4, 0x0f, 0x00, 0x09, 0x72, 0x2c, 0x2c, 0x4d, 0x00, 0x00, 0x00,
  0x00, 0x00, 0x81, 0x07, 0x00, 0xe4, 0x0f, 0x00, 0x09, 0x72, 0x2d, 0x2d,
  0x4a, 0x00, 0x00, 0x00, 0x00, 0x00, 0x81, 0x07, 0x00, 0xe4, 0x0f, 0x00,
  0x09, 0x72, 0x2c, 0x2c, 0x71, 0x00, 0x00, 0x00, 0x00, 0x00, 0x81, 0x07,
  0x00, 0xc4, 0x0f, 0x00, 0x09, 0x72, 0x2d, 0x2d, 0x42, 0x00, 0x00, 0x00,
  0x00, 0x00, 0x81, 0x07, 0x00, 0xe4, 0x0f, 0x00, 0x09, 0x72, 0x2c, 0x2c,
  0x49, 0x00, 0x00, 0x00, 0x00, 0x00, 0x81, 0x07, 0x00, 0xe4, 0x0f, 0x00,
  0x09, 0x72, 0x2d, 0x2d, 0x52, 0x00, 0x00, 0x00, 0x00, 0x00, 0x81, 0x07,
  0x00, 0xe4, 0x0f, 0x00, 0x09, 0x72, 0x2c, 0x2c, 0x73, 0x00, 0x00, 0x00,
  0x00, 0x00, 0x81, 0x07, 0x00, 0xe4, 0x0f, 0x00, 0x09, 0x72, 0x2d, 0x2d,
  0x40, 0x00, 0x00, 0x00, 0x00, 0x00, 0x81, 0x07, 0x00, 0xe4, 0x0f, 0x00,
  0x09, 0x72, 0x2c, 0x2c, 0x47, 0x00, 0x00, 0x00, 0x00, 0x00, 0x81, 0x07,
  0x00, 0xc4, 0x0f, 0x00, 0x09, 0x72, 0x2d, 0x2d, 0x64, 0x00, 0x00, 0x00,
  0x00, 0x00, 0x81, 0x07, 0x00, 0xe4, 0x0f, 0x00, 0x09, 0x72, 0x2c, 0x2c,
  0x75, 0x00, 0x00, 0x00, 0x00, 0x00, 0x81, 0x07, 0x00, 0xe4, 0x0f, 0x00,
  0x09, 0x72, 0x2d, 0x2d, 0x3e, 0x00, 0x00, 0x00, 0x00, 0x00, 0x81, 0x07,
  0x00, 0xe4, 0x0f, 0x00, 0x09, 0x72, 0x2c, 0x2c, 0x45, 0x00, 0x00, 0x00,
  0x00, 0x00, 0x81, 0x07, 0x00, 0xe4, 0x0f, 0x00, 0x09, 0x72, 0x2d, 0x2d,
  0x68, 0x00, 0x00, 0x00, 0x00, 0x00, 0x81, 0x07, 0x00, 0xe4, 0x0f, 0x00,
  0x09, 0x72, 0x2c, 0x2c, 0x79, 0x00, 0x00, 0x00, 0x00, 0x00, 0x81, 0x07,
  0x00, 0xc4, 0x0f, 0x00, 0x09, 0x72, 0x2d, 0x2d, 0x3c, 0x00, 0x00, 0x00,
  0x00, 0x00, 0x81, 0x07, 0x00, 0xe4, 0x0f, 0x00, 0x09, 0x72, 0x2c, 0x2c,
  0x43, 0x00, 0x00, 0x00, 0x00, 0x00, 0x81, 0x07, 0x00, 0xe4, 0x0f, 0x00,
  0x09, 0x72, 0x2d, 0x2d, 0x6c, 0x00, 0x00, 0x00, 0x00, 0x00, 0x81, 0x07,
  0x00, 0xe4, 0x0f, 0x00, 0x09, 0x72, 0x2c, 0x2c, 0x7d, 0x00, 0x00, 0x00,
  0x00, 0x00, 0x81, 0x07, 0x00, 0xe4, 0x0f, 0x00, 0x09, 0x72, 0x2d, 0x2d,
  0x3a, 0x00, 0x00, 0x00, 0x00, 0x00, 0x81, 0x07, 0x00, 0xe4, 0x0f, 0x00,
  0x09, 0x72, 0x2c, 0x2c, 0x41, 0x00, 0x00, 0x00, 0x00, 0x00, 0x81, 0x07,
  0x00, 0xc4, 0x0f, 0x00, 0x09, 0x72, 0x2d, 0x2d, 0x6e, 0x00, 0x00, 0x00,
  0x00, 0x00, 0x81, 0x07, 0x00, 0xe4, 0x0f, 0x00, 0x09, 0x72, 0x2c, 0x2c,
  0xb3, 0x00, 0x00, 0x00, 0x00, 0x00, 0x81, 0x07, 0x00, 0xe4, 0x0f, 0x00,
  0x09, 0x72, 0x2d, 0x2d, 0x38, 0x00, 0x00, 0x00, 0x00, 0x00, 0x81, 0x07,
  0x00, 0xe4, 0x0f, 0x00, 0x09, 0x72, 0x2c, 0x2c, 0x93, 0x00, 0x00, 0x00,
  0x00, 0x00, 0x81, 0x07, 0x00, 0xe4, 0x0f, 0x00, 0x09, 0x72, 0x2d, 0x2d,
  0x76, 0x00, 0x00, 0x00, 0x00, 0x00, 0x81, 0x07, 0x00, 0xe4, 0x0f, 0x00,
  0x09, 0x72, 0x2c, 0x2c, 0xb1, 0x00, 0x00, 0x00, 0x00, 0x00, 0x81, 0x07,
  0x00, 0xc4, 0x0f, 0x00, 0x09, 0x72, 0x2d, 0x2d, 0x70, 0x00, 0x00, 0x00,
  0x00, 0x00, 0x81, 0x07, 0x00, 0xe4, 0x0f, 0x00, 0x09, 0x72, 0x2c, 0x2c,
  0x3f, 0x00, 0x00, 0x00, 0x00, 0x00, 0x81, 0x07, 0x00, 0xe4, 0x0f, 0x00,
  0x09, 0x72, 0x2d, 0x2d, 0x36, 0x00, 0x00, 0x00, 0x00, 0x00, 0x81, 0x07,
  0x00, 0xe4, 0x0f, 0x00, 0x09, 0x72, 0x2c, 0x2c, 0x3d, 0x00, 0x00, 0x00,
  0x00, 0x00, 0x81, 0x07, 0x00, 0xe4, 0x0f, 0x00, 0x09, 0x72, 0x2d, 0x2d,
  0x32, 0x00, 0x00, 0x00, 0x00, 0x00, 0x81, 0x07, 0x00, 0xe4, 0x0f, 0x00,
  0x09, 0x72, 0x2c, 0x2c, 0x37, 0x00, 0x00, 0x00, 0x00, 0x00, 0x81, 0x07,
  0x00, 0xc4, 0x0f, 0x00, 0x09, 0x72, 0x2d, 0x2d, 0x56, 0x00, 0x00, 0x00,
  0x00, 0x00, 0x81, 0x07, 0x00, 0xe4, 0x0f, 0x00, 0x09, 0x72, 0x2c, 0x2c,
  0x55, 0x00, 0x00, 0x00, 0x00, 0x00, 0x81, 0x07, 0x00, 0xe4, 0x0f, 0x00,
  0x09, 0x72, 0x2d, 0x2d, 0x54, 0x00, 0x00, 0x00, 0x00, 0x00, 0x81, 0x07,
  0x00, 0xe4, 0x0f, 0x00, 0x09, 0x72, 0x2c, 0x2c, 0x4b, 0x00, 0x00, 0x00,
  0x00, 0x00, 0x81, 0x07, 0x00, 0xe4, 0x0f, 0x00, 0x09, 0x72, 0x2d, 0x2d,
  0x48, 0x00, 0x00, 0x00, 0x00, 0x00, 0x81, 0x07, 0x00, 0xe4, 0x0f, 0x00,
  0x09, 0x72, 0x2c, 0x2c, 0x35, 0x00, 0x00, 0x00, 0x00, 0x00, 0x81, 0x07,
  0x00, 0xc4, 0x0f, 0x00, 0x09, 0x72, 0x5e, 0x2d, 0x34, 0x00, 0x00, 0x00,
  0x00, 0x00, 0x81, 0x07, 0x00, 0xe4, 0x0f, 0x00, 0x09, 0x72, 0x2d, 0x2c,
  0x33, 0x00, 0x00, 0x00, 0x00, 0x00, 0x81, 0x07, 0x00, 0xe2, 0x0f, 0x00,
  0x47, 0xd9, 0x00, 0x00, 0xf0, 0x13, 0x00, 0x00, 0x00, 0x00, 0x80, 0x03,
  0x00, 0xea, 0x0f, 0x00, 0x89, 0x7f, 0x0d, 0x5e, 0x00, 0x1f, 0x20, 0x0c,
  0x00, 0x00, 0x0e, 0x00, 0x00, 0x64, 0x0e, 0x00, 0x09, 0x72, 0x2e, 0x5e,
  0x0d, 0x00, 0x00, 0x00, 0x00, 0x00, 0x81, 0x07, 0x00, 0xca, 0x2f, 0x00,
  0x89, 0x7f, 0x0d, 0x2e, 0x00, 0x1f, 0x40, 0x0c, 0x00, 0x00, 0x0e, 0x00,
  0x00, 0x64, 0x0e, 0x00, 0x09, 0x72, 0x0d, 0x2e, 0x0d, 0x00, 0x00, 0x00,
  0x00, 0x00, 0x81, 0x07, 0x00, 0xc8, 0x2f, 0x00, 0x09, 0x72, 0x0d, 0x0d,
  0x30, 0x00, 0x00, 0x00, 0x00, 0x00, 0x81, 0x07, 0x00, 0xca, 0x0f, 0x00,
  0x21, 0x72, 0x2f, 0x0d, 0x3c, 0x00, 0x00, 0x00, 0x00, 0x01, 0x01, 0x00,
  0x00, 0xe2, 0x0f, 0x04, 0x21, 0x72, 0x62, 0x0d, 0x62, 0x00, 0x00, 0x00,
  0x00, 0x01, 0x01, 0x00, 0x00, 0xe2, 0x0f, 0x04, 0x89, 0x7f, 0x3c, 0x2d,
  0x00, 0x1f, 0x20, 0x0c, 0x00, 0x00, 0x0e, 0x00, 0x00, 0x62, 0x0e, 0x00,
  0x21, 0x72, 0x5a, 0x0d, 0x5a, 0x00, 0x00, 0x00, 0x00, 0x01, 0x01, 0x00,
  0x00, 0xe2, 0x0f, 0x04, 0x21, 0x72, 0x3a, 0x0d, 0x3a, 0x00, 0x00, 0x00,
  0x00, 0x01, 0x01, 0x00, 0x00, 0xe2, 0x0f, 0x04, 0x20, 0x78, 0x62, 0x62,
  0x3b, 0xaa, 0xb8, 0x3f, 0x00, 0x00, 0x41, 0x00, 0x00, 0xe2, 0x0f, 0x00,
  0x21, 0x72, 0x74, 0x0d, 0x74, 0x00, 0x00, 0x00, 0x00, 0x01, 0x01, 0x00,
  0x00, 0xe2, 0x0f, 0x04, 0x20, 0x78, 0x5a, 0x5a, 0x3b, 0xaa, 0xb8, 0x3f,
  0x00, 0x00, 0x41, 0x00, 0x00, 0xe2, 0x0f, 0x00, 0x21, 0x72, 0x58, 0x0d,
  0x58, 0x00, 0x00, 0x00, 0x00, 0x01, 0x01, 0x00, 0x00, 0xe2, 0x0f, 0x04,
  0x21, 0x72, 0x72, 0x0d, 0x72, 0x00, 0x00, 0x00, 0x00, 0x01, 0x01, 0x00,
  0x00, 0xe2, 0x0f, 0x04, 0x21, 0x72, 0x50, 0x0d, 0x50, 0x00, 0x00, 0x00,
  0x00, 0x01, 0x01, 0x00, 0x00, 0xe2, 0x0f, 0x04, 0x21, 0x72, 0x6a, 0x0d,
  0x6a, 0x00, 0x00, 0x00, 0x00, 0x01, 0x01, 0x00, 0x00, 0xe2, 0x0f, 0x04,
  0x20, 0x78, 0x3a, 0x3a, 0x3b, 0xaa, 0xb8, 0x3f, 0x00, 0x00, 0x41, 0x00,
  0x00, 0xe2, 0x0f, 0x00, 0x21, 0x72, 0x38, 0x0d, 0x38, 0x00, 0x00, 0x00,
  0x00, 0x01, 0x01, 0x00, 0x00, 0xe2, 0x0f, 0x04, 0x08, 0x73, 0x2c, 0x00,
  0x62, 0x00, 0x00, 0x00, 0x00, 0x08, 0x00, 0x00, 0x00, 0xe2, 0x0f, 0x00,
  0x20, 0x78, 0x74, 0x74, 0x3b, 0xaa, 0xb8, 0x3f, 0x00, 0x00, 0x41, 0x00,
  0x00, 0xe2, 0x0f, 0x00, 0x20, 0x78, 0x58, 0x58, 0x3b, 0xaa, 0xb8, 0x3f,
  0x00, 0x00, 0x41, 0x00, 0x00, 0xe2, 0x0f, 0x00, 0x20, 0x78, 0x72, 0x72,
  0x3b, 0xaa, 0xb8, 0x3f, 0x00, 0x00, 0x41, 0x00, 0x00, 0xe2, 0x0f, 0x00,
  0x20, 0x78, 0x50, 0x50, 0x3b, 0xaa, 0xb8, 0x3f, 0x00, 0x00, 0x41, 0x00,
  0x00, 0xe2, 0x0f, 0x00, 0x21, 0x72, 0x4c, 0x0d, 0x4c, 0x00, 0x00, 0x00,
  0x00, 0x01, 0x01, 0x00, 0x00, 0xe2, 0x0f, 0x04, 0x20, 0x78, 0xac, 0x6a,
  0x3b, 0xaa, 0xb8, 0x3f, 0x00, 0x00, 0x41, 0x00, 0x00, 0xe2, 0x0f, 0x00,
  0x21, 0x72, 0x66, 0x0d, 0x66, 0x00, 0x00, 0x00, 0x00, 0x01, 0x01, 0x00,
  0x00, 0xe2, 0x0f, 0x00, 0x08, 0x73, 0x39, 0x00, 0x5a, 0x00, 0x00, 0x00,
  0x00, 0x08, 0x00, 0x00, 0x00, 0xe2, 0x0f, 0x00, 0x20, 0x78, 0x2f, 0x2f,
  0x3b, 0xaa, 0xb8, 0x3f, 0x00, 0x00, 0x41, 0x00, 0x00, 0xe2, 0x0f, 0x00,
  0x21, 0x72, 0x6c, 0x0d, 0x6c, 0x00, 0x00, 0x00, 0x00, 0x01, 0x01, 0x00,
  0x00, 0xe2, 0x0f, 0x00, 0x20, 0x78, 0x38, 0x38, 0x3b, 0xaa, 0xb8, 0x3f,
  0x00, 0x00, 0x41, 0x00, 0x00, 0xe2, 0x0f, 0x00, 0x09, 0x72, 0x3c, 0x2d,
  0x3c, 0x00, 0x00, 0x00, 0x00, 0x00, 0x81, 0x07, 0x00, 0xe2, 0x2f, 0x00,
  0x20, 0x78, 0x4c, 0x4c, 0x3b, 0xaa, 0xb8, 0x3f, 0x00, 0x00, 0x41, 0x00,
  0x00, 0xe2, 0x0f, 0x00, 0x21, 0x72, 0x46, 0x0d, 0x46, 0x00, 0x00, 0x00,
  0x00, 0x01, 0x01, 0x00, 0x00, 0xe2, 0x0f, 0x04, 0x21, 0x72, 0x4e, 0x0d,
  0x4e, 0x00, 0x00, 0x00, 0x00, 0x01, 0x01, 0x00, 0x00, 0xe2, 0x0f, 0x04,
  0x08, 0x73, 0x2e, 0x00, 0x74, 0x00, 0x00, 0x00, 0x00, 0x08, 0x00, 0x00,
  0x00, 0xe2, 0x0f, 0x00, 0x89, 0x7f, 0x2d, 0x3c, 0x00, 0x1f, 0x40, 0x0c,
  0x00, 0x00, 0x0e, 0x00, 0x00, 0x62, 0x0e, 0x00, 0x21, 0x72, 0x44, 0x0d,
  0x44, 0x00, 0x00, 0x00, 0x00, 0x01, 0x01, 0x00, 0x00, 0xe2, 0x0f, 0x04,
  0x20, 0x78, 0x6b, 0x66, 0x3b, 0xaa, 0xb8, 0x3f, 0x00, 0x00, 0x41, 0x00,
  0x00, 0xe2, 0x0f, 0x00, 0x20, 0x78, 0x6c, 0x6c, 0x3b, 0xaa, 0xb8, 0x3f,
  0x00, 0x00, 0x41, 0x00, 0x00, 0xe2, 0x0f, 0x00, 0x21, 0x72, 0x32, 0x0d,
  0x32, 0x00, 0x00, 0x00, 0x00, 0x01, 0x01, 0x00, 0x00, 0xe2, 0x0f, 0x04,
  0x21, 0x72, 0x68, 0x0d, 0x68, 0x00, 0x00, 0x00, 0x00, 0x01, 0x01, 0x00,
  0x00, 0xe2, 0x0f, 0x04, 0x20, 0x78, 0x46, 0x46, 0x3b, 0xaa, 0xb8, 0x3f,
  0x00, 0x00, 0x41, 0x00, 0x00, 0xe2, 0x0f, 0x00, 0x08, 0x73, 0x3b, 0x00,
  0x58, 0x00, 0x00, 0x00, 0x00, 0x08, 0x00, 0x00, 0x00, 0xe2, 0x0f, 0x00,
  0x21, 0x72, 0x4a, 0x0d, 0x4a, 0x00, 0x00, 0x00, 0x00, 0x01, 0x01, 0x00,
  0x00, 0xe2, 0x0f, 0x04, 0x21, 0x72, 0x42, 0x0d, 0x42, 0x00, 0x00, 0x00,
  0x00, 0x01, 0x01, 0x00, 0x00, 0xe2, 0x0f, 0x04, 0x21, 0x72, 0x64, 0x0d,
  0x64, 0x00, 0x00, 0x00, 0x00, 0x01, 0x01, 0x00, 0x00, 0xe2, 0x0f, 0x04,
  0x21, 0x72, 0x56, 0x0d, 0x56, 0x00, 0x00, 0x00, 0x00, 0x01, 0x01, 0x00,
  0x00, 0xe2, 0x0f, 0x04, 0x20, 0x78, 0x4e, 0x4e, 0x3b, 0xaa, 0xb8, 0x3f,
  0x00, 0x00, 0x41, 0x00, 0x00, 0xe2, 0x0f, 0x00, 0x20, 0x78, 0x44, 0x44,
  0x3b, 0xaa, 0xb8, 0x3f, 0x00, 0x00, 0x41, 0x00, 0x00, 0xe2, 0x0f, 0x00,
  0x21, 0x72, 0x52, 0x0d, 0x52, 0x00, 0x00, 0x00, 0x00, 0x01, 0x01, 0x00,
  0x00, 0xe2, 0x0f, 0x04, 0x08, 0x73, 0xb0, 0x00, 0x72, 0x00, 0x00, 0x00,
  0x00, 0x08, 0x00, 0x00, 0x00, 0xe2, 0x0f, 0x00, 0x21, 0x72, 0x40, 0x0d,
  0x40, 0x00, 0x00, 0x00, 0x00, 0x01, 0x01, 0x00, 0x00, 0xe2, 0x0f, 0x04,
  0x20, 0x78, 0x32, 0x32, 0x3b, 0xaa, 0xb8, 0x3f, 0x00, 0x00, 0x41, 0x00,
  0x00, 0xe2, 0x0f, 0x00, 0x21, 0x72, 0x34, 0x0d, 0x34, 0x00, 0x00, 0x00,
  0x00, 0x01, 0x01, 0x00, 0x00, 0xe2, 0x0f, 0x04, 0x20, 0x78, 0x68, 0x68,
  0x3b, 0xaa, 0xb8, 0x3f, 0x00, 0x00, 0x41, 0x00, 0x00, 0xe2, 0x0f, 0x00,
  0x21, 0x72, 0x36, 0x0d, 0x36, 0x00, 0x00, 0x00, 0x00, 0x01, 0x01, 0x00,
  0x00, 0xe2, 0x0f, 0x04, 0x20, 0x78, 0x4a, 0x4a, 0x3b, 0xaa, 0xb8, 0x3f,
  0x00, 0x00, 0x41, 0x00, 0x00, 0xe2, 0x0f, 0x00, 0x20, 0x78, 0x42, 0x42,
  0x3b, 0xaa, 0xb8, 0x3f, 0x00, 0x00, 0x41, 0x00, 0x00, 0xe2, 0x0f, 0x00,
  0x08, 0x73, 0xaf, 0x00, 0x50, 0x00, 0x00, 0x00, 0x00, 0x08, 0x00, 0x00,
  0x00, 0xe2, 0x0f, 0x00, 0x09, 0x72, 0x3c, 0x3c, 0x2d, 0x00, 0x00, 0x00,
  0x00, 0x00, 0x81, 0x07, 0x00, 0xe2, 0x2f, 0x00, 0x20, 0x78, 0x64, 0x64,
  0x3b, 0xaa, 0xb8, 0x3f, 0x00, 0x00, 0x41, 0x00, 0x00, 0xe2, 0x0f, 0x00,
  0x20, 0x78, 0x56, 0x56, 0x3b, 0xaa, 0xb8, 0x3f, 0x00, 0x00, 0x41, 0x00,
  0x00, 0xe2, 0x0f, 0x00, 0x20, 0x78, 0x52, 0x52, 0x3b, 0xaa, 0xb8, 0x3f,
  0x00, 0x00, 0x41, 0x00, 0x00, 0xe2, 0x0f, 0x00, 0x09, 0x72, 0x5e, 0x3c,
  0x31, 0x00, 0x00, 0x00, 0x00, 0x00, 0x81, 0x07, 0x00, 0xe2, 0x0f, 0x00,
  0x20, 0x78, 0x40, 0x40, 0x3b, 0xaa, 0xb8, 0x3f, 0x00, 0x00, 0x41, 0x00,
  0x00, 0xe2, 0x0f, 0x00, 0x21, 0x72, 0x3e, 0x0d, 0x3e, 0x00, 0x00, 0x00,
  0x00, 0x01, 0x01, 0x00, 0x00, 0xe2, 0x0f, 0x00, 0x08, 0x73, 0x9f, 0x00,
  0x3a, 0x00, 0x00, 0x00, 0x00, 0x08, 0x00, 0x00, 0x00, 0xe2, 0x0f, 0x00,
  0x20, 0x78, 0x34, 0x34, 0x3b, 0xaa, 0xb8, 0x3f, 0x00, 0x00, 0x41, 0x00,
  0x00, 0xe2, 0x0f, 0x00, 0x21, 0x72, 0xa3, 0x5e, 0xa3, 0x00, 0x00, 0x00,
  0x00, 0x01, 0x01, 0x00, 0x00, 0xe2, 0x0f, 0x04, 0x21, 0x72, 0x65, 0x5e,
  0x65, 0x00, 0x00, 0x00, 0x00, 0x01, 0x01, 0x00, 0x00, 0xe2, 0x0f, 0x04,
  0x21, 0x72, 0xa1, 0x5e, 0xa1, 0x00, 0x00, 0x00, 0x00, 0x01, 0x01, 0x00,
  0x00, 0xe2, 0x0f, 0x04, 0x21, 0x72, 0x5b, 0x5e, 0x5b, 0x00, 0x00, 0x00,
  0x00, 0x01, 0x01, 0x00, 0x00, 0xe2, 0x0f, 0x04, 0x20, 0x78, 0xa3, 0xa3,
  0x3b, 0xaa, 0xb8, 0x3f, 0x00, 0x00, 0x41, 0x00, 0x00, 0xe2, 0x0f, 0x00,
  0x20, 0x78, 0x65, 0x65, 0x3b, 0xaa, 0xb8, 0x3f, 0x00, 0x00, 0x41, 0x00,
  0x00, 0xe2, 0x0f, 0x00, 0x21, 0x72, 0x97, 0x5e, 0x97, 0x00, 0x00, 0x00,
  0x00, 0x01, 0x01, 0x00, 0x00, 0xe2, 0x0f, 0x04, 0x21, 0x72, 0x53, 0x5e,
  0x53, 0x00, 0x00, 0x00, 0x00, 0x01, 0x01, 0x00, 0x00, 0xe2, 0x0f, 0x04,
  0x21, 0x72, 0x6d, 0x5e, 0x6d, 0x00, 0x00, 0x00, 0x00, 0x01, 0x01, 0x00,
  0x00, 0xe2, 0x0f, 0x04, 0x08, 0x73, 0x2d, 0x00, 0xa3, 0x00, 0x00, 0x00,
  0x00, 0x08, 0x00, 0x00, 0x00, 0xe2, 0x0f, 0x00, 0x20, 0x78, 0xa1, 0xa1,
  0x3b, 0xaa, 0xb8, 0x3f, 0x00, 0x00, 0x41, 0x00, 0x00, 0xe2, 0x0f, 0x00,
  0x20, 0x78, 0x5b, 0x5b, 0x3b, 0xaa, 0xb8, 0x3f, 0x00, 0x00, 0x41, 0x00,
  0x00, 0xe2, 0x0f, 0x00, 0x20, 0x78, 0x97, 0x97, 0x3b, 0xaa, 0xb8, 0x3f,
  0x00, 0x00, 0x41, 0x00, 0x00, 0xe2, 0x0f, 0x00, 0x20, 0x78, 0x53, 0x53,
  0x3b, 0xaa, 0xb8, 0x3f, 0x00, 0x00, 0x41, 0x00, 0x00, 0xe2, 0x0f, 0x00,
  0x21, 0x72, 0x51, 0x5e, 0x51, 0x00, 0x00, 0x00, 0x00, 0x01, 0x01, 0x00,
  0x00, 0xe2, 0x0f, 0x04, 0x20, 0x78, 0x6d, 0x6d, 0x3b, 0xaa, 0xb8, 0x3f,
  0x00, 0x00, 0x41, 0x00, 0x00, 0xe2, 0x0f, 0x00, 0x21, 0x72, 0x69, 0x5e,
  0x69, 0x00, 0x00, 0x00, 0x00, 0x01, 0x01, 0x00, 0x00, 0xe2, 0x0f, 0x04,
  0x08, 0x73, 0x3a, 0x00, 0x65, 0x00, 0x00, 0x00, 0x00, 0x08, 0x00, 0x00,
  0x00, 0xe2, 0x0f, 0x00, 0x20, 0x78, 0x51, 0x51, 0x3b, 0xaa, 0xb8, 0x3f,
  0x00, 0x00, 0x41, 0x00, 0x00, 0xe2, 0x0f, 0x00, 0x21, 0x72, 0x4f, 0x5e,
  0x4f, 0x00, 0x00, 0x00, 0x00, 0x01, 0x01, 0x00, 0x00, 0xe2, 0x0f, 0x04,
  0x21, 0x72, 0x6f, 0x5e, 0x6f, 0x00, 0x00, 0x00, 0x00, 0x01, 0x01, 0x00,
  0x00, 0xe2, 0x0f, 0x04, 0x21, 0x72, 0x4d, 0x5e, 0x4d, 0x00, 0x00, 0x00,
  0x00, 0x01, 0x01, 0x00, 0x00, 0xe2, 0x0f, 0x04, 0x21, 0x72, 0x41, 0x5e,
  0x41, 0x00, 0x00, 0x00, 0x00, 0x01, 0x01, 0x00, 0x00, 0xe2, 0x0f, 0x04,
  0x20, 0x78, 0x69, 0x69, 0x3b, 0xaa, 0xb8, 0x3f, 0x00, 0x00, 0x41, 0x00,
  0x00, 0xe2, 0x0f, 0x00, 0x20, 0x78, 0x4f, 0x4f, 0x3b, 0xaa, 0xb8, 0x3f,
  0x00, 0x00, 0x41, 0x00, 0x00, 0xe2, 0x0f, 0x00, 0x08, 0x73, 0xac, 0x00,
  0xac, 0x00, 0x00, 0x00, 0x00, 0x08, 0x00, 0x00, 0x00, 0xe2, 0x0f, 0x00,
  0x21, 0x72, 0x71, 0x5e, 0x71, 0x00, 0x00, 0x00, 0x00, 0x01, 0x01, 0x00,
  0x00, 0xe2, 0x0f, 0x04, 0x21, 0x72, 0x49, 0x5e, 0x49, 0x00, 0x00, 0x00,
  0x00, 0x01, 0x01, 0x00, 0x00, 0xe2, 0x0f, 0x04, 0x20, 0x78, 0x6f, 0x6f,
  0x3b, 0xaa, 0xb8, 0x3f, 0x00, 0x00, 0x41, 0x00, 0x00, 0xe2, 0x0f, 0x00,
  0x20, 0x78, 0x4d, 0x4d, 0x3b, 0xaa, 0xb8, 0x3f, 0x00, 0x00, 0x41, 0x00,
  0x00, 0xe2, 0x0f, 0x00, 0x21, 0x72, 0x73, 0x5e, 0x73, 0x00, 0x00, 0x00,
  0x00, 0x01, 0x01, 0x00, 0x00, 0xe2, 0x0f, 0x04, 0x21, 0x72, 0x47, 0x5e,
  0x47, 0x00, 0x00, 0x00, 0x00, 0x01, 0x01, 0x00, 0x00, 0xe2, 0x0f, 0x04,
  0x21, 0x72, 0x43, 0x5e, 0x43, 0x00, 0x00, 0x00, 0x00, 0x01, 0x01, 0x00,
  0x00, 0xe2, 0x0f, 0x00, 0x08, 0x73, 0xab, 0x00, 0x4c, 0x00, 0x00, 0x00,
  0x00, 0x08, 0x00, 0x00, 0x00, 0xe2, 0x0f, 0x00, 0x20, 0x78, 0x41, 0x41,
  0x3b, 0xaa, 0xb8, 0x3f, 0x00, 0x00, 0x41, 0x00, 0x00, 0xe2, 0x0f, 0x00,
  0x20, 0x78, 0x36, 0x36, 0x3b, 0xaa, 0xb8, 0x3f, 0x00, 0x00, 0x41, 0x00,
  0x00, 0xe2, 0x0f, 0x00, 0x20, 0x78, 0x3e, 0x3e, 0x3b, 0xaa, 0xb8, 0x3f,
  0x00, 0x00, 0x41, 0x00, 0x00, 0xe2, 0x0f, 0x00, 0x20, 0x78, 0x71, 0x71,
  0x3b, 0xaa, 0xb8, 0x3f, 0x00, 0x00, 0x41, 0x00, 0x00, 0xe2, 0x0f, 0x00,
  0x20, 0x78, 0x49, 0x49, 0x3b, 0xaa, 0xb8, 0x3f, 0x00, 0x00, 0x41, 0x00,
  0x00, 0xe2, 0x0f, 0x00, 0x21, 0x72, 0x7d, 0x5e, 0x7d, 0x00, 0x00, 0x00,
  0x00, 0x01, 0x01, 0x00, 0x00, 0xe2, 0x0f, 0x04, 0x20, 0x78, 0x73, 0x73,
  0x3b, 0xaa, 0xb8, 0x3f, 0x00, 0x00, 0x41, 0x00, 0x00, 0xe2, 0x0f, 0x00,
  0x08, 0x73, 0xa5, 0x00, 0x2f, 0x00, 0x00, 0x00, 0x00, 0x08, 0x00, 0x00,
  0x00, 0xe2, 0x0f, 0x00, 0x20, 0x78, 0x47, 0x47, 0x3b, 0xaa, 0xb8, 0x3f,
  0x00, 0x00, 0x41, 0x00, 0x00, 0xe2, 0x0f, 0x00, 0x21, 0x72, 0x75, 0x5e,
  0x75, 0x00, 0x00, 0x00, 0x00, 0x01, 0x01, 0x00, 0x00, 0xe2, 0x0f, 0x04,
  0x21, 0x72, 0x45, 0x5e, 0x45, 0x00, 0x00, 0x00, 0x00, 0x01, 0x01, 0x00,
  0x00, 0xe2, 0x0f, 0x04, 0x20, 0x78, 0x43, 0x43, 0x3b, 0xaa, 0xb8, 0x3f,
  0x00, 0x00, 0x41, 0x00, 0x00, 0xe2, 0x0f, 0x00, 0x21, 0x72, 0x79, 0x5e,
  0x79, 0x00, 0x00, 0x00, 0x00, 0x01, 0x01, 0x00, 0x00, 0xe2, 0x0f, 0x04,
  0x21, 0x72, 0x3f, 0x5e, 0x3f, 0x00, 0x00, 0x00, 0x00, 0x01, 0x01, 0x00,
  0x00, 0xe2, 0x0f, 0x04, 0x20, 0x78, 0x7d, 0x7d, 0x3b, 0xaa, 0xb8, 0x3f,
  0x00, 0x00, 0x41, 0x00, 0x00, 0xe2, 0x0f, 0x00, 0x08, 0x73, 0x95, 0x00,
  0x38, 0x00, 0x00, 0x00, 0x00, 0x08, 0x00, 0x00, 0x00, 0xe2, 0x0f, 0x00,
  0x20, 0x78, 0x75, 0x75, 0x3b, 0xaa, 0xb8, 0x3f, 0x00, 0x00, 0x41, 0x00,
  0x00, 0xe2, 0x0f, 0x00, 0x20, 0x78, 0x45, 0x45, 0x3b, 0xaa, 0xb8, 0x3f,
  0x00, 0x00, 0x41, 0x00, 0x00, 0xe2, 0x0f, 0x00, 0x21, 0x72, 0x93, 0x5e,
  0x93, 0x00, 0x00, 0x00, 0x00, 0x01, 0x01, 0x00, 0x00, 0xe2, 0x0f, 0x04,
  0x21, 0x72, 0x6e, 0x0d, 0x6e, 0x00, 0x00, 0x00, 0x00, 0x01, 0x01, 0x00,
  0x00, 0xe2, 0x0f, 0x00, 0x20, 0x78, 0x79, 0x79, 0x3b, 0xaa, 0xb8, 0x3f,
  0x00, 0x00, 0x41, 0x00, 0x00, 0xe2, 0x0f, 0x00, 0x21, 0x72, 0x3d, 0x5e,
  0x3d, 0x00, 0x00, 0x00, 0x00, 0x01, 0x01, 0x00, 0x00, 0xe2, 0x0f, 0x04,
  0x20, 0x78, 0x3f, 0x3f, 0x3b, 0xaa, 0xb8, 0x3f, 0x00, 0x00, 0x41, 0x00,
  0x00, 0xe2, 0x0f, 0x00, 0x08, 0x73, 0x2f, 0x00, 0xa1, 0x00, 0x00, 0x00,
  0x00, 0x08, 0x00, 0x00, 0x00, 0xe2, 0x0f, 0x00, 0x21, 0x72, 0xb3, 0x5e,
  0xb3, 0x00, 0x00, 0x00, 0x00, 0x01, 0x01, 0x00, 0x00, 0xe2, 0x0f, 0x00,
  0x20, 0x78, 0x93, 0x93, 0x3b, 0xaa, 0xb8, 0x3f, 0x00, 0x00, 0x41, 0x00,
  0x00, 0xe2, 0x0f, 0x00, 0x20, 0x78, 0x6e, 0x6e, 0x3b, 0xaa, 0xb8, 0x3f,
  0x00, 0x00, 0x41, 0x00, 0x00, 0xe2, 0x0f, 0x00, 0x20, 0x78, 0x3d, 0x3d,
  0x3b, 0xaa, 0xb8, 0x3f, 0x00, 0x00, 0x41, 0x00, 0x00, 0xe2, 0x0f, 0x00,
  0x21, 0x72, 0x76, 0x0d, 0x76, 0x00, 0x00, 0x00, 0x00, 0x01, 0x01, 0x00,
  0x00, 0xe2, 0x0f, 0x04, 0x21, 0x72, 0x70, 0x0d, 0x70, 0x00, 0x00, 0x00,
  0x00, 0x01, 0x01, 0x00, 0x00, 0xe2, 0x0f, 0x00, 0x20, 0x78, 0xb3, 0xb3,
  0x3b, 0xaa, 0xb8, 0x3f, 0x00, 0x00, 0x41, 0x00, 0x00, 0xe2, 0x0f, 0x00,
  0x08, 0x73, 0x38, 0x00, 0x5b, 0x00, 0x00, 0x00, 0x00, 0x08, 0x00, 0x00,
  0x00, 0x62, 0x0e, 0x00, 0x21, 0x72, 0xb1, 0x5e, 0xb1, 0x00, 0x00, 0x00,
  0x00, 0x01, 0x01, 0x00, 0x00, 0xe2, 0x0f, 0x04, 0x21, 0x72, 0x37, 0x5e,
  0x37, 0x00, 0x00, 0x00, 0x00, 0x01, 0x01, 0x00, 0x00, 0xe2, 0x0f, 0x04,
  0x21, 0x72, 0x54, 0x0d, 0x54, 0x00, 0x00, 0x00, 0x00, 0x01, 0x01, 0x00,
  0x00, 0xe2, 0x0f, 0x00, 0x21, 0x72, 0x55, 0x5e, 0x55, 0x00, 0x00, 0x00,
  0x00, 0x01, 0x01, 0x00, 0x00, 0xe2, 0x0f, 0x00, 0x20, 0x78, 0x76, 0x76,
  0x3b, 0xaa, 0xb8, 0x3f, 0x00, 0x00, 0x41, 0x00, 0x00, 0xe2, 0x0f, 0x00,
  0x20, 0x78, 0x70, 0x70, 0x3b, 0xaa, 0xb8, 0x3f, 0x00, 0x00, 0x41, 0x00,
  0x00, 0xe2, 0x0f, 0x00, 0x20, 0x78, 0xb1, 0xb1, 0x3b, 0xaa, 0xb8, 0x3f,
  0x00, 0x00, 0x41, 0x00, 0x00, 0xe2, 0x0f, 0x00, 0x08, 0x73, 0xae, 0x00,
  0x97, 0x00, 0x00, 0x00, 0x00, 0x08, 0x00, 0x00, 0x00, 0xe2, 0x0f, 0x00,
  0x20, 0x78, 0x37, 0x37, 0x3b, 0xaa, 0xb8, 0x3f, 0x00, 0x00, 0x41, 0x00,
  0x00, 0xe2, 0x0f, 0x00, 0x21, 0x72, 0x48, 0x0d, 0x48, 0x00, 0x00, 0x00,
  0x00, 0x01, 0x01, 0x00, 0x00, 0xe2, 0x0f, 0x00, 0x21, 0x72, 0x4b, 0x5e,
  0x4b, 0x00, 0x00, 0x00, 0x00, 0x01, 0x01, 0x00, 0x00, 0xe2, 0x0f, 0x04,
  0x21, 0x72, 0x35, 0x5e, 0x35, 0x00, 0x00, 0x00, 0x00, 0x01, 0x01, 0x00,
  0x00, 0xe2, 0x0f, 0x04, 0x21, 0x72, 0x33, 0x5e, 0x33, 0x00, 0x00, 0x00,
  0x00, 0x01, 0x01, 0x00, 0x00, 0xe2, 0x0f, 0x00, 0x20, 0x78, 0x54, 0x54,
  0x3b, 0xaa, 0xb8, 0x3f, 0x00, 0x00, 0x41, 0x00, 0x00, 0xe2, 0x0f, 0x00,
  0x20, 0x78, 0x55, 0x55, 0x3b, 0xaa, 0xb8, 0x3f, 0x00, 0x00, 0x41, 0x00,
  0x00, 0xe2, 0x0f, 0x00, 0x08, 0x73, 0xad, 0x00, 0x53, 0x00, 0x00, 0x00,
  0x00, 0x08, 0x00, 0x00, 0x00, 0xa2, 0x0e, 0x00, 0x21, 0x72, 0x3c, 0x2f,
  0x38, 0x00, 0x00, 0x00, 0x00, 0x00, 0x01, 0x00, 0x00, 0xe2, 0x2f, 0x00,
  0x20, 0x78, 0x48, 0x48, 0x3b, 0xaa, 0xb8, 0x3f, 0x00, 0x00, 0x41, 0x00,
  0x00, 0xe2, 0x0f, 0x00, 0x20, 0x78, 0x4b, 0x4b, 0x3b, 0xaa, 0xb8, 0x3f,
  0x00, 0x00, 0x41, 0x00, 0x00, 0xe2, 0x0f, 0x00, 0x20, 0x78, 0x35, 0x35,
  0x3b, 0xaa, 0xb8, 0x3f, 0x00, 0x00, 0x41, 0x00, 0x00, 0xe2, 0x0f, 0x00,
  0x21, 0x72, 0x3c, 0xff, 0x3c, 0x00, 0x00, 0x00, 0x00, 0x00, 0x01, 0x00,
  0x00, 0xe2, 0x0f, 0x00, 0x20, 0x78, 0x33, 0x33, 0x3b, 0xaa, 0xb8, 0x3f,
  0x00, 0x00, 0x41, 0x00, 0x00, 0xe2, 0x0f, 0x00, 0x21, 0x72, 0x30, 0x0d,
  0x30, 0x00, 0x00, 0x00, 0x00, 0x01, 0x01, 0x00, 0x00, 0xe2, 0x0f, 0x00,
  0x08, 0x73, 0xa4, 0x00, 0x6c, 0x00, 0x00, 0x00, 0x00, 0x08, 0x00, 0x00,
  0x00, 0xe2, 0x0f, 0x00, 0x21, 0x72, 0x31, 0x5e, 0x31, 0x00, 0x00, 0x00,
  0x00, 0x01, 0x01, 0x00, 0x00, 0xc4, 0x0f, 0x00, 0x20, 0x78, 0x30, 0x30,
  0x3b, 0xaa, 0xb8, 0x3f, 0x00, 0x00, 0x41, 0x00, 0x00, 0xca, 0x0f, 0x00,
  0x08, 0x73, 0x6b, 0x00, 0x6b, 0x00, 0x00, 0x00, 0x00, 0x08, 0x00, 0x00,
  0x00, 0xf0, 0x0f, 0x00, 0x08, 0x73, 0x6a, 0x00, 0x46, 0x00, 0x00, 0x00,
  0x00, 0x08, 0x00, 0x00, 0x00, 0xf0, 0x0f, 0x00, 0x08, 0x73, 0x6d, 0x00,
  0x6d, 0x00, 0x00, 0x00, 0x00, 0x08, 0x00, 0x00, 0x00, 0xf0, 0x0f, 0x00,
  0x08, 0x73, 0x6c, 0x00, 0x51, 0x00, 0x00, 0x00, 0x00, 0x08, 0x00, 0x00,
  0x00, 0xf0, 0x0f, 0x00, 0x08, 0x73, 0x67, 0x00, 0x4e, 0x00, 0x00, 0x00,
  0x00, 0x08, 0x00, 0x00, 0x00, 0xf0, 0x0f, 0x00, 0x08, 0x73, 0x66, 0x00,
  0x44, 0x00, 0x00, 0x00, 0x00, 0x08, 0x00, 0x00, 0x00, 0x70, 0x0e, 0x00,
  0x08, 0x73, 0x7b, 0x00, 0x32, 0x00, 0x00, 0x00, 0x00, 0x08, 0x00, 0x00,
  0x00, 0xf0, 0x07, 0x00, 0x08, 0x73, 0x63, 0x00, 0x4a, 0x00, 0x00, 0x00,
  0x00, 0x08, 0x00, 0x00, 0x00, 0xe2, 0x0f, 0x00, 0x21, 0x72, 0x32, 0x2c,
  0x39, 0x00, 0x00, 0x00, 0x00, 0x00, 0x01, 0x00, 0x00, 0xc8, 0x8f, 0x00,
  0x21, 0x72, 0x32, 0xff, 0x32, 0x00, 0x00, 0x00, 0x00, 0x00, 0x01, 0x00,
  0x00, 0xc6, 0x0f, 0x00, 0x08, 0x73, 0x62, 0x00, 0x42, 0x00, 0x00, 0x00,
  0x00, 0x08, 0x00, 0x00, 0x00, 0xf0, 0x0f, 0x00, 0x08, 0x73, 0xa6, 0x00,
  0x68, 0x00, 0x00, 0x00, 0x00, 0x08, 0x00, 0x00, 0x00, 0xf0, 0x0f, 0x00,
  0x08, 0x73, 0x59, 0x00, 0x52, 0x00, 0x00, 0x00, 0x00, 0x08, 0x00, 0x00,
  0x00, 0xf0, 0x0f, 0x00, 0x08, 0x73, 0x58, 0x00, 0x40, 0x00, 0x00, 0x00,
  0x00, 0x08, 0x00, 0x00, 0x00, 0xf0, 0x0f, 0x00, 0x08, 0x73, 0xaa, 0x00,
  0x64, 0x00, 0x00, 0x00, 0x00, 0x08, 0x00, 0x00, 0x00, 0xf0, 0x0f, 0x00,
  0x08, 0x73, 0x78, 0x00, 0x56, 0x00, 0x00, 0x00, 0x00, 0x08, 0x00, 0x00,
  0x00, 0xf0, 0x0f, 0x00, 0x08, 0x73, 0x69, 0x00, 0x69, 0x00, 0x00, 0x00,
  0x00, 0x08, 0x00, 0x00, 0x00, 0xf0, 0x0f, 0x00, 0x08, 0x73, 0x68, 0x00,
  0x4f, 0x00, 0x00, 0x00, 0x00, 0x08, 0x00, 0x00, 0x00, 0xf0, 0x0e, 0x00,
  0x08, 0x73, 0x56, 0x00, 0x34, 0x00, 0x00, 0x00, 0x00, 0x08, 0x00, 0x00,
  0x00, 0xf0, 0x09, 0x00, 0x08, 0x73, 0x65, 0x00, 0x6f, 0x00, 0x00, 0x00,
  0x00, 0x08, 0x00, 0x00, 0x00, 0xe2, 0x0f, 0x00, 0x21, 0x72, 0x34, 0x2e,
  0x3b, 0x00, 0x00, 0x00, 0x00, 0x00, 0x01, 0x00, 0x00, 0xc8, 0x0f, 0x01,
  0x21, 0x72, 0x34, 0xff, 0x34, 0x00, 0x00, 0x00, 0x00, 0x00, 0x01, 0x00,
  0x00, 0xc6, 0x0f, 0x00, 0x08, 0x73, 0x64, 0x00, 0x4d, 0x00, 0x00, 0x00,
  0x00, 0x08, 0x00, 0x00, 0x00, 0x30, 0x0f, 0x00, 0x08, 0x73, 0x97, 0x00,
  0x41, 0x00, 0x00, 0x00, 0x00, 0x08, 0x00, 0x00, 0x00, 0xf0, 0x0b, 0x00,
  0x08, 0x73, 0x7c, 0x00, 0x36, 0x00, 0x00, 0x00, 0x00, 0x08, 0x00, 0x00,
  0x00, 0xe2, 0x03, 0x00, 0x21, 0x72, 0x41, 0xb0, 0xaf, 0x00, 0x00, 0x00,
  0x00, 0x00, 0x01, 0x00, 0x00, 0xc8, 0x0f, 0x02, 0x21, 0x72, 0x32, 0x32,
  0x41, 0x00, 0x00, 0x00, 0x00, 0x00, 0x01, 0x00, 0x00, 0xe2, 0x0f, 0x00,
  0x21, 0x72, 0x41, 0xae, 0xad, 0x00, 0x00, 0x00, 0x00, 0x00, 0x01, 0x00,
  0x00, 0xe4, 0x4f, 0x00, 0x08, 0x73, 0xa9, 0x00, 0x3e, 0x00, 0x00, 0x00,
  0x00, 0x08, 0x00, 0x00, 0x00, 0xe2, 0x0f, 0x00, 0x21, 0x72, 0x36, 0x2d,
  0x3a, 0x00, 0x00, 0x00, 0x00, 0x00, 0x01, 0x00, 0x00, 0xc8, 0x2f, 0x00,
  0x21, 0x72, 0x36, 0xff, 0x36, 0x00, 0x00, 0x00, 0x00, 0x00, 0x01, 0x00,
  0x00, 0xc6, 0x0f, 0x00, 0x08, 0x73, 0x5b, 0x00, 0x71, 0x00, 0x00, 0x00,
  0x00, 0x08, 0x00, 0x00, 0x00, 0xe2, 0x0f, 0x00, 0x21, 0x72, 0x36, 0x36,
  0x41, 0x00, 0x00, 0x00, 0x00, 0x00, 0x01, 0x00, 0x00, 0xe2, 0x0f, 0x00,
  0x21, 0x72, 0x41, 0x67, 0x66, 0x00, 0x00, 0x00, 0x00, 0x00, 0x01, 0x00,
  0x00, 0xcc, 0x0f, 0x00, 0x08, 0x73, 0x5a, 0x00, 0x49, 0x00, 0x00, 0x00,
  0x00, 0x08, 0x00, 0x00, 0x00, 0xf0, 0x0f, 0x00, 0x08, 0x73, 0x53, 0x00,
  0x73, 0x00, 0x00, 0x00, 0x00, 0x08, 0x00, 0x00, 0x00, 0xf0, 0x0f, 0x00,
  0x08, 0x73, 0x52, 0x00, 0x47, 0x00, 0x00, 0x00, 0x00, 0x08, 0x00, 0x00,
  0x00, 0x70, 0x0e, 0x00, 0x08, 0x73, 0xa1, 0x00, 0x43, 0x00, 0x00, 0x00,
  0x00, 0x08, 0x00, 0x00, 0x00, 0xf0, 0x05, 0x00, 0x08, 0x73, 0xa8, 0x00,
  0x75, 0x00, 0x00, 0x00, 0x00, 0x08, 0x00, 0x00, 0x00, 0xe2, 0x0f, 0x00,
  0x21, 0x72, 0x43, 0xac, 0xab, 0x00, 0x00, 0x00, 0x00, 0x00, 0x01, 0x00,
  0x00, 0xc8, 0x4f, 0x00, 0x21, 0x72, 0x34, 0x34, 0x43, 0x00, 0x00, 0x00,
  0x00, 0x00, 0x01, 0x00, 0x00, 0xe2, 0x0f, 0x00, 0x21, 0x72, 0x43, 0x6d,
  0x6c, 0x00, 0x00, 0x00, 0x00, 0x00, 0x01, 0x00, 0x00, 0xe4, 0x0f, 0x00,
  0x08, 0x73, 0xa7, 0x00, 0x45, 0x00, 0x00, 0x00, 0x00, 0x08, 0x00, 0x00,
  0x00, 0xe2, 0x0f, 0x00, 0x21, 0x72, 0x34, 0x34, 0x41, 0x00, 0x00, 0x00,
  0x00, 0x00, 0x01, 0x00, 0x00, 0xe2, 0x0f, 0x00, 0x21, 0x72, 0x3c, 0x3c,
  0x43, 0x00, 0x00, 0x00, 0x00, 0x00, 0x01, 0x00, 0x00, 0xe2, 0x0f, 0x00,
  0x21, 0x72, 0x43, 0x69, 0x68, 0x00, 0x00, 0x00, 0x00, 0x00, 0x01, 0x00,
  0x00, 0xe2, 0x8f, 0x00, 0x21, 0x72, 0x41, 0x65, 0x64, 0x00, 0x00, 0x00,
  0x00, 0x00, 0x01, 0x00, 0x00, 0xc6, 0x0f, 0x01, 0x21, 0x72, 0x36, 0x36,
  0x43, 0x00, 0x00, 0x00, 0x00, 0x00, 0x01, 0x00, 0x00, 0xe2, 0x0f, 0x00,
  0x08, 0x73, 0xa2, 0x00, 0x7d, 0x00, 0x00, 0x00, 0x00, 0x08, 0x00, 0x00,
  0x00, 0xe2, 0x0f, 0x00, 0x21, 0x72, 0x3c, 0x3c, 0x41, 0x00, 0x00, 0x00,
  0x00, 0x00, 0x01, 0x00, 0x00, 0xce, 0x0f, 0x00, 0x08, 0x73, 0xa3, 0x00,
  0x79, 0x00, 0x00, 0x00, 0x00, 0x08, 0x00, 0x00, 0x00, 0xb0, 0x0e, 0x00,
  0x08, 0x73, 0x7d, 0x00, 0x3f, 0x00, 0x00, 0x00, 0x00, 0x08, 0x00, 0x00,
  0x00, 0xf0, 0x07, 0x00, 0x08, 0x73, 0xa0, 0x00, 0x6e, 0x00, 0x00, 0x00,
  0x00, 0x08, 0x00, 0x00, 0x00, 0x22, 0x0f, 0x00, 0x21, 0x72, 0x3f, 0x6b,
  0x6a, 0x00, 0x00, 0x00, 0x00, 0x00, 0x01, 0x00, 0x00, 0xc8, 0x8f, 0x00,
  0x21, 0x72, 0x32, 0x32, 0x3f, 0x00, 0x00, 0x00, 0x00, 0x00, 0x01, 0x00,
  0x00, 0xe2, 0x0f, 0x00, 0x21, 0x72, 0x3f, 0x59, 0x58, 0x00, 0x00, 0x00,
  0x00, 0x00, 0x01, 0x00, 0x00, 0xe4, 0x0f, 0x00, 0x08, 0x73, 0x7a, 0x00,
  0x3d, 0x00, 0x00, 0x00, 0x00, 0x08, 0x00, 0x00, 0x00, 0xe4, 0x07, 0x00,
  0x21, 0x72, 0x34, 0x34, 0x3f, 0x00, 0x00, 0x00, 0x00, 0x00, 0x01, 0x00,
  0x00, 0xe2, 0x0f, 0x00, 0x21, 0x72, 0x3f, 0x53, 0x52, 0x00, 0x00, 0x00,
  0x00, 0x00, 0x01, 0x00, 0x00, 0xc8, 0x2f, 0x00, 0x21, 0x72, 0x3c, 0x3c,
  0x3f, 0x00, 0x00, 0x00, 0x00, 0x00, 0x01, 0x00, 0x00, 0xe2, 0x0f, 0x00,
  0x08, 0x73, 0x96, 0x00, 0xb3, 0x00, 0x00, 0x00, 0x00, 0x08, 0x00, 0x00,
  0x00, 0xe2, 0x0f, 0x00, 0x21, 0x72, 0x3d, 0x63, 0x62, 0x00, 0x00, 0x00,
  0x00, 0x00, 0x01, 0x00, 0x00, 0xe2, 0x8f, 0x00, 0x21, 0x72, 0x3f, 0xa3,
  0xa1, 0x00, 0x00, 0x00, 0x00, 0x00, 0x01, 0x00, 0x00, 0xc6, 0x4f, 0x00,
  0x21, 0x72, 0x32, 0x32, 0x3d, 0x00, 0x00, 0x00, 0x00, 0x00, 0x01, 0x00,
  0x00, 0xe2, 0x0f, 0x00, 0x21, 0x72, 0x3d, 0x5b, 0x5a, 0x00, 0x00, 0x00,
  0x00, 0x00, 0x01, 0x00, 0x00, 0xe2, 0x0f, 0x00, 0x21, 0x72, 0x3c, 0x3c,
  0x3f, 0x00, 0x00, 0x00, 0x00, 0x00, 0x01, 0x00, 0x00, 0xe2, 0x0f, 0x00,
  0x08, 0x73, 0x93, 0x00, 0x93, 0x00, 0x00, 0x00, 0x00, 0x08, 0x00, 0x00,
  0x00, 0x64, 0x0e, 0x00, 0x21, 0x72, 0x36, 0x36, 0x3d, 0x00, 0x00, 0x00,
  0x00, 0x00, 0x01, 0x00, 0x00, 0xe2, 0x0f, 0x00, 0x21, 0x72, 0x3d, 0xa8,
  0xa7, 0x00, 0x00, 0x00, 0x00, 0x00, 0x01, 0x00, 0x00, 0xc8, 0x0f, 0x00,
  0x21, 0x72, 0x36, 0x36, 0x3d, 0x00, 0x00, 0x00, 0x00, 0x00, 0x01, 0x00,
  0x00, 0xe2, 0x0f, 0x00, 0x08, 0x73, 0x94, 0x00, 0x76, 0x00, 0x00, 0x00,
  0x00, 0x08, 0x00, 0x00, 0x00, 0xe2, 0x0f, 0x00, 0x21, 0x72, 0x3d, 0xa0,
  0x95, 0x00, 0x00, 0x00, 0x00, 0x00, 0x01, 0x00, 0x00, 0xce, 0x0f, 0x01,
  0x08, 0x73, 0x91, 0x00, 0x70, 0x00, 0x00, 0x00, 0x00, 0x08, 0x00, 0x00,
  0x00, 0xe2, 0x0f, 0x00, 0x21, 0x72, 0x3f, 0x96, 0x93, 0x00, 0x00, 0x00,
  0x00, 0x00, 0x01, 0x00, 0x00, 0xc8, 0x2f, 0x00, 0x21, 0x72, 0x3c, 0x3c,
  0x3f, 0x00, 0x00, 0x00, 0x00, 0x00, 0x01, 0x00, 0x00, 0xc6, 0x0f, 0x00,
  0x08, 0x73, 0x92, 0x00, 0xb1, 0x00, 0x00, 0x00, 0x00, 0x08, 0x00, 0x00,
  0x00, 0xf0, 0x0f, 0x00, 0x08, 0x73, 0x79, 0x00, 0x37, 0x00, 0x00, 0x00,
  0x00, 0x08, 0x00, 0x00, 0x00, 0xb0, 0x02, 0x00, 0x08, 0x73, 0x77, 0x00,
  0x54, 0x00, 0x00, 0x00, 0x00, 0x08, 0x00, 0x00, 0x00, 0xe2, 0x0f, 0x00,
  0x21, 0x72, 0x37, 0xaa, 0xa9, 0x00, 0x00, 0x00, 0x00, 0x00, 0x01, 0x00,
  0x00, 0xc8, 0x2f, 0x00, 0x21, 0x72, 0x32, 0x32, 0x37, 0x00, 0x00, 0x00,
  0x00, 0x00, 0x01, 0x00, 0x00, 0xe2, 0x0f, 0x00, 0x21, 0x72, 0x37, 0xa6,
  0xa5, 0x00, 0x00, 0x00, 0x00, 0x00, 0x01, 0x00, 0x00, 0xe4, 0x0f, 0x00,
  0x08, 0x73, 0x76, 0x00, 0x55, 0x00, 0x00, 0x00, 0x00, 0x08, 0x00, 0x00,
  0x00, 0xe4, 0x0f, 0x00, 0x21, 0x72, 0x34, 0x34, 0x37, 0x00, 0x00, 0x00,
  0x00, 0x00, 0x01, 0x00, 0x00, 0xe2, 0x0f, 0x00, 0x21, 0x72, 0x37, 0xa4,
  0x9f, 0x00, 0x00, 0x00, 0x00, 0x00, 0x01, 0x00, 0x00, 0xc6, 0x0f, 0x00,
  0x21, 0x72, 0x34, 0x34, 0x3d, 0x00, 0x00, 0x00, 0x00, 0x00, 0x01, 0x00,
  0x00, 0xe2, 0x0f, 0x00, 0x21, 0x72, 0x32, 0x32, 0x37, 0x00, 0x00, 0x00,
  0x00, 0x00, 0x01, 0x00, 0x00, 0xe2, 0x0f, 0x00, 0x08, 0x73, 0x57, 0x00,
  0x48, 0x00, 0x00, 0x00, 0x00, 0x08, 0x00, 0x00, 0x00, 0xe2, 0x0f, 0x00,
  0x21, 0x72, 0x37, 0x7c, 0x7b, 0x00, 0x00, 0x00, 0x00, 0x00, 0x01, 0x00,
  0x00, 0xe2, 0x0f, 0x00, 0x21, 0x72, 0x3d, 0x7a, 0x79, 0x00, 0x00, 0x00,
  0x00, 0x00, 0x01, 0x00, 0x00, 0xc6, 0x4f, 0x00, 0x21, 0x72, 0x34, 0x34,
  0x37, 0x00, 0x00, 0x00, 0x00, 0x00, 0x01, 0x00, 0x00, 0xe2, 0x0f, 0x00,
  0x21, 0x72, 0x3c, 0x3c, 0x3d, 0x00, 0x00, 0x00, 0x00, 0x00, 0x01, 0x00,
  0x00, 0xe4, 0x0f, 0x00, 0x08, 0x73, 0x75, 0x00, 0x4b, 0x00, 0x00, 0x00,
  0x00, 0x08, 0x00, 0x00, 0x00, 0x70, 0x0e, 0x00, 0x08, 0x73, 0x55, 0x00,
  0x35, 0x00, 0x00, 0x00, 0x00, 0x08, 0x00, 0x00, 0x00, 0xf0, 0x05, 0x00,
  0x08, 0x73, 0x54, 0x00, 0x33, 0x00, 0x00, 0x00, 0x00, 0x08, 0x00, 0x00,
  0x00, 0x22, 0x07, 0x00, 0x21, 0x72, 0x35, 0xa2, 0x97, 0x00, 0x00, 0x00,
  0x00, 0x00, 0x01, 0x00, 0x00, 0xe2, 0x4f, 0x00, 0x21, 0x72, 0x37, 0x76,
  0x75, 0x00, 0x00, 0x00, 0x00, 0x00, 0x01, 0x00, 0x00, 0xc6, 0x2f, 0x00,
  0x21, 0x72, 0x36, 0x36, 0x35, 0x00, 0x00, 0x00, 0x00, 0x00, 0x01, 0x00,
  0x00, 0xe2, 0x0f, 0x00, 0x21, 0x72, 0x35, 0x94, 0x91, 0x00, 0x00, 0x00,
  0x00, 0x00, 0x01, 0x00, 0x00, 0xe4, 0x0f, 0x00, 0x08, 0x73, 0x30, 0x00,
  0x30, 0x00, 0x00, 0x00, 0x00, 0x08, 0x00, 0x00, 0x00, 0x62, 0x0e, 0x00,
  0x21, 0x72, 0x33, 0x92, 0x7d, 0x00, 0x00, 0x00, 0x00, 0x00, 0x01, 0x00,
  0x00, 0xe2, 0x8f, 0x00, 0x21, 0x72, 0x32, 0x32, 0x35, 0x00, 0x00, 0x00,
  0x00, 0x00, 0x01, 0x00, 0x00, 0xe2, 0x0f, 0x00, 0x21, 0x72, 0x35, 0x57,
  0x56, 0x00, 0x00, 0x00, 0x00, 0x00, 0x01, 0x00, 0x00, 0xe4, 0x0f, 0x00,
  0x21, 0x72, 0x36, 0x36, 0x33, 0x00, 0x00, 0x00, 0x00, 0x00, 0x01, 0x00,
  0x00, 0xe2, 0x0f, 0x00, 0x21, 0x72, 0x33, 0x78, 0x77, 0x00, 0x00, 0x00,
  0x00, 0x00, 0x01, 0x00, 0x00, 0xe2, 0x0f, 0x00, 0x21, 0x72, 0x35, 0x34,
  0x35, 0x00, 0x00, 0x00, 0x00, 0x00, 0x01, 0x00, 0x00, 0xe2, 0x0f, 0x00,
  0x21, 0x72, 0x3d, 0x55, 0x54, 0x00, 0x00, 0x00, 0x00, 0x00, 0x01, 0x00,
  0x00, 0xe2, 0x0f, 0x01, 0x21, 0x72, 0x36, 0x36, 0x37, 0x00, 0x00, 0x00,
  0x00, 0x00, 0x01, 0x00, 0x00, 0xe2, 0x0f, 0x00, 0x21, 0x72, 0x32, 0x32,
  0x33, 0x00, 0x00, 0x00, 0x00, 0x00, 0x01, 0x00, 0x00, 0xc4, 0x0f, 0x00,
  0x21, 0x72, 0x3d, 0x3c, 0x3d, 0x00, 0x00, 0x00, 0x00, 0x00, 0x01, 0x00,
  0x00, 0xe4, 0x0f, 0x00, 0x21, 0x72, 0x35, 0x32, 0x35, 0x00, 0x00, 0x00,
  0x00, 0x00, 0x01, 0x00, 0x00, 0xe2, 0x0f, 0x00, 0x20, 0x78, 0x32, 0x31,
  0x3b, 0xaa, 0xb8, 0x3f, 0x00, 0x00, 0x41, 0x00, 0x00, 0xe2, 0x0f, 0x00,
  0x21, 0x72, 0x36, 0x36, 0x3d, 0x00, 0x00, 0x00, 0x00, 0x00, 0x01, 0x00,
  0x00, 0xe2, 0x0f, 0x00, 0x3e, 0x72, 0x31, 0x30, 0x30, 0x00, 0x00, 0x00,
  0xff, 0x00, 0x00, 0x00, 0x00, 0xe4, 0x2f, 0x00, 0x89, 0x7f, 0x34, 0x35,
  0x00, 0x1f, 0x20, 0x0c, 0x00, 0x00, 0x0e, 0x00, 0x00, 0x62, 0x0e, 0x00,
  0x08, 0x73, 0x33, 0x00, 0x32, 0x00, 0x00, 0x00, 0x00, 0x08, 0x00, 0x00,
  0x00, 0xa4, 0x0e, 0x00, 0x32, 0x72, 0x0e, 0x31, 0x0e, 0x00, 0x00, 0x00,
  0x00, 0x00, 0x00, 0x00, 0x00, 0xe2, 0x0f, 0x04, 0x89, 0x7f, 0x3d, 0x36,
  0x00, 0x1f, 0x20, 0x0c, 0x00, 0x00, 0x0e, 0x00, 0x00, 0xe2, 0x0e, 0x00,
  0x32, 0x72, 0x10, 0x31, 0x10, 0x00, 0x00, 0x00, 0x00, 0x00, 0x00, 0x00,
  0x00, 0xc4, 0x0f, 0x00, 0x32, 0x72, 0x12, 0x31, 0x12, 0x00, 0x00, 0x00,
  0x00, 0x00, 0x00, 0x00, 0x00, 0xe4, 0x0f, 0x04, 0x32, 0x72, 0x14, 0x31,
  0x14, 0x00, 0x00, 0x00, 0x00, 0x00, 0x00, 0x00, 0x00, 0xe4, 0x0f, 0x04,
  0x32, 0x72, 0x16, 0x31, 0x16, 0x00, 0x00, 0x00, 0x00, 0x00, 0x00, 0x00,
  0x00, 0xe4, 0x0f, 0x04, 0x32, 0x72, 0x18, 0x31, 0x18, 0x00, 0x00, 0x00,
  0x00, 0x00, 0x00, 0x00, 0x00, 0xe4, 0x0f, 0x04, 0x32, 0x72, 0x1a, 0x31,
  0x1a, 0x00, 0x00, 0x00, 0x00, 0x00, 0x00, 0x00, 0x00, 0xe4, 0x0f, 0x04,
  0x32, 0x72, 0x1c, 0x31, 0x1c, 0x00, 0x00, 0x00, 0x00, 0x00, 0x00, 0x00,
  0x00, 0xc4, 0x0f, 0x00, 0x32, 0x72, 0x1e, 0x31, 0x1e, 0x00, 0x00, 0x00,
  0x00, 0x00, 0x00, 0x00, 0x00, 0xe4, 0x0f, 0x04, 0x32, 0x72, 0x20, 0x31,
  0x20, 0x00, 0x00, 0x00, 0x00, 0x00, 0x00, 0x00, 0x00, 0xe4, 0x0f, 0x04,
  0x32, 0x72, 0x22, 0x31, 0x22, 0x00, 0x00, 0x00, 0x00, 0x00, 0x00, 0x00,
  0x00, 0xe2, 0x0f, 0x04, 0x21, 0x72, 0x37, 0x35, 0x34, 0x00, 0x00, 0x00,
  0x00, 0x00, 0x01, 0x00, 0x00, 0xe2, 0x2f, 0x00, 0x3e, 0x72, 0x34, 0x33,
  0x33, 0x00, 0x00, 0x00, 0xff, 0x00, 0x00, 0x00, 0x00, 0xe2, 0x4f, 0x00,
  0x32, 0x72, 0x24, 0x31, 0x24, 0x00, 0x00, 0x00, 0x00, 0x00, 0x00, 0x00,
  0x00, 0xe2, 0x0f, 0x04, 0x21, 0x72, 0x3d, 0x36, 0x3d, 0x00, 0x00, 0x00,
  0x00, 0x00, 0x01, 0x00, 0x00, 0xe4, 0x8f, 0x00, 0x89, 0x7f, 0x3c, 0x37,
  0x00, 0x1f, 0x40, 0x0c, 0x00, 0x00, 0x0e, 0x00, 0x00, 0x62, 0x0e, 0x00,
  0x32, 0x72, 0x26, 0x31, 0x26, 0x00, 0x00, 0x00, 0x00, 0x00, 0x00, 0x00,
  0x00, 0xc4, 0x0f, 0x00, 0x32, 0x72, 0x28, 0x31, 0x28, 0x00, 0x00, 0x00,
  0x00, 0x00, 0x00, 0x00, 0x00, 0xe2, 0x0f, 0x04, 0x89, 0x7f, 0x3e, 0x3d,
  0x00, 0x1f, 0x40, 0x0c, 0x00, 0x00, 0x0e, 0x00, 0x00, 0xa2, 0x0e, 0x00,
  0x32, 0x72, 0x2a, 0x31, 0x2a, 0x00, 0x00, 0x00, 0x00, 0x00, 0x00, 0x00,
  0x00, 0xe4, 0x0f, 0x04, 0x32, 0x72, 0x5c, 0x31, 0x5c, 0x00, 0x00, 0x00,
  0x00, 0x00, 0x00, 0x00, 0x00, 0xe4, 0x0f, 0x00, 0x32, 0x72, 0x0f, 0x34,
  0x0f, 0x00, 0x00, 0x00, 0x00, 0x00, 0x00, 0x00, 0x00, 0xe4, 0x0f, 0x04,
  0x32, 0x72, 0x11, 0x34, 0x11, 0x00, 0x00, 0x00, 0x00, 0x00, 0x00, 0x00,
  0x00, 0xe4, 0x0f, 0x04, 0x32, 0x72, 0x13, 0x34, 0x13, 0x00, 0x00, 0x00,
  0x00, 0x00, 0x00, 0x00, 0x00, 0xc4, 0x0f, 0x00, 0x32, 0x72, 0x15, 0x34,
  0x15, 0x00, 0x00, 0x00, 0x00, 0x00, 0x00, 0x00, 0x00, 0xe4, 0x0f, 0x04,
  0x32, 0x72, 0x17, 0x34, 0x17, 0x00, 0x00, 0x00, 0x00, 0x00, 0x00, 0x00,
  0x00, 0xe4, 0x0f, 0x04, 0x32, 0x72, 0x19, 0x34, 0x19, 0x00, 0x00, 0x00,
  0x00, 0x00, 0x00, 0x00, 0x00, 0xe4, 0x0f, 0x04, 0x32, 0x72, 0x1b, 0x34,
  0x1b, 0x00, 0x00, 0x00, 0x00, 0x00, 0x00, 0x00, 0x00, 0xe4, 0x0f, 0x04,
  0x32, 0x72, 0x1d, 0x34, 0x1d, 0x00, 0x00, 0x00, 0x00, 0x00, 0x00, 0x00,
  0x00, 0xe2, 0x0f, 0x04, 0x21, 0x72, 0x37, 0x37, 0x3c, 0x00, 0x00, 0x00,
  0x00, 0x00, 0x01, 0x00, 0x00, 0xe2, 0x2f, 0x00, 0x32, 0x72, 0x1f, 0x34,
  0x1f, 0x00, 0x00, 0x00, 0x00, 0x00, 0x00, 0x00, 0x00, 0xc4, 0x0f, 0x00,
  0x32, 0x72, 0x21, 0x34, 0x21, 0x00, 0x00, 0x00, 0x00, 0x00, 0x00, 0x00,
  0x00, 0xe2, 0x0f, 0x04, 0x21, 0x72, 0x3e, 0x3d, 0x3e, 0x00, 0x00, 0x00,
  0x00, 0x00, 0x01, 0x00, 0x00, 0xe2, 0x4f, 0x00, 0x32, 0x72, 0x23, 0x34,
  0x23, 0x00, 0x00, 0x00, 0x00, 0x00, 0x00, 0x00, 0x00, 0xe2, 0x0f, 0x04,
  0x23, 0x72, 0x5f, 0x30, 0x5f, 0x00, 0x00, 0x00, 0x37, 0x00, 0x01, 0x00,
  0x00, 0xe2, 0x0f, 0x00, 0x32, 0x72, 0x25, 0x34, 0x25, 0x00, 0x00, 0x00,
  0x00, 0x00, 0x00, 0x00, 0x00, 0xe2, 0x0f, 0x04, 0x23, 0x72, 0x60, 0x33,
  0x60, 0x00, 0x00, 0x00, 0x3e, 0x00, 0x01, 0x00, 0x00, 0xe2, 0x0f, 0x00,
  0x32, 0x72, 0x27, 0x34, 0x27, 0x00, 0x00, 0x00, 0x00, 0x00, 0x00, 0x00,
  0x00, 0xe4, 0x0f, 0x04, 0x32, 0x72, 0x29, 0x34, 0x29, 0x00, 0x00, 0x00,
  0x00, 0x00, 0x00, 0x00, 0x00, 0xe4, 0x0f, 0x04, 0x32, 0x72, 0x2b, 0x34,
  0x2b, 0x00, 0x00, 0x00, 0x00, 0x00, 0x00, 0x00, 0x00, 0xc4, 0x0f, 0x00,
  0x32, 0x72, 0x5d, 0x34, 0x5d, 0x00, 0x00, 0x00, 0x00, 0x00, 0x00, 0x00,
  0x00, 0xe2, 0x0f, 0x00, 0x47, 0x79, 0x00, 0x00, 0x20, 0x11, 0x00, 0x00,
  0x00, 0x00, 0x80, 0x03, 0x00, 0xea, 0x0f, 0x00, 0x89, 0x7f, 0x0d, 0x5e,
  0x00, 0x1f, 0x20, 0x0c, 0x00, 0x00, 0x0e, 0x00, 0x00, 0x68, 0x0e, 0x00,
  0x89, 0x7f, 0x30, 0x2d, 0x00, 0x1f, 0x20, 0x0c, 0x00, 0x00, 0x0e, 0x00,
  0x00, 0xa2, 0x0e, 0x00, 0x09, 0x72, 0x2e, 0x5e, 0x0d, 0x00, 0x00, 0x00,
  0x00, 0x00, 0x81, 0x07, 0x00, 0xe4, 0x2f, 0x00, 0x09, 0x72, 0x30, 0x2d,
  0x30, 0x00, 0x00, 0x00, 0x00, 0x00, 0x81, 0x07, 0x00, 0xc6, 0x4f, 0x00,
  0x89, 0x7f, 0x0d, 0x2e, 0x00, 0x1f, 0x40, 0x0c, 0x00, 0x00, 0x0e, 0x00,
  0x00, 0x68, 0x0e, 0x00, 0x89, 0x7f, 0x2d, 0x30, 0x00, 0x1f, 0x40, 0x0c,
  0x00, 0x00, 0x0e, 0x00, 0x00, 0xa2, 0x0e, 0x00, 0x09, 0x72, 0x0d, 0x2e,
  0x0d, 0x00, 0x00, 0x00, 0x00, 0x00, 0x81, 0x07, 0x00, 0xe4, 0x2f, 0x00,
  0x09, 0x72, 0x5e, 0x30, 0x2d, 0x00, 0x00, 0x00, 0x00, 0x00, 0x81, 0x07,
  0x00, 0xc6, 0x4f, 0x00, 0x21, 0x72, 0x74, 0x0d, 0x74, 0x00, 0x00, 0x00,
  0x00, 0x01, 0x01, 0x00, 0x00, 0xe2, 0x0f, 0x04, 0x21, 0x72, 0x58, 0x0d,
  0x58, 0x00, 0x00, 0x00, 0x00, 0x01, 0x01, 0x00, 0x00, 0xe2, 0x0f, 0x04,
  0x21, 0x72, 0x6a, 0x0d, 0x6a, 0x00, 0x00, 0x00, 0x00, 0x01, 0x01, 0x00,
  0x00, 0xe2, 0x0f, 0x04, 0x21, 0x72, 0x62, 0x0d, 0x62, 0x00, 0x00, 0x00,
  0x00, 0x01, 0x01, 0x00, 0x00, 0xe2, 0x0f, 0x04, 0x21, 0x72, 0x5a, 0x0d,
  0x5a, 0x00, 0x00, 0x00, 0x00, 0x01, 0x01, 0x00, 0x00, 0xe2, 0x0f, 0x04,
  0x20, 0x78, 0x74, 0x74, 0x3b, 0xaa, 0xb8, 0x3f, 0x00, 0x00, 0x41, 0x00,
  0x00, 0xe2, 0x0f, 0x00, 0x20, 0x78, 0x58, 0x58, 0x3b, 0xaa, 0xb8, 0x3f,
  0x00, 0x00, 0x41, 0x00, 0x00, 0xe2, 0x0f, 0x00, 0x21, 0x72, 0x4c, 0x0d,
  0x4c, 0x00, 0x00, 0x00, 0x00, 0x01, 0x01, 0x00, 0x00, 0xe2, 0x0f, 0x04,
  0x20, 0x78, 0xac, 0x6a, 0x3b, 0xaa, 0xb8, 0x3f, 0x00, 0x00, 0x41, 0x00,
  0x00, 0xe2, 0x0f, 0x00, 0x21, 0x72, 0x3a, 0x0d, 0x3a, 0x00, 0x00, 0x00,
  0x00, 0x01, 0x01, 0x00, 0x00, 0xe2, 0x0f, 0x04, 0x20, 0x78, 0x62, 0x62,
  0x3b, 0xaa, 0xb8, 0x3f, 0x00, 0x00, 0x41, 0x00, 0x00, 0xe2, 0x0f, 0x00,
  0x20, 0x78, 0x5a, 0x5a, 0x3b, 0xaa, 0xb8, 0x3f, 0x00, 0x00, 0x41, 0x00,
  0x00, 0xe2, 0x0f, 0x00, 0x08, 0x73, 0x2e, 0x00, 0x74, 0x00, 0x00, 0x00,
  0x00, 0x08, 0x00, 0x00, 0x00, 0xe2, 0x0f, 0x00, 0x21, 0x72, 0x72, 0x0d,
  0x72, 0x00, 0x00, 0x00, 0x00, 0x01, 0x01, 0x00, 0x00, 0xe2, 0x0f, 0x04,
  0x21, 0x72, 0x50, 0x0d, 0x50, 0x00, 0x00, 0x00, 0x00, 0x01, 0x01, 0x00,
  0x00, 0xe2, 0x0f, 0x04, 0x20, 0x78, 0x4c, 0x4c, 0x3b, 0xaa, 0xb8, 0x3f,
  0x00, 0x00, 0x41, 0x00, 0x00, 0xe2, 0x0f, 0x00, 0x21, 0x72, 0xa3, 0x5e,
  0xa3, 0x00, 0x00, 0x00, 0x00, 0x01, 0x01, 0x00, 0x00, 0xe2, 0x0f, 0x04,
  0x21, 0x72, 0x65, 0x5e, 0x65, 0x00, 0x00, 0x00, 0x00, 0x01, 0x01, 0x00,
  0x00, 0xe2, 0x0f, 0x00, 0x21, 0x72, 0x38, 0x0d, 0x38, 0x00, 0x00, 0x00,
  0x00, 0x01, 0x01, 0x00, 0x00, 0xe2, 0x0f, 0x04, 0x20, 0x78, 0x3a, 0x3a,
  0x3b, 0xaa, 0xb8, 0x3f, 0x00, 0x00, 0x41, 0x00, 0x00, 0xe2, 0x0f, 0x00,
  0x08, 0x73, 0x3b, 0x00, 0x58, 0x00, 0x00, 0x00, 0x00, 0x08, 0x00, 0x00,
  0x00, 0x62, 0x0e, 0x00, 0x20, 0x78, 0x72, 0x72, 0x3b, 0xaa, 0xb8, 0x3f,
  0x00, 0x00, 0x41, 0x00, 0x00, 0xe2, 0x0f, 0x00, 0x20, 0x78, 0x50, 0x50,
  0x3b, 0xaa, 0xb8, 0x3f, 0x00, 0x00, 0x41, 0x00, 0x00, 0xe2, 0x0f, 0x00,
  0x21, 0x72, 0xa1, 0x5e, 0xa1, 0x00, 0x00, 0x00, 0x00, 0x01, 0x01, 0x00,
  0x00, 0xe2, 0x0f, 0x04, 0x21, 0x72, 0x5b, 0x5e, 0x5b, 0x00, 0x00, 0x00,
  0x00, 0x01, 0x01, 0x00, 0x00, 0xe2, 0x0f, 0x04, 0x21, 0x72, 0x66, 0x0d,
  0x66, 0x00, 0x00, 0x00, 0x00, 0x01, 0x01, 0x00, 0x00, 0xe2, 0x0f, 0x00,
  0x20, 0x78, 0xa3, 0xa3, 0x3b, 0xaa, 0xb8, 0x3f, 0x00, 0x00, 0x41, 0x00,
  0x00, 0xe2, 0x0f, 0x00, 0x20, 0x78, 0x65, 0x65, 0x3b, 0xaa, 0xb8, 0x3f,
  0x00, 0x00, 0x41, 0x00, 0x00, 0xe2, 0x0f, 0x00, 0x08, 0x73, 0x2c, 0x00,
  0x62, 0x00, 0x00, 0x00, 0x00, 0x08, 0x00, 0x00, 0x00, 0xe2, 0x0f, 0x00,
  0x21, 0x72, 0x97, 0x5e, 0x97, 0x00, 0x00, 0x00, 0x00, 0x01, 0x01, 0x00,
  0x00, 0xe2, 0x0f, 0x04, 0x21, 0x72, 0x53, 0x5e, 0x53, 0x00, 0x00, 0x00,
  0x00, 0x01, 0x01, 0x00, 0x00, 0xe2, 0x0f, 0x00, 0x21, 0x72, 0x6c, 0x0d,
  0x6c, 0x00, 0x00, 0x00, 0x00, 0x01, 0x01, 0x00, 0x00, 0xe2, 0x0f, 0x04,
  0x20, 0x78, 0x38, 0x38, 0x3b, 0xaa, 0xb8, 0x3f, 0x00, 0x00, 0x41, 0x00,
  0x00, 0xe2, 0x0f, 0x00, 0x21, 0x72, 0x6d, 0x5e, 0x6d, 0x00, 0x00, 0x00,
  0x00, 0x01, 0x01, 0x00, 0x00, 0xe2, 0x0f, 0x04, 0x21, 0x72, 0x46, 0x0d,
  0x46, 0x00, 0x00, 0x00, 0x00, 0x01, 0x01, 0x00, 0x00, 0xe2, 0x0f, 0x00,
  0x20, 0x78, 0xa1, 0xa1, 0x3b, 0xaa, 0xb8, 0x3f, 0x00, 0x00, 0x41, 0x00,
  0x00, 0xe2, 0x0f, 0x00, 0x08, 0x73, 0x39, 0x00, 0x5a, 0x00, 0x00, 0x00,
  0x00, 0x08, 0x00, 0x00, 0x00, 0xa2, 0x0e, 0x00, 0x20, 0x78, 0x5b, 0x5b,
  0x3b, 0xaa, 0xb8, 0x3f, 0x00, 0x00, 0x41, 0x00, 0x00, 0xe2, 0x0f, 0x00,
  0x21, 0x72, 0x51, 0x5e, 0x51, 0x00, 0x00, 0x00, 0x00, 0x01, 0x01, 0x00,
  0x00, 0xe2, 0x0f, 0x00, 0x20, 0x78, 0x6b, 0x66, 0x3b, 0xaa, 0xb8, 0x3f,
  0x00, 0x00, 0x41, 0x00, 0x00, 0xe2, 0x0f, 0x00, 0x20, 0x78, 0x97, 0x97,
  0x3b, 0xaa, 0xb8, 0x3f, 0x00, 0x00, 0x41, 0x00, 0x00, 0xe2, 0x0f, 0x00,
  0x20, 0x78, 0x53, 0x53, 0x3b, 0xaa, 0xb8, 0x3f, 0x00, 0x00, 0x41, 0x00,
  0x00, 0xe2, 0x0f, 0x00, 0x21, 0x72, 0x4e, 0x0d, 0x4e, 0x00, 0x00, 0x00,
  0x00, 0x01, 0x01, 0x00, 0x00, 0xe2, 0x0f, 0x04, 0x21, 0x72, 0x44, 0x0d,
  0x44, 0x00, 0x00, 0x00, 0x00, 0x01, 0x01, 0x00, 0x00, 0xe2, 0x0f, 0x04,
  0x08, 0x73, 0xac, 0x00, 0xac, 0x00, 0x00, 0x00, 0x00, 0x08, 0x00, 0x00,
  0x00, 0xe2, 0x0f, 0x00, 0x21, 0x72, 0x64, 0x0d, 0x64, 0x00, 0x00, 0x00,
  0x00, 0x01, 0x01, 0x00, 0x00, 0xe2, 0x0f, 0x04, 0x21, 0x72, 0x68, 0x0d,
  0x68, 0x00, 0x00, 0x00, 0x00, 0x01, 0x01, 0x00, 0x00, 0xe2, 0x0f, 0x00,
  0x20, 0x78, 0x6c, 0x6c, 0x3b, 0xaa, 0xb8, 0x3f, 0x00, 0x00, 0x41, 0x00,
  0x00, 0xe2, 0x0f, 0x00, 0x20, 0x78, 0x6d, 0x6d, 0x3b, 0xaa, 0xb8, 0x3f,
  0x00, 0x00, 0x41, 0x00, 0x00, 0xe2, 0x0f, 0x00, 0x21, 0x72, 0x69, 0x5e,
  0x69, 0x00, 0x00, 0x00, 0x00, 0x01, 0x01, 0x00, 0x00, 0xe2, 0x0f, 0x00,
  0x20, 0x78, 0x46, 0x46, 0x3b, 0xaa, 0xb8, 0x3f, 0x00, 0x00, 0x41, 0x00,
  0x00, 0xe2, 0x0f, 0x00, 0x21, 0x72, 0x4a, 0x0d, 0x4a, 0x00, 0x00, 0x00,
  0x00, 0x01, 0x01, 0x00, 0x00, 0xe2, 0x0f, 0x04, 0x08, 0x73, 0xab, 0x00,
  0x4c, 0x00, 0x00, 0x00, 0x00, 0x08, 0x00, 0x00, 0x00, 0xe2, 0x0e, 0x00,
  0x21, 0x72, 0x42, 0x0d, 0x42, 0x00, 0x00, 0x00, 0x00, 0x01, 0x01, 0x00,
  0x00, 0xe2, 0x0f, 0x04, 0x21, 0x72, 0x32, 0x0d, 0x32, 0x00, 0x00, 0x00,
  0x00, 0x01, 0x01, 0x00, 0x00, 0xe2, 0x0f, 0x00, 0x20, 0x78, 0x51, 0x51,
  0x3b, 0xaa, 0xb8, 0x3f, 0x00, 0x00, 0x41, 0x00, 0x00, 0xe2, 0x0f, 0x00,
  0x21, 0x72, 0x4f, 0x5e, 0x4f, 0x00, 0x00, 0x00, 0x00, 0x01, 0x01, 0x00,
  0x00, 0xe2, 0x0f, 0x04, 0x21, 0x72, 0x6f, 0x5e, 0x6f, 0x00, 0x00, 0x00,
  0x00, 0x01, 0x01, 0x00, 0x00, 0xe2, 0x0f, 0x04, 0x21, 0x72, 0x4d, 0x5e,
  0x4d, 0x00, 0x00, 0x00, 0x00, 0x01, 0x01, 0x00, 0x00, 0xe2, 0x0f, 0x00,
  0x20, 0x78, 0x4e, 0x4e, 0x3b, 0xaa, 0xb8, 0x3f, 0x00, 0x00, 0x41, 0x00,
  0x00, 0xe2, 0x0f, 0x00, 0x08, 0x73, 0xb0, 0x00, 0x72, 0x00, 0x00, 0x00,
  0x00, 0x08, 0x00, 0x00, 0x00, 0xe2, 0x0f, 0x00, 0x20, 0x78, 0x44, 0x44,
  0x3b, 0xaa, 0xb8, 0x3f, 0x00, 0x00, 0x41, 0x00, 0x00, 0xe2, 0x0f, 0x00,
  0x20, 0x78, 0x64, 0x64, 0x3b, 0xaa, 0xb8, 0x3f, 0x00, 0x00, 0x41, 0x00,
  0x00, 0xe2, 0x0f, 0x00, 0x20, 0x78, 0x68, 0x68, 0x3b, 0xaa, 0xb8, 0x3f,
  0x00, 0x00, 0x41, 0x00, 0x00, 0xe2, 0x0f, 0x00, 0x20, 0x78, 0x69, 0x69,
  0x3b, 0xaa, 0xb8, 0x3f, 0x00, 0x00, 0x41, 0x00, 0x00, 0xe2, 0x0f, 0x00,
  0x20, 0x78, 0x4a, 0x4a, 0x3b, 0xaa, 0xb8, 0x3f, 0x00, 0x00, 0x41, 0x00,
  0x00, 0xe2, 0x0f, 0x00, 0x20, 0x78, 0x42, 0x42, 0x3b, 0xaa, 0xb8, 0x3f,
  0x00, 0x00, 0x41, 0x00, 0x00, 0xe2, 0x0f, 0x00, 0x21, 0x72, 0x52, 0x0d,
  0x52, 0x00, 0x00, 0x00, 0x00, 0x01, 0x01, 0x00, 0x00, 0xe2, 0x0f, 0x04,
  0x08, 0x73, 0xaf, 0x00, 0x50, 0x00, 0x00, 0x00, 0x00, 0x08, 0x00, 0x00,
  0x00, 0xe2, 0x0f, 0x00, 0x21, 0x72, 0x40, 0x0d, 0x40, 0x00, 0x00, 0x00,
  0x00, 0x01, 0x01, 0x00, 0x00, 0xe2, 0x0f, 0x04, 0x21, 0x72, 0x3e, 0x0d,
  0x3e, 0x00, 0x00, 0x00, 0x00, 0x01, 0x01, 0x00, 0x00, 0xe2, 0x0f, 0x00,
  0x20, 0x78, 0x32, 0x32, 0x3b, 0xaa, 0xb8, 0x3f, 0x00, 0x00, 0x41, 0x00,
  0x00, 0xe2, 0x0f, 0x00, 0x21, 0x72, 0x41, 0x5e, 0x41, 0x00, 0x00, 0x00,
  0x00, 0x01, 0x01, 0x00, 0x00, 0xe2, 0x0f, 0x04, 0x20, 0x78, 0x4f, 0x4f,
  0x3b, 0xaa, 0xb8, 0x3f, 0x00, 0x00, 0x41, 0x00, 0x00, 0xe2, 0x0f, 0x00,
  0x20, 0x78, 0x6f, 0x6f, 0x3b, 0xaa, 0xb8, 0x3f, 0x00, 0x00, 0x41, 0x00,
  0x00, 0xe2, 0x0f, 0x00, 0x20, 0x78, 0x4d, 0x4d, 0x3b, 0xaa, 0xb8, 0x3f,
  0x00, 0x00, 0x41, 0x00, 0x00, 0xe2, 0x0f, 0x00, 0x08, 0x73, 0x9f, 0x00,
  0x3a, 0x00, 0x00, 0x00, 0x00, 0x08, 0x00, 0x00, 0x00, 0xe2, 0x0f, 0x00,
  0x21, 0x72, 0x71, 0x5e, 0x71, 0x00, 0x00, 0x00, 0x00, 0x01, 0x01, 0x00,
  0x00, 0xe2, 0x0f, 0x04, 0x21, 0x72, 0x49, 0x5e, 0x49, 0x00, 0x00, 0x00,
  0x00, 0x01, 0x01, 0x00, 0x00, 0xe2, 0x0f, 0x00, 0x21, 0x72, 0x31, 0x2e,
  0x3b, 0x00, 0x00, 0x00, 0x00, 0x00, 0x01, 0x00, 0x00, 0xe2, 0x2f, 0x00,
  0x21, 0x72, 0x73, 0x5e, 0x73, 0x00, 0x00, 0x00, 0x00, 0x01, 0x01, 0x00,
  0x00, 0xe2, 0x0f, 0x04, 0x21, 0x72, 0x47, 0x5e, 0x47, 0x00, 0x00, 0x00,
  0x00, 0x01, 0x01, 0x00, 0x00, 0xe2, 0x0f, 0x00, 0x20, 0x78, 0x52, 0x52,
  0x3b, 0xaa, 0xb8, 0x3f, 0x00, 0x00, 0x41, 0x00, 0x00, 0xe2, 0x0f, 0x00,
  0x20, 0x78, 0x40, 0x40, 0x3b, 0xaa, 0xb8, 0x3f, 0x00, 0x00, 0x41, 0x00,
  0x00, 0xe2, 0x0f, 0x00, 0x08, 0x73, 0x2d, 0x00, 0xa3, 0x00, 0x00, 0x00,
  0x00, 0x08, 0x00, 0x00, 0x00, 0xe2, 0x0f, 0x00, 0x20, 0x78, 0x3e, 0x3e,
  0x3b, 0xaa, 0xb8, 0x3f, 0x00, 0x00, 0x41, 0x00, 0x00, 0xe2, 0x0f, 0x00,
  0x21, 0x72, 0x34, 0x0d, 0x34, 0x00, 0x00, 0x00, 0x00, 0x01, 0x01, 0x00,
  0x00, 0xe2, 0x0f, 0x00, 0x20, 0x78, 0x41, 0x41, 0x3b, 0xaa, 0xb8, 0x3f,
  0x00, 0x00, 0x41, 0x00, 0x00, 0xe2, 0x0f, 0x00, 0x21, 0x72, 0x3c, 0x0d,
  0x3c, 0x00, 0x00, 0x00, 0x00, 0x01, 0x01, 0x00, 0x00, 0xe2, 0x0f, 0x00,
  0x20, 0x78, 0x71, 0x71, 0x3b, 0xaa, 0xb8, 0x3f, 0x00, 0x00, 0x41, 0x00,
  0x00, 0xe2, 0x0f, 0x00, 0x20, 0x78, 0x49, 0x49, 0x3b, 0xaa, 0xb8, 0x3f,
  0x00, 0x00, 0x41, 0x00, 0x00, 0xe2, 0x0f, 0x00, 0x21, 0x72, 0x75, 0x5e,
  0x75, 0x00, 0x00, 0x00, 0x00, 0x01, 0x01, 0x00, 0x00, 0xe2, 0x0f, 0x04,
  0x08, 0x73, 0x3a, 0x00, 0x65, 0x00, 0x00, 0x00, 0x00, 0x08, 0x00, 0x00,
  0x00, 0x62, 0x0e, 0x00, 0x21, 0x72, 0x45, 0x5e, 0x45, 0x00, 0x00, 0x00,
  0x00, 0x01, 0x01, 0x00, 0x00, 0xe2, 0x0f, 0x04, 0x21, 0x72, 0x7d, 0x5e,
  0x7d, 0x00, 0x00, 0x00, 0x00, 0x01, 0x01, 0x00, 0x00, 0xe2, 0x0f, 0x00,
  0x21, 0x72, 0x30, 0x2c, 0x39, 0x00, 0x00, 0x00, 0x00, 0x00, 0x01, 0x00,
  0x00, 0xe2, 0x4f, 0x00, 0x21, 0x72, 0x31, 0xff, 0x31, 0x00, 0x00, 0x00,
  0x00, 0x00, 0x01, 0x00, 0x00, 0xe2, 0x0f, 0x00, 0x21, 0x72, 0x56, 0x0d,
  0x56, 0x00, 0x00, 0x00, 0x00, 0x01, 0x01, 0x00, 0x00, 0xe2, 0x0f, 0x00,
  0x20, 0x78, 0x73, 0x73, 0x3b, 0xaa, 0xb8, 0x3f, 0x00, 0x00, 0x41, 0x00,
  0x00, 0xe2, 0x0f, 0x00, 0x20, 0x78, 0x47, 0x47, 0x3b, 0xaa, 0xb8, 0x3f,
  0x00, 0x00, 0x41, 0x00, 0x00, 0xe2, 0x0f, 0x00, 0x08, 0x73, 0x95, 0x00,
  0x38, 0x00, 0x00, 0x00, 0x00, 0x08, 0x00, 0x00, 0x00, 0xe2, 0x0f, 0x00,
  0x21, 0x72, 0x79, 0x5e, 0x79, 0x00, 0x00, 0x00, 0x00, 0x01, 0x01, 0x00,
  0x00, 0xe2, 0x0f, 0x04, 0x21, 0x72, 0x43, 0x5e, 0x43, 0x00, 0x00, 0x00,
  0x00, 0x01, 0x01, 0x00, 0x00, 0xe2, 0x0f, 0x04, 0x21, 0x72, 0x3f, 0x5e,
  0x3f, 0x00, 0x00, 0x00, 0x00, 0x01, 0x01, 0x00, 0x00, 0xe2, 0x0f, 0x00,
  0x20, 0x78, 0x34, 0x34, 0x3b, 0xaa, 0xb8, 0x3f, 0x00, 0x00, 0x41, 0x00,
  0x00, 0xe2, 0x0f, 0x00, 0x20, 0x78, 0x3c, 0x3c, 0x3b, 0xaa, 0xb8, 0x3f,
  0x00, 0x00, 0x41, 0x00, 0x00, 0xe2, 0x0f, 0x00, 0x20, 0x78, 0x75, 0x75,
  0x3b, 0xaa, 0xb8, 0x3f, 0x00, 0x00, 0x41, 0x00, 0x00, 0xe2, 0x0f, 0x00,
  0x20, 0x78, 0x45, 0x45, 0x3b, 0xaa, 0xb8, 0x3f, 0x00, 0x00, 0x41, 0x00,
  0x00, 0xe2, 0x0f, 0x00, 0x08, 0x73, 0x2f, 0x00, 0xa1, 0x00, 0x00, 0x00,
  0x00, 0x08, 0x00, 0x00, 0x00, 0xe2, 0x0f, 0x00, 0x20, 0x78, 0x7d, 0x7d,
  0x3b, 0xaa, 0xb8, 0x3f, 0x00, 0x00, 0x41, 0x00, 0x00, 0xe2, 0x0f, 0x00,
  0x21, 0x72, 0x93, 0x5e, 0x93, 0x00, 0x00, 0x00, 0x00, 0x01, 0x01, 0x00,
  0x00, 0xe2, 0x0f, 0x00, 0x21, 0x72, 0x30, 0xff, 0x30, 0x00, 0x00, 0x00,
  0x00, 0x00, 0x01, 0x00, 0x00, 0xe2, 0x0f, 0x00, 0x21, 0x72, 0x6e, 0x0d,
  0x6e, 0x00, 0x00, 0x00, 0x00, 0x01, 0x01, 0x00, 0x00, 0xe2, 0x0f, 0x00,
  0x20, 0x78, 0x79, 0x79, 0x3b, 0xaa, 0xb8, 0x3f, 0x00, 0x00, 0x41, 0x00,
  0x00, 0xe2, 0x0f, 0x00, 0x20, 0x78, 0x43, 0x43, 0x3b, 0xaa, 0xb8, 0x3f,
  0x00, 0x00, 0x41, 0x00, 0x00, 0xe2, 0x0f, 0x00, 0x20, 0x78, 0x78, 0x56,
  0x3b, 0xaa, 0xb8, 0x3f, 0x00, 0x00, 0x41, 0x00, 0x00, 0xe2, 0x0f, 0x00,
  0x08, 0x73, 0x38, 0x00, 0x5b, 0x00, 0x00, 0x00, 0x00, 0x08, 0x00, 0x00,
  0x00, 0xe2, 0x0f, 0x00, 0x21, 0x72, 0xb3, 0x5e, 0xb3, 0x00, 0x00, 0x00,
  0x00, 0x01, 0x01, 0x00, 0x00, 0xe2, 0x0f, 0x04, 0x21, 0x72, 0x3d, 0x5e,
  0x3d, 0x00, 0x00, 0x00, 0x00, 0x01, 0x01, 0x00, 0x00, 0xe2, 0x0f, 0x00,
  0x20, 0x78, 0x3f, 0x3f, 0x3b, 0xaa, 0xb8, 0x3f, 0x00, 0x00, 0x41, 0x00,
  0x00, 0xe2, 0x0f, 0x00, 0x21, 0x72, 0x36, 0x0d, 0x36, 0x00, 0x00, 0x00,
  0x00, 0x01, 0x01, 0x00, 0x00, 0xe2, 0x0f, 0x00, 0x20, 0x78, 0x93, 0x93,
  0x3b, 0xaa, 0xb8, 0x3f, 0x00, 0x00, 0x41, 0x00, 0x00, 0xe2, 0x0f, 0x00,
  0x20, 0x78, 0x6e, 0x6e, 0x3b, 0xaa, 0xb8, 0x3f, 0x00, 0x00, 0x41, 0x00,
  0x00, 0xe2, 0x0f, 0x00, 0x21, 0x72, 0x76, 0x0d, 0x76, 0x00, 0x00, 0x00,
  0x00, 0x01, 0x01, 0x00, 0x00, 0xe2, 0x0f, 0x04, 0x08, 0x73, 0xae, 0x00,
  0x97, 0x00, 0x00, 0x00, 0x00, 0x08, 0x00, 0x00, 0x00, 0xe2, 0x0f, 0x00,
  0x21, 0x72, 0x70, 0x0d, 0x70, 0x00, 0x00, 0x00, 0x00, 0x01, 0x01, 0x00,
  0x00, 0xe2, 0x0f, 0x00, 0x20, 0x78, 0xb3, 0xb3, 0x3b, 0xaa, 0xb8, 0x3f,
  0x00, 0x00, 0x41, 0x00, 0x00, 0xe2, 0x0f, 0x00, 0x21, 0x72, 0xb1, 0x5e,
  0xb1, 0x00, 0x00, 0x00, 0x00, 0x01, 0x01, 0x00, 0x00, 0xe2, 0x0f, 0x04,
  0x20, 0x78, 0x3d, 0x3d, 0x3b, 0xaa, 0xb8, 0x3f, 0x00, 0x00, 0x41, 0x00,
  0x00, 0xe2, 0x0f, 0x00, 0x21, 0x72, 0x37, 0x5e, 0x37, 0x00, 0x00, 0x00,
  0x00, 0x01, 0x01, 0x00, 0x00, 0xe2, 0x0f, 0x00, 0x20, 0x78, 0x36, 0x36,
  0x3b, 0xaa, 0xb8, 0x3f, 0x00, 0x00, 0x41, 0x00, 0x00, 0xe2, 0x0f, 0x00,
  0x21, 0x72, 0x54, 0x0d, 0x54, 0x00, 0x00, 0x00, 0x00, 0x01, 0x01, 0x00,
  0x00, 0xe2, 0x0f, 0x00, 0x08, 0x73, 0xad, 0x00, 0x53, 0x00, 0x00, 0x00,
  0x00, 0x08, 0x00, 0x00, 0x00, 0xa2, 0x0e, 0x00, 0x21, 0x72, 0x55, 0x5e,
  0x55, 0x00, 0x00, 0x00, 0x00, 0x01, 0x01, 0x00, 0x00, 0xe2, 0x0f, 0x00,
  0x20, 0x78, 0x76, 0x76, 0x3b, 0xaa, 0xb8, 0x3f, 0x00, 0x00, 0x41, 0x00,
  0x00, 0xe2, 0x0f, 0x00, 0x20, 0x78, 0x70, 0x70, 0x3b, 0xaa, 0xb8, 0x3f,
  0x00, 0x00, 0x41, 0x00, 0x00, 0xe2, 0x0f, 0x00, 0x20, 0x78, 0xb1, 0xb1,
  0x3b, 0xaa, 0xb8, 0x3f, 0x00, 0x00, 0x41, 0x00, 0x00, 0xe2, 0x0f, 0x00,
  0x20, 0x78, 0x37, 0x37, 0x3b, 0xaa, 0xb8, 0x3f, 0x00, 0x00, 0x41, 0x00,
  0x00, 0xe2, 0x0f, 0x00, 0x21, 0x72, 0x48, 0x0d, 0x48, 0x00, 0x00, 0x00,
  0x00, 0x01, 0x01, 0x00, 0x00, 0xe2, 0x0f, 0x00, 0x21, 0x72, 0x4b, 0x5e,
  0x4b, 0x00, 0x00, 0x00, 0x00, 0x01, 0x01, 0x00, 0x00, 0xe2, 0x0f, 0x04,
  0x08, 0x73, 0x6b, 0x00, 0x6b, 0x00, 0x00, 0x00, 0x00, 0x08, 0x00, 0x00,
  0x00, 0xe2, 0x0f, 0x00, 0x21, 0x72, 0x35, 0x5e, 0x35, 0x00, 0x00, 0x00,
  0x00, 0x01, 0x01, 0x00, 0x00, 0xe2, 0x0f, 0x04, 0x21, 0x72, 0x33, 0x5e,
  0x33, 0x00, 0x00, 0x00, 0x00, 0x01, 0x01, 0x00, 0x00, 0xe2, 0x0f, 0x00,
  0x20, 0x78, 0x54, 0x54, 0x3b, 0xaa, 0xb8, 0x3f, 0x00, 0x00, 0x41, 0x00,
  0x00, 0xe2, 0x0f, 0x00, 0x20, 0x78, 0x55, 0x55, 0x3b, 0xaa, 0xb8, 0x3f,
  0x00, 0x00, 0x41, 0x00, 0x00, 0xe2, 0x0f, 0x00, 0x20, 0x78, 0x48, 0x48,
  0x3b, 0xaa, 0xb8, 0x3f, 0x00, 0x00, 0x41, 0x00, 0x00, 0xe2, 0x0f, 0x00,
  0x20, 0x78, 0x4b, 0x4b, 0x3b, 0xaa, 0xb8, 0x3f, 0x00, 0x00, 0x41, 0x00,
  0x00, 0xe2, 0x0f, 0x00, 0x20, 0x78, 0x35, 0x35, 0x3b, 0xaa, 0xb8, 0x3f,
  0x00, 0x00, 0x41, 0x00, 0x00, 0xe2, 0x0f, 0x00, 0x08, 0x73, 0x6a, 0x00,
  0x46, 0x00, 0x00, 0x00, 0x00, 0x08, 0x00, 0x00, 0x00, 0xe2, 0x0f, 0x00,
  0x20, 0x78, 0x33, 0x33, 0x3b, 0xaa, 0xb8, 0x3f, 0x00, 0x00, 0x41, 0x00,
  0x00, 0xce, 0x0f, 0x00, 0x08, 0x73, 0xa4, 0x00, 0x6c, 0x00, 0x00, 0x00,
  0x00, 0x08, 0x00, 0x00, 0x00, 0xf0, 0x0f, 0x00, 0x08, 0x73, 0x6d, 0x00,
  0x6d, 0x00, 0x00, 0x00, 0x00, 0x08, 0x00, 0x00, 0x00, 0xf0, 0x0f, 0x00,
  0x08, 0x73, 0x6c, 0x00, 0x51, 0x00, 0x00, 0x00, 0x00, 0x08, 0x00, 0x00,
  0x00, 0xf0, 0x0f, 0x00, 0x08, 0x73, 0x67, 0x00, 0x4e, 0x00, 0x00, 0x00,
  0x00, 0x08, 0x00, 0x00, 0x00, 0xf0, 0x0f, 0x00, 0x08, 0x73, 0x66, 0x00,
  0x44, 0x00, 0x00, 0x00, 0x00, 0x08, 0x00, 0x00, 0x00, 0x30, 0x0f, 0x00,
  0x08, 0x73, 0x63, 0x00, 0x4a, 0x00, 0x00, 0x00, 0x00, 0x08, 0x00, 0x00,
  0x00, 0xf0, 0x0f, 0x00, 0x08, 0x73, 0x62, 0x00, 0x42, 0x00, 0x00, 0x00,
  0x00, 0x08, 0x00, 0x00, 0x00, 0xf0, 0x0f, 0x00, 0x08, 0x73, 0xaa, 0x00,
  0x64, 0x00, 0x00, 0x00, 0x00, 0x08, 0x00, 0x00, 0x00, 0xf0, 0x0f, 0x00,
  0x08, 0x73, 0xa6, 0x00, 0x68, 0x00, 0x00, 0x00, 0x00, 0x08, 0x00, 0x00,
  0x00, 0xf0, 0x0f, 0x00, 0x08, 0x73, 0x7b, 0x00, 0x32, 0x00, 0x00, 0x00,
  0x00, 0x08, 0x00, 0x00, 0x00, 0xf0, 0x07, 0x00, 0x08, 0x73, 0x69, 0x00,
  0x69, 0x00, 0x00, 0x00, 0x00, 0x08, 0x00, 0x00, 0x00, 0xe2, 0x0f, 0x00,
  0x21, 0x72, 0x32, 0xac, 0xab, 0x00, 0x00, 0x00, 0x00, 0x00, 0x01, 0x00,
  0x00, 0xc8, 0x8f, 0x00, 0x21, 0x72, 0x31, 0x31, 0x32, 0x00, 0x00, 0x00,
  0x00, 0x00, 0x01, 0x00, 0x00, 0xe2, 0x0f, 0x00, 0x21, 0x72, 0x32, 0x2d,
  0x3a, 0x00, 0x00, 0x00, 0x00, 0x00, 0x01, 0x00, 0x00, 0xe4, 0x2f, 0x00,
  0x08, 0x73, 0x68, 0x00, 0x4f, 0x00, 0x00, 0x00, 0x00, 0x08, 0x00, 0x00,
  0x00, 0xe4, 0x0f, 0x00, 0x21, 0x72, 0x32, 0xff, 0x32, 0x00, 0x00, 0x00,
  0x00, 0x00, 0x01, 0x00, 0x00, 0xcc, 0x0f, 0x00, 0x08, 0x73, 0x65, 0x00,
  0x6f, 0x00, 0x00, 0x00, 0x00, 0x08, 0x00, 0x00, 0x00, 0xf0, 0x0f, 0x00,
  0x08, 0x73, 0x64, 0x00, 0x4d, 0x00, 0x00, 0x00, 0x00, 0x08, 0x00, 0x00,
  0x00, 0xf0, 0x0f, 0x00, 0x08, 0x73, 0x59, 0x00, 0x52, 0x00, 0x00, 0x00,
  0x00, 0x08, 0x00, 0x00, 0x00, 0xf0, 0x0f, 0x00, 0x08, 0x73, 0x58, 0x00,
  0x40, 0x00, 0x00, 0x00, 0x00, 0x08, 0x00, 0x00, 0x00, 0x70, 0x0e, 0x00,
  0x08, 0x73, 0xa9, 0x00, 0x3e, 0x00, 0x00, 0x00, 0x00, 0x08, 0x00, 0x00,
  0x00, 0xf0, 0x0f, 0x00, 0x08, 0x73, 0x97, 0x00, 0x41, 0x00, 0x00, 0x00,
  0x00, 0x08, 0x00, 0x00, 0x00, 0xf0, 0x07, 0x00, 0x08, 0x73, 0x5b, 0x00,
  0x71, 0x00, 0x00, 0x00, 0x00, 0x08, 0x00, 0x00, 0x00, 0xe2, 0x0f, 0x00,
  0x21, 0x72, 0x41, 0xb0, 0xaf, 0x00, 0x00, 0x00, 0x00, 0x00, 0x01, 0x00,
  0x00, 0xc8, 0x8f, 0x00, 0x21, 0x72, 0x30, 0x30, 0x41, 0x00, 0x00, 0x00,
  0x00, 0x00, 0x01, 0x00, 0x00, 0xe2, 0x0f, 0x00, 0x21, 0x72, 0x41, 0xae,
  0xad, 0x00, 0x00, 0x00, 0x00, 0x00, 0x01, 0x00, 0x00, 0xe4, 0x4f, 0x00,
  0x08, 0x73, 0x5a, 0x00, 0x49, 0x00, 0x00, 0x00, 0x00, 0x08, 0x00, 0x00,
  0x00, 0xe4, 0x0f, 0x00, 0x21, 0x72, 0x41, 0x32, 0x41, 0x00, 0x00, 0x00,
  0x00, 0x00, 0x01, 0x00, 0x00, 0xe2, 0x0f, 0x00, 0x21, 0x72, 0x32, 0x67,
  0x66, 0x00, 0x00, 0x00, 0x00, 0x00, 0x01, 0x00, 0x00, 0xc8, 0x0f, 0x01,
  0x21, 0x72, 0x31, 0x31, 0x32, 0x00, 0x00, 0x00, 0x00, 0x00, 0x01, 0x00,
  0x00, 0xe2, 0x0f, 0x00, 0x08, 0x73, 0x53, 0x00, 0x73, 0x00, 0x00, 0x00,
  0x00, 0x08, 0x00, 0x00, 0x00, 0xe2, 0x0f, 0x00, 0x21, 0x72, 0x32, 0x59,
  0x58, 0x00, 0x00, 0x00, 0x00, 0x00, 0x01, 0x00, 0x00, 0xc8, 0x2f, 0x00,
  0x21, 0x72, 0x31, 0x31, 0x32, 0x00, 0x00, 0x00, 0x00, 0x00, 0x01, 0x00,
  0x00, 0xc6, 0x0f, 0x00, 0x08, 0x73, 0x52, 0x00, 0x47, 0x00, 0x00, 0x00,
  0x00, 0x08, 0x00, 0x00, 0x00, 0xf0, 0x0f, 0x00, 0x08, 0x73, 0x56, 0x00,
  0x34, 0x00, 0x00, 0x00, 0x00, 0x08, 0x00, 0x00, 0x00, 0xf0, 0x03, 0x00,
  0x08, 0x73, 0xa5, 0x00, 0x3c, 0x00, 0x00, 0x00, 0x00, 0x08, 0x00, 0x00,
  0x00, 0xa2, 0x0e, 0x00, 0x21, 0x72, 0x34, 0x2f, 0x38, 0x00, 0x00, 0x00,
  0x00, 0x00, 0x01, 0x00, 0x00, 0xc8, 0x2f, 0x00, 0x21, 0x72, 0x34, 0xff,
  0x34, 0x00, 0x00, 0x00, 0x00, 0x00, 0x01, 0x00, 0x00, 0xc6, 0x0f, 0x00,
  0x08, 0x73, 0xa8, 0x00, 0x75, 0x00, 0x00, 0x00, 0x00, 0x08, 0x00, 0x00,
  0x00, 0xf0, 0x0f, 0x00, 0x08, 0x73, 0xa7, 0x00, 0x45, 0x00, 0x00, 0x00,
  0x00, 0x08, 0x00, 0x00, 0x00, 0xe2, 0x0f, 0x00, 0x21, 0x72, 0x32, 0xa6,
  0xa5, 0x00, 0x00, 0x00, 0x00, 0x00, 0x01, 0x00, 0x00, 0xc8, 0x4f, 0x00,
  0x21, 0x72, 0x31, 0x31, 0x32, 0x00, 0x00, 0x00, 0x00, 0x00, 0x01, 0x00,
  0x00, 0xc6, 0x0f, 0x00, 0x08, 0x73, 0xa3, 0x00, 0x79, 0x00, 0x00, 0x00,
  0x00, 0x08, 0x00, 0x00, 0x00, 0xf0, 0x0f, 0x00, 0x08, 0x73, 0xa1, 0x00,
  0x43, 0x00, 0x00, 0x00, 0x00, 0x08, 0x00, 0x00, 0x00, 0xf0, 0x03, 0x00,
  0x08, 0x73, 0xa2, 0x00, 0x7d, 0x00, 0x00, 0x00, 0x00, 0x08, 0x00, 0x00,
  0x00, 0xe2, 0x0f, 0x00, 0x21, 0x72, 0x43, 0x6d, 0x6c, 0x00, 0x00, 0x00,
  0x00, 0x00, 0x01, 0x00, 0x00, 0xc8, 0x2f, 0x00, 0x21, 0x72, 0x34, 0x34,
  0x43, 0x00, 0x00, 0x00, 0x00, 0x00, 0x01, 0x00, 0x00, 0xc6, 0x0f, 0x00,
  0x08, 0x73, 0x7d, 0x00, 0x3f, 0x00, 0x00, 0x00, 0x00, 0x08, 0x00, 0x00,
  0x00, 0xf0, 0x03, 0x00, 0x08, 0x73, 0xa0, 0x00, 0x6e, 0x00, 0x00, 0x00,
  0x00, 0x08, 0x00, 0x00, 0x00, 0xa2, 0x0e, 0x00, 0x21, 0x72, 0x3f, 0x6b,
  0x6a, 0x00, 0x00, 0x00, 0x00, 0x00, 0x01, 0x00, 0x00, 0xc8, 0x2f, 0x00,
  0x21, 0x72, 0x30, 0x30, 0x3f, 0x00, 0x00, 0x00, 0x00, 0x00, 0x01, 0x00,
  0x00, 0xe2, 0x0f, 0x00, 0x21, 0x72, 0x3f, 0x65, 0x64, 0x00, 0x00, 0x00,
  0x00, 0x00, 0x01, 0x00, 0x00, 0xe4, 0x0f, 0x00, 0x08, 0x73, 0x96, 0x00,
  0xb3, 0x00, 0x00, 0x00, 0x00, 0x08, 0x00, 0x00, 0x00, 0xe4, 0x0f, 0x00,
  0x21, 0x72, 0x34, 0x34, 0x3f, 0x00, 0x00, 0x00, 0x00, 0x00, 0x01, 0x00,
  0x00, 0xe2, 0x0f, 0x00, 0x21, 0x72, 0x3f, 0x53, 0x52, 0x00, 0x00, 0x00,
  0x00, 0x00, 0x01, 0x00, 0x00, 0xc8, 0x0f, 0x00, 0x21, 0x72, 0x34, 0x34,
  0x3f, 0x00, 0x00, 0x00, 0x00, 0x00, 0x01, 0x00, 0x00, 0xe2, 0x0f, 0x00,
  0x08, 0x73, 0x93, 0x00, 0x93, 0x00, 0x00, 0x00, 0x00, 0x08, 0x00, 0x00,
  0x00, 0xe2, 0x0f, 0x00, 0x21, 0x72, 0x32, 0xa0, 0x95, 0x00, 0x00, 0x00,
  0x00, 0x00, 0x01, 0x00, 0x00, 0xc8, 0x4f, 0x00, 0x21, 0x72, 0x31, 0x31,
  0x32, 0x00, 0x00, 0x00, 0x00, 0x00, 0x01, 0x00, 0x00, 0xc6, 0x0f, 0x00,
  0x08, 0x73, 0x7a, 0x00, 0x3d, 0x00, 0x00, 0x00, 0x00, 0x08, 0x00, 0x00,
  0x00, 0xf0, 0x03, 0x00, 0x08, 0x73, 0x7c, 0x00, 0x36, 0x00, 0x00, 0x00,
  0x00, 0x08, 0x00, 0x00, 0x00, 0xe2, 0x04, 0x00, 0x21, 0x72, 0x3d, 0x63,
  0x62, 0x00, 0x00, 0x00, 0x00, 0x00, 0x01, 0x00, 0x00, 0xc8, 0x2f, 0x00,
  0x21, 0x72, 0x30, 0x30, 0x3d, 0x00, 0x00, 0x00, 0x00, 0x00, 0x01, 0x00,
  0x00, 0xe2, 0x0f, 0x00, 0x21, 0x72, 0x3d, 0x5b, 0x5a, 0x00, 0x00, 0x00,
  0x00, 0x00, 0x01, 0x00, 0x00, 0xe4, 0x0f, 0x00, 0x08, 0x73, 0x94, 0x00,
  0x76, 0x00, 0x00, 0x00, 0x00, 0x08, 0x00, 0x00, 0x00, 0xe2, 0x0f, 0x00,
  0x21, 0x72, 0x36, 0x69, 0x68, 0x00, 0x00, 0x00, 0x00, 0x00, 0x01, 0x00,
  0x00, 0xc8, 0x4f, 0x00, 0x21, 0x72, 0x36, 0x41, 0x36, 0x00, 0x00, 0x00,
  0x00, 0x00, 0x01, 0x00, 0x00, 0xc6, 0x0f, 0x00, 0x08, 0x73, 0x91, 0x00,
  0x70, 0x00, 0x00, 0x00, 0x00, 0x08, 0x00, 0x00, 0x00, 0xe2, 0x0f, 0x00,
  0x21, 0x72, 0x36, 0x36, 0x3d, 0x00, 0x00, 0x00, 0x00, 0x00, 0x01, 0x00,
  0x00, 0xe2, 0x0f, 0x00, 0x21, 0x72, 0x3d, 0xa3, 0xa1, 0x00, 0x00, 0x00,
  0x00, 0x00, 0x01, 0x00, 0x00, 0xe2, 0x0f, 0x00, 0x21, 0x72, 0x32, 0x7c,
  0x7b, 0x00, 0x00, 0x00, 0x00, 0x00, 0x01, 0x00, 0x00, 0xc6, 0x8f, 0x00,
  0x21, 0x72, 0x34, 0x34, 0x3d, 0x00, 0x00, 0x00, 0x00, 0x00, 0x01, 0x00,
  0x00, 0xe2, 0x0f, 0x00, 0x21, 0x72, 0x3d, 0x96, 0x93, 0x00, 0x00, 0x00,
  0x00, 0x00, 0x01, 0x00, 0x00, 0xe2, 0x0f, 0x00, 0x08, 0x73, 0x92, 0x00,
  0xb1, 0x00, 0x00, 0x00, 0x00, 0x08, 0x00, 0x00, 0x00, 0xe2, 0x0f, 0x00,
  0x21, 0x72, 0x31, 0x31, 0x32, 0x00, 0x00, 0x00, 0x00, 0x00, 0x01, 0x00,
  0x00, 0xe4, 0x0f, 0x00, 0x21, 0x72, 0x34, 0x34, 0x3d, 0x00, 0x00, 0x00,
  0x00, 0x00, 0x01, 0x00, 0x00, 0xca, 0x0f, 0x00, 0x08, 0x73, 0x79, 0x00,
  0x37, 0x00, 0x00, 0x00, 0x00, 0x08, 0x00, 0x00, 0x00, 0xb0, 0x02, 0x00,
  0x08, 0x73, 0x77, 0x00, 0x54, 0x00, 0x00, 0x00, 0x00, 0x08, 0x00, 0x00,
  0x00, 0xe2, 0x0f, 0x00, 0x21, 0x72, 0x37, 0xaa, 0xa9, 0x00, 0x00, 0x00,
  0x00, 0x00, 0x01, 0x00, 0x00, 0xc8, 0x2f, 0x00, 0x21, 0x72, 0x30, 0x30,
  0x37, 0x00, 0x00, 0x00, 0x00, 0x00, 0x01, 0x00, 0x00, 0xe2, 0x0f, 0x00,
  0x21, 0x72, 0x37, 0xa8, 0xa7, 0x00, 0x00, 0x00, 0x00, 0x00, 0x01, 0x00,
  0x00, 0xe4, 0x0f, 0x00, 0x08, 0x73, 0x76, 0x00, 0x55, 0x00, 0x00, 0x00,
  0x00, 0x08, 0x00, 0x00, 0x00, 0xe4, 0x0f, 0x00, 0x21, 0x72, 0x36, 0x36,
  0x37, 0x00, 0x00, 0x00, 0x00, 0x00, 0x01, 0x00, 0x00, 0xe2, 0x0f, 0x00,
  0x21, 0x72, 0x37, 0xa4, 0x9f, 0x00, 0x00, 0x00, 0x00, 0x00, 0x01, 0x00,
  0x00, 0xc8, 0x0f, 0x00, 0x21, 0x72, 0x30, 0x30, 0x37, 0x00, 0x00, 0x00,
  0x00, 0x00, 0x01, 0x00, 0x00, 0xe2, 0x0f, 0x00, 0x08, 0x73, 0x78, 0x00,
  0x78, 0x00, 0x00, 0x00, 0x00, 0x08, 0x00, 0x00, 0x00, 0xe2, 0x0f, 0x00,
  0x21, 0x72, 0x37, 0x7a, 0x79, 0x00, 0x00, 0x00, 0x00, 0x00, 0x01, 0x00,
  0x00, 0xc8, 0x4f, 0x00, 0x21, 0x72, 0x34, 0x34, 0x37, 0x00, 0x00, 0x00,
  0x00, 0x00, 0x01, 0x00, 0x00, 0xc6, 0x0f, 0x00, 0x08, 0x73, 0x57, 0x00,
  0x48, 0x00, 0x00, 0x00, 0x00, 0x08, 0x00, 0x00, 0x00, 0x70, 0x0e, 0x00,
  0x08, 0x73, 0x75, 0x00, 0x4b, 0x00, 0x00, 0x00, 0x00, 0x08, 0x00, 0x00,
  0x00, 0xb0, 0x0e, 0x00, 0x08, 0x73, 0x55, 0x00, 0x35, 0x00, 0x00, 0x00,
  0x00, 0x08, 0x00, 0x00, 0x00, 0xe2, 0x07, 0x00, 0x21, 0x72, 0x32, 0x57,
  0x56, 0x00, 0x00, 0x00, 0x00, 0x00, 0x01, 0x00, 0x00, 0xc8, 0x2f, 0x00,
  0x21, 0x72, 0x31, 0x31, 0x32, 0x00, 0x00, 0x00, 0x00, 0x00, 0x01, 0x00,
  0x00, 0xc6, 0x0f, 0x00, 0x08, 0x73, 0x54, 0x00, 0x33, 0x00, 0x00, 0x00,
  0x00, 0x08, 0x00, 0x00, 0x00, 0x22, 0x03, 0x00, 0x21, 0x72, 0x35, 0xa2,
  0x97, 0x00, 0x00, 0x00, 0x00, 0x00, 0x01, 0x00, 0x00, 0xc8, 0x8f, 0x00,
  0x21, 0x72, 0x36, 0x36, 0x35, 0x00, 0x00, 0x00, 0x00, 0x00, 0x01, 0x00,
  0x00, 0xe2, 0x0f, 0x00, 0x21, 0x72, 0x35, 0x94, 0x91, 0x00, 0x00, 0x00,
  0x00, 0x00, 0x01, 0x00, 0x00, 0xe2, 0x0f, 0x00, 0x21, 0x72, 0x33, 0x92,
  0x7d, 0x00, 0x00, 0x00, 0x00, 0x00, 0x01, 0x00, 0x00, 0xc6, 0x2f, 0x00,
  0x21, 0x72, 0x30, 0x30, 0x35, 0x00, 0x00, 0x00, 0x00, 0x00, 0x01, 0x00,
  0x00, 0xe2, 0x0f, 0x00, 0x21, 0x72, 0x35, 0x76, 0x75, 0x00, 0x00, 0x00,
  0x00, 0x00, 0x01, 0x00, 0x00, 0xe2, 0x4f, 0x00, 0x21, 0x72, 0x36, 0x36,
  0x33, 0x00, 0x00, 0x00, 0x00, 0x00, 0x01, 0x00, 0x00, 0xe2, 0x0f, 0x00,
  0x21, 0x72, 0x33, 0x78, 0x77, 0x00, 0x00, 0x00, 0x00, 0x00, 0x01, 0x00,
  0x00, 0xe2, 0x0f, 0x00, 0x21, 0x72, 0x37, 0x55, 0x54, 0x00, 0x00, 0x00,
  0x00, 0x00, 0x01, 0x00, 0x00, 0xe4, 0x0f, 0x01, 0x21, 0x72, 0x35, 0x36,
  0x35, 0x00, 0x00, 0x00, 0x00, 0x00, 0x01, 0x00, 0x00, 0xe2, 0x0f, 0x00,
  0x21, 0x72, 0x30, 0x30, 0x33, 0x00, 0x00, 0x00, 0x00, 0x00, 0x01, 0x00,
  0x00, 0xe2, 0x0f, 0x00, 0x21, 0x72, 0x34, 0x34, 0x37, 0x00, 0x00, 0x00,
  0x00, 0x00, 0x01, 0x00, 0x00, 0xc6, 0x0f, 0x00, 0x21, 0x72, 0x30, 0x30,
  0x31, 0x00, 0x00, 0x00, 0x00, 0x00, 0x01, 0x00, 0x00, 0xe2, 0x0f, 0x00,
  0x21, 0x72, 0x34, 0x35, 0x34, 0x00, 0x00, 0x00, 0x00, 0x00, 0x01, 0x00,
  0x00, 0xc8, 0x0f, 0x00, 0x89, 0x7f, 0x31, 0x30, 0x00, 0x1f, 0x20, 0x0c,
  0x00, 0x00, 0x0e, 0x00, 0x00, 0x68, 0x0e, 0x00, 0x89, 0x7f, 0x33, 0x34,
  0x00, 0x1f, 0x20, 0x0c, 0x00, 0x00, 0x0e, 0x00, 0x00, 0xa2, 0x0e, 0x00,
  0x21, 0x72, 0x31, 0x30, 0x31, 0x00, 0x00, 0x00, 0x00, 0x00, 0x01, 0x00,
  0x00, 0xe2, 0x2f, 0x00, 0x21, 0x72, 0x33, 0x34, 0x33, 0x00, 0x00, 0x00,
  0x00, 0x00, 0x01, 0x00, 0x00, 0xc8, 0x4f, 0x00, 0x89, 0x7f, 0x32, 0x31,
  0x00, 0x1f, 0x40, 0x0c, 0x00, 0x00, 0x0e, 0x00, 0x00, 0x68, 0x0e, 0x00,
  0x89, 0x7f, 0x60, 0x33, 0x00, 0x1f, 0x40, 0x0c, 0x00, 0x00, 0x0e, 0x00,
  0x00, 0xa2, 0x0e, 0x00, 0x21, 0x72, 0x5f, 0x31, 0x32, 0x00, 0x00, 0x00,
  0x00, 0x00, 0x01, 0x00, 0x00, 0xe2, 0x2f, 0x00, 0x21, 0x72, 0x60, 0x33,
  0x60, 0x00, 0x00, 0x00, 0x00, 0x00, 0x01, 0x00, 0x00, 0xe4, 0x4f, 0x00,
  0x90, 0x78, 0x11, 0x11, 0xc0, 0xff, 0xff, 0xff, 0x3f, 0xe0, 0xff, 0x0f,
  0x00, 0xe2, 0x0f, 0x00, 0x24, 0x7e, 0x31, 0xff, 0x0c, 0x00, 0x00, 0x00,
  0xff, 0x00, 0x8e, 0x0f, 0x00, 0xe2, 0x0f, 0x00, 0x8c, 0x78, 0x00, 0x0a,
  0xff, 0x3f, 0x00, 0x00, 0x70, 0x42, 0xf0, 0x0b, 0x00, 0xe2, 0x0f, 0x00,
  0x24, 0x7e, 0x30, 0xff, 0x0c, 0x00, 0x00, 0x00, 0xff, 0x00, 0x8e, 0x0f,
  0x00, 0xe2, 0x0f, 0x00, 0x8c, 0x78, 0x00, 0x11, 0x40, 0x00, 0x00, 0x00,
  0x70, 0x12, 0xf2, 0x0b, 0x00, 0xe2, 0x0f, 0x00, 0x3e, 0x72, 0x2d, 0x3a,
  0x2d, 0x00, 0x00, 0x00, 0xff, 0x00, 0x00, 0x00, 0x00, 0xe2, 0x0f, 0x00,
  0x90, 0x78, 0x04, 0x0a, 0x00, 0xc0, 0xff, 0xff, 0x3f, 0xe0, 0xff, 0x0f,
  0x00, 0xe2, 0x0f, 0x00, 0x11, 0x72, 0x0a, 0x31, 0x0a, 0x00, 0x00, 0x00,
  0xff, 0x30, 0x8c, 0x07, 0x00, 0xe2, 0x0f, 0x00, 0x87, 0x78, 0x06, 0x11,
  0x40, 0x00, 0x00, 0x00, 0x00, 0x00, 0x80, 0x08, 0x00, 0xe2, 0x0f, 0x00,
  0x24, 0x7e, 0x31, 0xff, 0x0d, 0x00, 0x00, 0x00, 0xff, 0x00, 0x8e, 0x0f,
  0x00, 0xe2, 0x0f, 0x00, 0x3e, 0x72, 0x2e, 0x3b, 0x2e, 0x00, 0x00, 0x00,
  0xff, 0x00, 0x00, 0x00, 0x00, 0xe2, 0x0f, 0x00, 0x90, 0x78, 0x08, 0x08,
  0x80, 0x00, 0x00, 0x00, 0x3f, 0xe0, 0xff, 0x0f, 0x00, 0xe2, 0x0f, 0x00,
  0x3e, 0x72, 0x2f, 0x38, 0x2f, 0x00, 0x00, 0x00, 0xff, 0x00, 0x00, 0x00,
  0x00, 0xe2, 0x0f, 0x00, 0x90, 0x88, 0x04, 0x0a, 0x00, 0x40, 0x00, 0x00,
  0x3f, 0xe0, 0xff, 0x0f, 0x00, 0xe2, 0x0f, 0x00, 0x0c, 0x7c, 0x00, 0x89,
  0x06, 0x00, 0x00, 0x00, 0x70, 0x62, 0xfa, 0x0b, 0x00, 0xc4, 0x0f, 0x00,
  0x0c, 0x7c, 0x00, 0x9e, 0x06, 0x00, 0x00, 0x00, 0x70, 0x62, 0xf0, 0x0b,
  0x00, 0xe4, 0x0f, 0x00, 0x11, 0x72, 0x0b, 0x30, 0x0b, 0x00, 0x00, 0x00,
  0x31, 0x34, 0x0f, 0x03, 0x00, 0xe4, 0x0f, 0x00, 0x10, 0x7c, 0x30, 0x0a,
  0x15, 0x00, 0x00, 0x00, 0xff, 0xe0, 0xfd, 0x0f, 0x00, 0xe2, 0x0f, 0x00,
  0x82, 0x7c, 0x0a, 0x00, 0x04, 0x00, 0x00, 0x00, 0x00, 0x00, 0x00, 0x08,
  0x00, 0xe2, 0x0f, 0x00, 0x10, 0x7c, 0x41, 0x85, 0x04, 0x00, 0x00, 0x00,
  0xff, 0xe0, 0xff, 0x0f, 0x00, 0xe4, 0x0f, 0x00, 0x10, 0x7c, 0x31, 0x0b,
  0x16, 0x00, 0x00, 0x00, 0xff, 0xe4, 0x7f, 0x0b, 0x00, 0xe4, 0x0f, 0x00,
  0x10, 0x7c, 0x32, 0x30, 0x15, 0x00, 0x00, 0x00, 0xff, 0xe0, 0xfd, 0x0f,
  0x00, 0xe2, 0x0f, 0x00, 0x84, 0xf9, 0xff, 0xff, 0x00, 0x00, 0x00, 0x00,
  0x00, 0x08, 0x00, 0x00, 0x00, 0xe2, 0x0f, 0x00, 0x84, 0xf9, 0xff, 0xff,
  0x00, 0x00, 0x00, 0x00, 0x00, 0x08, 0x00, 0x00, 0x00, 0xe2, 0x0f, 0x00,
  0x84, 0xf9, 0xff, 0xff, 0x00, 0x00, 0x00, 0x00, 0x00, 0x08, 0x00, 0x00,
  0x00, 0xe2, 0x0f, 0x00, 0xae, 0x7f, 0x41, 0x0a, 0x00, 0x00, 0x00, 0x0c,
  0x52, 0x1c, 0x90, 0x0e, 0x00, 0xe2, 0x03, 0x00, 0x0c, 0x7c, 0x00, 0x9d,
  0x06, 0x00, 0x00, 0x00, 0x70, 0x62, 0xfa, 0x0b, 0x00, 0xc4, 0x0f, 0x00,
  0x10, 0x7c, 0x33, 0x31, 0x16, 0x00, 0x00, 0x00, 0xff, 0xe4, 0x7f, 0x0b,
  0x00, 0xe2, 0x0f, 0x00, 0xae, 0x7f, 0x41, 0x30, 0x00, 0x00, 0x80, 0x0c,
  0x52, 0x1c, 0x10, 0x0c, 0x00, 0xe2, 0x05, 0x00, 0x0c, 0x7c, 0x00, 0x9c,
  0x06, 0x00, 0x00, 0x00, 0x70, 0x62, 0xf0, 0x0b, 0x00, 0xe4, 0x0f, 0x00,
  0x10, 0x7c, 0x34, 0x32, 0x15, 0x00, 0x00, 0x00, 0xff, 0xe0, 0xfd, 0x0f,
  0x00, 0xe4, 0x0f, 0x00, 0x3e, 0x72, 0x2c, 0x39, 0x2c, 0x00, 0x00, 0x00,
  0xff, 0x00, 0x00, 0x00, 0x00, 0xe4, 0x0f, 0x00, 0x10, 0x7c, 0x35, 0x33,
  0x16, 0x00, 0x00, 0x00, 0xff, 0xe4, 0x7f, 0x0b, 0x00, 0xe4, 0x0f, 0x00,
  0x10, 0x7c, 0x36, 0x34, 0x15, 0x00, 0x00, 0x00, 0xff, 0xe0, 0xfd, 0x0f,
  0x00, 0xe2, 0x0f, 0x00, 0xae, 0x7f, 0x41, 0x32, 0x00, 0x00, 0x00, 0x0d,
  0x52, 0x1c, 0x90, 0x0e, 0x00, 0xe2, 0x07, 0x00, 0x0c, 0x7c, 0x00, 0x9b,
  0x06, 0x00, 0x00, 0x00, 0x70, 0x62, 0xfa, 0x0b, 0x00, 0xc4, 0x0f, 0x00,
  0x10, 0x7c, 0x37, 0x35, 0x16, 0x00, 0x00, 0x00, 0xff, 0xe4, 0x7f, 0x0b,
  0x00, 0xe2, 0x0f, 0x00, 0xae, 0x7f, 0x41, 0x34, 0x00, 0x00, 0x80, 0x0d,
  0x52, 0x1c, 0x10, 0x0c, 0x00, 0xe2, 0x09, 0x00, 0x0c, 0x7c, 0x00, 0x9a,
  0x06, 0x00, 0x00, 0x00, 0x70, 0x62, 0xf0, 0x0b, 0x00, 0xe4, 0x0f, 0x00,
  0x10, 0x7c, 0x30, 0x36, 0x15, 0x00, 0x00, 0x00, 0xff, 0xe0, 0xfd, 0x0f,
  0x00, 0xc8, 0x4f, 0x00, 0x10, 0x7c, 0x31, 0x37, 0x16, 0x00, 0x00, 0x00,
  0xff, 0xe4, 0x7f, 0x0b, 0x00, 0xe2, 0x0f, 0x00, 0x24, 0x78, 0x33, 0x00,
  0x00, 0x01, 0x00, 0x00, 0xff, 0x00, 0x8e, 0x07, 0x00, 0xe2, 0x8f, 0x00,
  0x10, 0x7c, 0x3c, 0x30, 0x15, 0x00, 0x00, 0x00, 0xff, 0xe0, 0xfd, 0x0f,
  0x00, 0xe2, 0x0f, 0x00, 0xae, 0x7f, 0x41, 0x36, 0x00, 0x00, 0x00, 0x0e,
  0x52, 0x1c, 0x90, 0x0e, 0x00, 0xe2, 0x09, 0x00, 0x0c, 0x7c, 0x00, 0x99,
  0x06, 0x00, 0x00, 0x00, 0x70, 0x62, 0xfa, 0x0b, 0x00, 0xe4, 0x0f, 0x00,
  0x10, 0x7c, 0x3d, 0x31, 0x16, 0x00, 0x00, 0x00, 0xff, 0xe4, 0x7f, 0x0b,
  0x00, 0xe2, 0x0f, 0x00, 0xae, 0x7f, 0x41, 0x30, 0x00, 0x00, 0x80, 0x0e,
  0x52, 0x1c, 0x10, 0x0c, 0x00, 0xe2, 0x05, 0x00, 0x0c, 0x7c, 0x00, 0x98,
  0x06, 0x00, 0x00, 0x00, 0x70, 0x62, 0xf0, 0x0b, 0x00, 0xe4, 0x0f, 0x00,
  0x10, 0x7c, 0x3e, 0x3c, 0x15, 0x00, 0x00, 0x00, 0xff, 0xe0, 0xfd, 0x0f,
  0x00, 0xc4, 0x0f, 0x00, 0x12, 0x78, 0x90, 0x90, 0x00, 0x0f, 0x00, 0x00,
  0x33, 0xf8, 0x8e, 0x07, 0x00, 0xe4, 0x0f, 0x00, 0x10, 0x7c, 0x3f, 0x3d,
  0x16, 0x00, 0x00, 0x00, 0xff, 0xe4, 0x7f, 0x0b, 0x00, 0xe4, 0x0f, 0x00,
  0x12, 0x78, 0x71, 0x90, 0x20, 0x00, 0x00, 0x00, 0xff, 0x3c, 0x8e, 0x07,
  0x00, 0xe2, 0x0f, 0x04, 0xae, 0x7f, 0x41, 0x3c, 0x00, 0x00, 0x00, 0x0f,
  0x52, 0x1c, 0x90, 0x0e, 0x00, 0xe2, 0x07, 0x00, 0x12, 0x78, 0x73, 0x90,
  0x60, 0x00, 0x00, 0x00, 0xff, 0x3c, 0x8e, 0x07, 0x00, 0xe4, 0x0f, 0x04,
  0x12, 0x78, 0x70, 0x90, 0xa0, 0x00, 0x00, 0x00, 0xff, 0x3c, 0x8e, 0x07,
  0x00, 0xe2, 0x0f, 0x04, 0xae, 0x7f, 0x41, 0x3e, 0x00, 0x00, 0x80, 0x0f,
  0x52, 0x1c, 0x10, 0x0c, 0x00, 0xe2, 0x07, 0x00, 0x12, 0x78, 0x6f, 0x90,
  0xc0, 0x00, 0x00, 0x00, 0xff, 0x3c, 0x8e, 0x07, 0x00, 0xc4, 0x0f, 0x00,
  0x12, 0x78, 0x6e, 0x90, 0xe0, 0x00, 0x00, 0x00, 0xff, 0x3c, 0x8e, 0x07,
  0x00, 0xe2, 0x0f, 0x04, 0xaf, 0x79, 0x00, 0x00, 0x00, 0x00, 0x00, 0x00,
  0x00, 0x00, 0x00, 0x00, 0x00, 0x22, 0x0e, 0x00, 0x12, 0x78, 0x74, 0x90,
  0x40, 0x00, 0x00, 0x00, 0xff, 0x3c, 0x8e, 0x07, 0x00, 0xe4, 0x0f, 0x04,
  0x12, 0x78, 0x72, 0x90, 0x80, 0x00, 0x00, 0x00, 0xff, 0xfc, 0x8e, 0x07,
  0x00, 0xe4, 0x0f, 0x00, 0x0c, 0x7c, 0x00, 0x09, 0x08, 0x00, 0x00, 0x00,
  0x70, 0x32, 0xfa, 0x0b, 0x00, 0xe2, 0x0f, 0x00, 0x1a, 0x79, 0x00, 0x00,
  0x40, 0x80, 0x00, 0x00, 0x00, 0x00, 0x00, 0x00, 0x00, 0xc8, 0x0f, 0x00,
  0x1d, 0x7b, 0x00, 0x00, 0x00, 0x00, 0x00, 0x00, 0x00, 0x00, 0x01, 0x00,
  0x00, 0xec, 0x0f, 0x00, 0x3b, 0x78, 0x30, 0x90, 0x09, 0x00, 0xc0, 0x00,
  0x00, 0x42, 0x00, 0x08, 0x00, 0xa8, 0x4e, 0x00, 0x3b, 0x78, 0x34, 0x71,
  0x09, 0x00, 0xc0, 0x00, 0x00, 0x42, 0x00, 0x08, 0x00, 0x28, 0x0f, 0x01,
  0x3b, 0x78, 0x38, 0x70, 0x09, 0x00, 0xc0, 0x00, 0x00, 0x42, 0x00, 0x08,
  0x00, 0x68, 0x0f, 0x00, 0x3b, 0x78, 0x3c, 0x6f, 0x09, 0x00, 0xc0, 0x00,
  0x00, 0x42, 0x00, 0x08, 0x00, 0xe8, 0x8e, 0x00, 0x3b, 0x78, 0x40, 0x6e,
  0x09, 0x00, 0xc0, 0x00, 0x00, 0x42, 0x00, 0x08, 0x00, 0xe2, 0x2f, 0x00,
  0x3c, 0x72, 0x0e, 0x2c, 0x30, 0x00, 0x00, 0x00, 0x0e, 0x08, 0x00, 0x00,
  0x00, 0xf0, 0x4f, 0x04, 0x3c, 0x72, 0x44, 0x2c, 0x32, 0x00, 0x00, 0x00,
  0x10, 0x08, 0x00, 0x00, 0x00, 0xe2, 0x0f, 0x04, 0x3b, 0x78, 0x30, 0x73,
  0x09, 0x00, 0xc0, 0x00, 0x00, 0x42, 0x00, 0x08, 0x00, 0x6e, 0x0e, 0x00,
  0x3c, 0x72, 0x46, 0x2c, 0x34, 0x00, 0x00, 0x00, 0x12, 0x08, 0x00, 0x00,
  0x00, 0xe2, 0x0f, 0x05, 0x3b, 0x78, 0x10, 0x74, 0x09, 0x00, 0xc0, 0x00,
  0x00, 0x42, 0x00, 0x08, 0x00, 0xae, 0x0e, 0x00, 0x3c, 0x72, 0x48, 0x2c,
  0x36, 0x00, 0x00, 0x00, 0x14, 0x08, 0x00, 0x00, 0x00, 0xe2, 0x0f, 0x04,
  0x3b, 0x78, 0x34, 0x72, 0x09, 0x00, 0xc0, 0x00, 0x00, 0x42, 0x00, 0x08,
  0x00, 0x2e, 0x0f, 0x00, 0x3c, 0x72, 0x3a, 0x2c, 0x3a, 0x00, 0x00, 0x00,
  0x24, 0x08, 0x00, 0x00, 0x00, 0xf0, 0x0f, 0x06, 0x3c, 0x72, 0x3c, 0x2c,
  0x3c, 0x00, 0x00, 0x00, 0x26, 0x08, 0x00, 0x00, 0x00, 0xe2, 0x8f, 0x04,
  0x3b, 0x78, 0x24, 0x73, 0x09, 0x00, 0xd0, 0x00, 0x00, 0x42, 0x00, 0x08,
  0x00, 0xee, 0x0f, 0x00, 0x3c, 0x72, 0x3e, 0x2c, 0x3e, 0x00, 0x00, 0x00,
  0x28, 0x08, 0x00, 0x00, 0x00, 0xf0, 0x0f, 0x04, 0x3c, 0x72, 0x4e, 0x2c,
  0x30, 0x00, 0x00, 0x00, 0x1a, 0x08, 0x00, 0x00, 0x00, 0xf0, 0x2f, 0x04,
  0x3c, 0x72, 0x50, 0x2c, 0x32, 0x00, 0x00, 0x00, 0x1c, 0x08, 0x00, 0x00,
  0x00, 0xe2, 0x0f, 0x04, 0x3b, 0x78, 0x30, 0x6f, 0x09, 0x00, 0xd0, 0x00,
  0x00, 0x42, 0x00, 0x08, 0x00, 0x6e, 0x0e, 0x00, 0x3c, 0x72, 0x40, 0x2c,
  0x40, 0x00, 0x00, 0x00, 0x2a, 0x08, 0x00, 0x00, 0x00, 0xe2, 0x0f, 0x04,
  0x3b, 0x78, 0x28, 0x72, 0x09, 0x00, 0xd0, 0x00, 0x00, 0x42, 0x00, 0x08,
  0x00, 0xee, 0x0e, 0x00, 0x3c, 0x72, 0x4a, 0x2c, 0x10, 0x00, 0x00, 0x00,
  0x16, 0x08, 0x00, 0x00, 0x00, 0xe2, 0x4f, 0x04, 0x3b, 0x78, 0x14, 0x6e,
  0x09, 0x00, 0xd0, 0x00, 0x00, 0x42, 0x00, 0x08, 0x00, 0xec, 0x0f, 0x00,
  0x3e, 0x72, 0x10, 0xaf, 0xb0, 0x00, 0x00, 0x00, 0xff, 0x00, 0x00, 0x00,
  0x00, 0xe2, 0x0f, 0x00, 0x3c, 0x72, 0x4c, 0x2c, 0x12, 0x00, 0x00, 0x00,
  0x18, 0x08, 0x00, 0x00, 0x00, 0xe2, 0x0f, 0x00, 0x3b, 0x78, 0x18, 0x90,
  0x09, 0x00, 0xd0, 0x00, 0x00, 0x42, 0x00, 0x08, 0x00, 0xa2, 0x0e, 0x00,
  0x3e, 0x72, 0x11, 0xad, 0xae, 0x00, 0x00, 0x00, 0xff, 0x00, 0x00, 0x00,
  0x00, 0xca, 0x0f, 0x00, 0x3e, 0x72, 0x12, 0xab, 0xac, 0x00, 0x00, 0x00,
  0xff, 0x00, 0x00, 0x00, 0x00, 0xe2, 0x0f, 0x00, 0x3c, 0x72, 0x34, 0x2c,
  0x34, 0x00, 0x00, 0x00, 0x1e, 0x08, 0x00, 0x00, 0x00, 0xe2, 0x0f, 0x01,
  0x3b, 0x78, 0x1c, 0x71, 0x09, 0x00, 0xd0, 0x00, 0x00, 0x42, 0x00, 0x08,
  0x00, 0x22, 0x0f, 0x00, 0x3e, 0x72, 0x13, 0x6c, 0x6d, 0x00, 0x00, 0x00,
  0xff, 0x00, 0x00, 0x00, 0x00, 0xcc, 0x0f, 0x00, 0x3c, 0x72, 0x36, 0x2c,
  0x36, 0x00, 0x00, 0x00, 0x20, 0x08, 0x00, 0x00, 0x00, 0xf0, 0x0f, 0x04,
  0x3c, 0x72, 0x38, 0x2c, 0x38, 0x00, 0x00, 0x00, 0x22, 0x08, 0x00, 0x00,
  0x00, 0xe2, 0x0f, 0x04, 0x3b, 0x78, 0x20, 0x74, 0x09, 0x00, 0xd0, 0x00,
  0x00, 0x42, 0x00, 0x08, 0x00, 0x6e, 0x0f, 0x00, 0x3c, 0x72, 0x42, 0x2c,
  0x42, 0x00, 0x00, 0x00, 0x5c, 0x08, 0x00, 0x00, 0x00, 0xe2, 0x0f, 0x00,
  0x3b, 0x78, 0x2c, 0x70, 0x09, 0x00, 0xd0, 0x00, 0x00, 0x42, 0x00, 0x08,
  0x00, 0xae, 0x0e, 0x00, 0x3c, 0x72, 0x3c, 0x10, 0x30, 0x00, 0x00, 0x00,
  0x3c, 0x08, 0x00, 0x00, 0x00, 0xf0, 0x2f, 0x04, 0x3c, 0x72, 0x3e, 0x10,
  0x32, 0x00, 0x00, 0x00, 0x3e, 0x08, 0x00, 0x00, 0x00, 0xe2, 0x0f, 0x04,
  0x3b, 0x78, 0x30, 0x70, 0x09, 0x00, 0xe0, 0x00, 0x00, 0x42, 0x00, 0x08,
  0x00, 0x6e, 0x0e, 0x00, 0x3c, 0x72, 0x4e, 0x10, 0x24, 0x00, 0x00, 0x00,
  0x4e, 0x08, 0x00, 0x00, 0x00, 0xf0, 0x0f, 0x04, 0x3c, 0x72, 0x50, 0x10,
  0x26, 0x00, 0x00, 0x00, 0x50, 0x08, 0x00, 0x00, 0x00, 0xe2, 0x0f, 0x04,
  0x3b, 0x78, 0x24, 0x72, 0x09, 0x00, 0xe0, 0x00, 0x00, 0x42, 0x00, 0x08,
  0x00, 0x6e, 0x0e, 0x00, 0x3c, 0x72, 0x34, 0x10, 0x28, 0x00, 0x00, 0x00,
  0x34, 0x08, 0x00, 0x00, 0x00, 0xf0, 0x8f, 0x04, 0x3c, 0x72, 0x36, 0x10,
  0x2a, 0x00, 0x00, 0x00, 0x36, 0x08, 0x00, 0x00, 0x00, 0xe2, 0x0f, 0x04,
  0x3b, 0x78, 0x28, 0x90, 0x09, 0x00, 0xe0, 0x00, 0x00, 0x42, 0x00, 0x08,
  0x00, 0xee, 0x0e, 0x00, 0x3c, 0x72, 0x0e, 0x10, 0x18, 0x00, 0x00, 0x00,
  0x0e, 0x08, 0x00, 0x00, 0x00, 0xf0, 0x4f, 0x04, 0x3c, 0x72, 0x44, 0x10,
  0x1a, 0x00, 0x00, 0x00, 0x44, 0x08, 0x00, 0x00, 0x00, 0xe2, 0x0f, 0x04,
  0x3b, 0x78, 0x18, 0x71, 0x09, 0x00, 0xe0, 0x00, 0x00, 0x42, 0x00, 0x08,
  0x00, 0xae, 0x0e, 0x00, 0x3c, 0x72, 0x46, 0x10, 0x1c, 0x00, 0x00, 0x00,
  0x46, 0x08, 0x00, 0x00, 0x00, 0xf0, 0x0f, 0x05, 0x3c, 0x72, 0x48, 0x10,
  0x1e, 0x00, 0x00, 0x00, 0x48, 0x08, 0x00, 0x00, 0x00, 0xe2, 0x0f, 0x04,
  0x3b, 0x78, 0x1c, 0x74, 0x09, 0x00, 0xe0, 0x00, 0x00, 0x42, 0x00, 0x08,
  0x00, 0x2e, 0x0f, 0x00, 0x3c, 0x72, 0x4a, 0x10, 0x20, 0x00, 0x00, 0x00,
  0x4a, 0x08, 0x00, 0x00, 0x00, 0xf0, 0x0f, 0x06, 0x3c, 0x72, 0x4c, 0x10,
  0x22, 0x00, 0x00, 0x00, 0x4c, 0x08, 0x00, 0x00, 0x00, 0xe2, 0x0f, 0x04,
  0x3b, 0x78, 0x20, 0x73, 0x09, 0x00, 0xe0, 0x00, 0x00, 0x42, 0x00, 0x08,
  0x00, 0x6e, 0x0f, 0x00, 0x3c, 0x72, 0x38, 0x10, 0x2c, 0x00, 0x00, 0x00,
  0x38, 0x08, 0x00, 0x00, 0x00, 0xee, 0x0f, 0x04, 0x3e, 0x72, 0x2c, 0x6a,
  0x6b, 0x00, 0x00, 0x00, 0xff, 0x00, 0x00, 0x00, 0x00, 0xe2, 0x0f, 0x00,
  0x3c, 0x72, 0x3a, 0x10, 0x2e, 0x00, 0x00, 0x00, 0x3a, 0x08, 0x00, 0x00,
  0x00, 0xe2, 0x0f, 0x00, 0x3e, 0x72, 0x2d, 0x68, 0x69, 0x00, 0x00, 0x00,
  0xff, 0x00, 0x00, 0x00, 0x00, 0xcc, 0x0f, 0x00, 0x3e, 0x72, 0x2e, 0x66,
  0x67, 0x00, 0x00, 0x00, 0xff, 0x00, 0x00, 0x00, 0x00, 0xe2, 0x0f, 0x00,
  0x3c, 0x72, 0x40, 0x10, 0x14, 0x00, 0x00, 0x00, 0x40, 0x08, 0x00, 0x00,
  0x00, 0xe2, 0x0f, 0x04, 0x3e, 0x72, 0x2f, 0x64, 0x65, 0x00, 0x00, 0x00,
  0xff, 0x00, 0x00, 0x00, 0x00, 0xe4, 0x0f, 0x00, 0x3b, 0x78, 0x64, 0x73,
  0x09, 0x00, 0xf0, 0x00, 0x00, 0x42, 0x00, 0x08, 0x00, 0xea, 0x0f, 0x00,
  0x3c, 0x72, 0x42, 0x10, 0x16, 0x00, 0x00, 0x00, 0x42, 0x08, 0x00, 0x00,
  0x00, 0xe2, 0x0f, 0x00, 0x3b, 0x78, 0x10, 0x6f, 0x09, 0x00, 0xe0, 0x00,
  0x00, 0x42, 0x00, 0x08, 0x00, 0xa8, 0x0e, 0x00, 0x3b, 0x78, 0x14, 0x6e,
  0x09, 0x00, 0xe0, 0x00, 0x00, 0x42, 0x00, 0x08, 0x00, 0xa6, 0x0e, 0x00,
  0x3c, 0x72, 0x38, 0x2c, 0x30, 0x00, 0x00, 0x00, 0x38, 0x08, 0x00, 0x00,
  0x00, 0xf0, 0x2f, 0x04, 0x3c, 0x72, 0x3a, 0x2c, 0x32, 0x00, 0x00, 0x00,
  0x3a, 0x08, 0x00, 0x00, 0x00, 0xe2, 0x0f, 0x04, 0x3b, 0x78, 0x30, 0x90,
  0x09, 0x00, 0xf0, 0x00, 0x00, 0x42, 0x00, 0x08, 0x00, 0x6e, 0x0e, 0x00,
  0x3c, 0x72, 0x34, 0x2c, 0x24, 0x00, 0x00, 0x00, 0x34, 0x08, 0x00, 0x00,
  0x00, 0xf0, 0x0f, 0x04, 0x3c, 0x72, 0x36, 0x2c, 0x26, 0x00, 0x00, 0x00,
  0x36, 0x08, 0x00, 0x00, 0x00, 0xe2, 0x0f, 0x04, 0x3b, 0x78, 0x24, 0x74,
  0x09, 0x00, 0xf0, 0x00, 0x00, 0x42, 0x00, 0x08, 0x00, 0x6e, 0x0e, 0x00,
  0x3c, 0x72, 0x0e, 0x2c, 0x28, 0x00, 0x00, 0x00, 0x0e, 0x08, 0x00, 0x00,
  0x00, 0xf0, 0x8f, 0x04, 0x3c, 0x72, 0x44, 0x2c, 0x2a, 0x00, 0x00, 0x00,
  0x44, 0x08, 0x00, 0x00, 0x00, 0xe2, 0x0f, 0x04, 0x3b, 0x78, 0x28, 0x71,
  0x09, 0x00, 0xf0, 0x00, 0x00, 0x42, 0x00, 0x08, 0x00, 0xee, 0x0e, 0x00,
  0x3c, 0x72, 0x46, 0x2c, 0x18, 0x00, 0x00, 0x00, 0x46, 0x08, 0x00, 0x00,
  0x00, 0xf0, 0x4f, 0x04, 0x3c, 0x72, 0x48, 0x2c, 0x1a, 0x00, 0x00, 0x00,
  0x48, 0x08, 0x00, 0x00, 0x00, 0xe2, 0x0f, 0x04, 0x3b, 0x78, 0x18, 0x6f,
  0x09, 0x00, 0xf0, 0x00, 0x00, 0x42, 0x00, 0x08, 0x00, 0xee, 0x0f, 0x00,
  0x3c, 0x72, 0x4a, 0x2c, 0x1c, 0x00, 0x00, 0x00, 0x4a, 0x08, 0x00, 0x00,
  0x00, 0xf0, 0x0f, 0x05, 0x3c, 0x72, 0x4c, 0x2c, 0x1e, 0x00, 0x00, 0x00,
  0x4c, 0x08, 0x00, 0x00, 0x00, 0xe2, 0x0f, 0x04, 0x3b, 0x78, 0x1c, 0x70,
  0x09, 0x00, 0xf0, 0x00, 0x00, 0x42, 0x00, 0x08, 0x00, 0xee, 0x0f, 0x00,
  0x3c, 0x72, 0x4e, 0x2c, 0x20, 0x00, 0x00, 0x00, 0x4e, 0x08, 0x00, 0x00,
  0x00, 0xf0, 0x0f, 0x06, 0x3c, 0x72, 0x50, 0x2c, 0x22, 0x00, 0x00, 0x00,
  0x50, 0x08, 0x00, 0x00, 0x00, 0xe2, 0x0f, 0x04, 0x3b, 0x78, 0x20, 0x72,
  0x09, 0x00, 0xf0, 0x00, 0x00, 0x42, 0x00, 0x08, 0x00, 0xae, 0x0e, 0x00,
  0x3c, 0x72, 0x3c, 0x2c, 0x10, 0x00, 0x00, 0x00, 0x3c, 0x08, 0x00, 0x00,
  0x00, 0xf0, 0x0f, 0x04, 0x3c, 0x72, 0x3e, 0x2c, 0x12, 0x00, 0x00, 0x00,
  0x3e, 0x08, 0x00, 0x00, 0x00, 0xe2, 0x0f, 0x04, 0x3b, 0x78, 0x10, 0x6e,
  0x09, 0x00, 0xf0, 0x00, 0x00, 0x42, 0x00, 0x08, 0x00, 0x2e, 0x0f, 0x00,
  0x3c, 0x72, 0x40, 0x2c, 0x14, 0x00, 0x00, 0x00, 0x40, 0x08, 0x00, 0x00,
  0x00, 0xee, 0x0f, 0x04, 0x3e, 0x72, 0x14, 0x62, 0x63, 0x00, 0x00, 0x00,
  0xff, 0x00, 0x00, 0x00, 0x00, 0xe2, 0x0f, 0x00, 0x3c, 0x72, 0x42, 0x2c,
  0x16, 0x00, 0x00, 0x00, 0x42, 0x08, 0x00, 0x00, 0x00, 0xe2, 0x0f, 0x00,
  0x3e, 0x72, 0x15, 0x5a, 0x5b, 0x00, 0x00, 0x00, 0xff, 0x00, 0x00, 0x00,
  0x00, 0xcc, 0x0f, 0x00, 0x3e, 0x72, 0x16, 0x58, 0x59, 0x00, 0x00, 0x00,
  0xff, 0x00, 0x00, 0x00, 0x00, 0xe4, 0x0f, 0x00, 0x3e, 0x72, 0x17, 0x52,
  0x53, 0x00, 0x00, 0x00, 0xff, 0x00, 0x00, 0x00, 0x00, 0xe4, 0x0f, 0x00,
  0x3e, 0x72, 0x2c, 0x77, 0x78, 0x00, 0x00, 0x00, 0xff, 0x00, 0x00, 0x00,
  0x00, 0xe4, 0x0f, 0x00, 0x3e, 0x72, 0x2d, 0x75, 0x76, 0x00, 0x00, 0x00,
  0xff, 0x00, 0x00, 0x00, 0x00, 0xe4, 0x0f, 0x00, 0x3e, 0x72, 0x2e, 0x56,
  0x57, 0x00, 0x00, 0x00, 0xff, 0x00, 0x00, 0x00, 0x00, 0xe2, 0x0f, 0x00,
  0x3c, 0x72, 0x30, 0x14, 0x30, 0x00, 0x00, 0x00, 0x0e, 0x08, 0x00, 0x00,
  0x00, 0xe2, 0x2f, 0x00, 0x3e, 0x72, 0x2f, 0x54, 0x55, 0x00, 0x00, 0x00,
  0xff, 0x00, 0x00, 0x00, 0x00, 0xce, 0x0f, 0x00, 0x3c, 0x72, 0x0e, 0x14,
  0x26, 0x00, 0x00, 0x00, 0x4c, 0x08, 0x00, 0x00, 0x00, 0xf0, 0x0f, 0x04,
  0x3c, 0x72, 0x5c, 0x14, 0x2a, 0x00, 0x00, 0x00, 0x48, 0x08, 0x00, 0x00,
  0x00, 0xf0, 0x8f, 0x04, 0x3c, 0x72, 0x58, 0x14, 0x24, 0x00, 0x00, 0x00,
  0x4a, 0x08, 0x00, 0x00, 0x00, 0xf0, 0x0f, 0x04, 0x3c, 0x72, 0x64, 0x14,
  0x64, 0x00, 0x00, 0x00, 0x4e, 0x08, 0x00, 0x00, 0x00, 0xf0, 0x0f, 0x04,
  0x3c, 0x72, 0x4c, 0x14, 0x66, 0x00, 0x00, 0x00, 0x50, 0x08, 0x00, 0x00,
  0x00, 0xf0, 0x0f, 0x04, 0x3c, 0x72, 0x68, 0x14, 0x32, 0x00, 0x00, 0x00,
  0x44, 0x08, 0x00, 0x00, 0x00, 0xf0, 0x0f, 0x04, 0x3c, 0x72, 0x5a, 0x14,
  0x28, 0x00, 0x00, 0x00, 0x46, 0x08, 0x00, 0x00, 0x00, 0xf0, 0x0f, 0x04,
  0x3c, 0x72, 0x4e, 0x14, 0x20, 0x00, 0x00, 0x00, 0x34, 0x08, 0x00, 0x00,
  0x00, 0xee, 0x4f, 0x04, 0x3e, 0x72, 0x34, 0x91, 0x94, 0x00, 0x00, 0x00,
  0xff, 0x00, 0x00, 0x00, 0x00, 0xe2, 0x0f, 0x00, 0x3c, 0x72, 0x50, 0x14,
  0x22, 0x00, 0x00, 0x00, 0x36, 0x08, 0x00, 0x00, 0x00, 0xe2, 0x0f, 0x00,
  0x3e, 0x72, 0x35, 0x7d, 0x92, 0x00, 0x00, 0x00, 0xff, 0x00, 0x00, 0x00,
  0x00, 0xcc, 0x0f, 0x00, 0x3e, 0x72, 0x36, 0x7b, 0x7c, 0x00, 0x00, 0x00,
  0xff, 0x00, 0x00, 0x00, 0x00, 0xe2, 0x0f, 0x00, 0x3c, 0x72, 0x52, 0x14,
  0x1c, 0x00, 0x00, 0x00, 0x38, 0x08, 0x00, 0x00, 0x00, 0xe2, 0x0f, 0x00,
  0x3e, 0x72, 0x37, 0x79, 0x7a, 0x00, 0x00, 0x00, 0xff, 0x00, 0x00, 0x00,
  0x00, 0xce, 0x0f, 0x00, 0x3c, 0x72, 0x6c, 0x14, 0x1e, 0x00, 0x00, 0x00,
  0x3a, 0x08, 0x00, 0x00, 0x00, 0xf0, 0x0f, 0x04, 0x3c, 0x72, 0x4a, 0x14,
  0x18, 0x00, 0x00, 0x00, 0x3c, 0x08, 0x00, 0x00, 0x00, 0xee, 0x0f, 0x04,
  0x3e, 0x72, 0x3c, 0xa9, 0xaa, 0x00, 0x00, 0x00, 0xff, 0x00, 0x00, 0x00,
  0x00, 0xe2, 0x0f, 0x00, 0x3c, 0x72, 0x62, 0x14, 0x1a, 0x00, 0x00, 0x00,
  0x3e, 0x08, 0x00, 0x00, 0x00, 0xe2, 0x0f, 0x00, 0x3e, 0x72, 0x3d, 0xa7,
  0xa8, 0x00, 0x00, 0x00, 0xff, 0x00, 0x00, 0x00, 0x00, 0xc4, 0x0f, 0x00,
  0x3e, 0x72, 0x18, 0x9f, 0xa4, 0x00, 0x00, 0x00, 0xff, 0x00, 0x00, 0x00,
  0x00, 0xe4, 0x0f, 0x00, 0x3e, 0x72, 0x19, 0x97, 0xa2, 0x00, 0x00, 0x00,
  0xff, 0x00, 0x00, 0x00, 0x00, 0xe4, 0x0f, 0x00, 0x3e, 0x72, 0x3e, 0xa5,
  0xa6, 0x00, 0x00, 0x00, 0xff, 0x00, 0x00, 0x00, 0x00, 0xe2, 0x0f, 0x00,
  0x3c, 0x72, 0x6a, 0x14, 0x10, 0x00, 0x00, 0x00, 0x40, 0x08, 0x00, 0x00,
  0x00, 0xe2, 0x0f, 0x01, 0x3e, 0x72, 0x3f, 0xa1, 0xa3, 0x00, 0x00, 0x00,
  0xff, 0x00, 0x00, 0x00, 0x00, 0xe4, 0x0f, 0x00, 0x3e, 0x72, 0x1a, 0x95,
  0xa0, 0x00, 0x00, 0x00, 0xff, 0x00, 0x00, 0x00, 0x00, 0xe4, 0x0f, 0x00,
  0x3e, 0x72, 0x1b, 0x93, 0x96, 0x00, 0x00, 0x00, 0xff, 0x00, 0x00, 0x00,
  0x00, 0xc6, 0x0f, 0x00, 0x3c, 0x72, 0x48, 0x14, 0x12, 0x00, 0x00, 0x00,
  0x42, 0x08, 0x00, 0x00, 0x00, 0xe2, 0x0f, 0x00, 0x1d, 0x7b, 0x00, 0x00,
  0x00, 0x00, 0x00, 0x00, 0x00, 0x00, 0x01, 0x00, 0x00, 0xec, 0x0f, 0x00,
  0x47, 0xd9, 0x00, 0x00, 0x90, 0x00, 0x00, 0x00, 0x00, 0x00, 0x80, 0x03,
  0x00, 0xea, 0x0f, 0x00, 0x1a, 0x79, 0x00, 0x00, 0x00, 0x80, 0x00, 0x00,
  0x00, 0x00, 0x00, 0x00, 0x00, 0xc8, 0x0f, 0x00, 0x1d, 0x7b, 0x00, 0x00,
  0x00, 0x00, 0x00, 0x00, 0x00, 0x00, 0x01, 0x00, 0x00, 0xe2, 0x0f, 0x00,
  0x10, 0x78, 0x04, 0x04, 0x80, 0x00, 0x00, 0x00, 0xff, 0xe0, 0xf1, 0x07,
  0x00, 0xe4, 0x0f, 0x00, 0x10, 0x78, 0x02, 0x02, 0x80, 0x00, 0x00, 0x00,
  0xff, 0xe0, 0xfd, 0x07, 0x00, 0xe4, 0x0f, 0x00, 0x10, 0x78, 0x8b, 0x8b,
  0x80, 0x00, 0x00, 0x00, 0xff, 0xe0, 0xff, 0x07, 0x00, 0xe2, 0x0f, 0x00,
  0x24, 0x72, 0x05, 0xff, 0xff, 0x00, 0x00, 0x00, 0x05, 0x06, 0x0e, 0x00,
  0x00, 0xe2, 0x0f, 0x00, 0x10, 0x78, 0x61, 0x61, 0x80, 0x00, 0x00, 0x00,
  0xff, 0xe0, 0xff, 0x07, 0x00, 0xe2, 0x0f, 0x00, 0x24, 0x72, 0x03, 0xff,
  0xff, 0x00, 0x00, 0x00, 0x03, 0x06, 0x0e, 0x03, 0x00, 0xe2, 0x0f, 0x00,
  0x47, 0x79, 0x00, 0x00, 0x90, 0x04, 0x00, 0x00, 0x00, 0x00, 0x80, 0x03,
  0x00, 0xea, 0x0f, 0x00, 0x8c, 0x78, 0x00, 0x05, 0xff, 0x1f, 0x00, 0x00,
  0x70, 0x42, 0xf0, 0x0b, 0x00, 0xe2, 0x0f, 0x00, 0x0c, 0x78, 0x00, 0x61,
  0x00, 0x01, 0x00, 0x00, 0x70, 0x12, 0xfc, 0x04, 0x00, 0xe2, 0x0f, 0x00,
  0x90, 0x78, 0x04, 0x05, 0x00, 0xe0, 0xff, 0xff, 0x3f, 0xe0, 0xff, 0x0f,
  0x00, 0xe2, 0x0f, 0x00, 0x10, 0x78, 0x10, 0x04, 0x00, 0xff, 0xff, 0xff,
  0xff, 0xe0, 0xf1, 0x07, 0x00, 0xe2, 0x0f, 0x00, 0x90, 0x78, 0x06, 0x07,
  0x00, 0xc0, 0xff, 0xff, 0x3f, 0xe0, 0xff, 0x0f, 0x00, 0xe2, 0x0f, 0x00,
  0x10, 0x78, 0x7e, 0x7e, 0x80, 0xff, 0xff, 0xff, 0xff, 0xe0, 0xff, 0x07,
  0x00, 0xc4, 0x0f, 0x00, 0x10, 0x78, 0x11, 0x05, 0xff, 0xff, 0xff, 0xff,
  0xff, 0xe4, 0x7f, 0x00, 0x00, 0xe4, 0x0f, 0x00, 0x10, 0x78, 0x04, 0x10,
  0x00, 0x01, 0x00, 0x00, 0xff, 0xe0, 0xf1, 0x07, 0x00, 0xe4, 0x0f, 0x00,
  0x90, 0x88, 0x04, 0x05, 0x00, 0x20, 0x00, 0x00, 0x3f, 0xe0, 0xff, 0x0f,
  0x00, 0xe2, 0x0f, 0x00, 0x17, 0x78, 0x1f, 0x7e, 0x80, 0x00, 0x00, 0x00,
  0x00, 0x02, 0x80, 0x03, 0x00, 0xe2, 0x0f, 0x00, 0x91, 0x78, 0x05, 0x0c,
  0x00, 0xff, 0xff, 0xff, 0x3f, 0x38, 0x80, 0x0f, 0x00, 0xe2, 0x0f, 0x00,
  0x24, 0x72, 0x05, 0xff, 0xff, 0x00, 0x00, 0x00, 0x11, 0x06, 0x0e, 0x00,
  0x00, 0xe2, 0x0f, 0x00, 0x0c, 0x78, 0x00, 0x61, 0x00, 0x01, 0x00, 0x00,
  0x70, 0x12, 0x70, 0x05, 0x00, 0xe4, 0x0f, 0x00, 0x10, 0x7c, 0x1d, 0x8a,
  0x04, 0x00, 0x00, 0x00, 0xff, 0xe0, 0xff, 0x0f, 0x00, 0xe2, 0x0f, 0x00,
  0x91, 0x78, 0x0c, 0x0c, 0xff, 0xff, 0xff, 0xff, 0x0d, 0x3c, 0x0f, 0x08,
  0x00, 0xc4, 0x0f, 0x00, 0x8c, 0x78, 0x00, 0x07, 0xff, 0x3f, 0x00, 0x00,
  0x70, 0x42, 0xf0, 0x0b, 0x00, 0xe4, 0x0f, 0x00, 0x84, 0xf9, 0xff, 0xff,
  0x00, 0x00, 0x00, 0x00, 0x00, 0x08, 0x00, 0x00, 0x00, 0xe2, 0x0f, 0x00,
  0x84, 0xf9, 0xff, 0xff, 0x00, 0x00, 0x00, 0x00, 0x00, 0x08, 0x00, 0x00,
  0x00, 0xe2, 0x0f, 0x00, 0x84, 0xf9, 0xff, 0xff, 0x00, 0x00, 0x00, 0x00,
  0x00, 0x08, 0x00, 0x00, 0x00, 0xe2, 0x0f, 0x00, 0xae, 0x7f, 0x1d, 0x10,
  0x00, 0x01, 0x00, 0x00, 0x52, 0x1c, 0x10, 0x0b, 0x00, 0xe2, 0x03, 0x00,
  0x10, 0x72, 0x12, 0x04, 0x07, 0x00, 0x00, 0x00, 0xff, 0xe0, 0xfd, 0x07,
  0x00, 0xca, 0x0f, 0x00, 0x24, 0x78, 0x13, 0x05, 0x01, 0x00, 0x00, 0x00,
  0x06, 0x06, 0x0e, 0x03, 0x00, 0xe2, 0x0f, 0x00, 0x0c, 0x78, 0x00, 0x61,
  0x00, 0x01, 0x00, 0x00, 0x70, 0x12, 0xfc, 0x05, 0x00, 0xe4, 0x0f, 0x00,
  0x90, 0x88, 0x06, 0x07, 0x00, 0x40, 0x00, 0x00, 0x3f, 0xe0, 0xff, 0x0f,
  0x00, 0xe4, 0x0f, 0x00, 0xae, 0x7f, 0x1d, 0x12, 0x00, 0x00, 0x80, 0x00,
  0x52, 0x1c, 0x10, 0x08, 0x00, 0xe2, 0x05, 0x00, 0x10, 0x72, 0x14, 0x12,
  0x07, 0x00, 0x00, 0x00, 0xff, 0xe0, 0xf1, 0x07, 0x00, 0xc8, 0x0f, 0x00,
  0x82, 0x7c, 0x07, 0x00, 0x06, 0x00, 0x00, 0x00, 0x00, 0x00, 0x00, 0x08,
  0x00, 0xe2, 0x0f, 0x00, 0x24, 0x78, 0x15, 0x13, 0x01, 0x00, 0x00, 0x00,
  0x06, 0x06, 0x0e, 0x00, 0x00, 0xe2, 0x0f, 0x00, 0x0c, 0x78, 0x00, 0x61,
  0x00, 0x01, 0x00, 0x00, 0x70, 0x12, 0x70, 0x06, 0x00, 0xc8, 0x0f, 0x00,
  0xae, 0x7f, 0x1d, 0x14, 0x00, 0x00, 0x00, 0x01, 0x52, 0x1c, 0x10, 0x0b,
  0x00, 0xe2, 0x05, 0x00, 0x10, 0x72, 0x16, 0x14, 0x07, 0x00, 0x00, 0x00,
  0xff, 0xe0, 0xfd, 0x07, 0x00, 0xca, 0x0f, 0x00, 0x24, 0x78, 0x17, 0x15,
  0x01, 0x00, 0x00, 0x00, 0x06, 0x06, 0x0e, 0x03, 0x00, 0xe2, 0x0f, 0x00,
  0x10, 0x7c, 0x10, 0x02, 0x05, 0x00, 0x00, 0x00, 0xff, 0xe0, 0xfd, 0x0f,
  0x00, 0xe2, 0x2f, 0x00, 0x82, 0x7c, 0x05, 0x00, 0x04, 0x00, 0x00, 0x00,
  0x00, 0x00, 0x00, 0x08, 0x00, 0xc6, 0x0f, 0x00, 0x10, 0x7c, 0x11, 0x03,
  0x0c, 0x00, 0x00, 0x00, 0xff, 0xe4, 0x7f, 0x0b, 0x00, 0xe2, 0x0f, 0x00,
  0xae, 0x7f, 0x1d, 0x16, 0x00, 0x00, 0x80, 0x01, 0x52, 0x1c, 0x10, 0x08,
  0x00, 0xe2, 0x05, 0x00, 0x10, 0x78, 0x02, 0x10, 0x00, 0x01, 0x00, 0x00,
  0xff, 0xe0, 0xfd, 0x07, 0x00, 0xe4, 0x0f, 0x00, 0x0c, 0x78, 0x00, 0x8b,
  0x00, 0x01, 0x00, 0x00, 0x70, 0x62, 0xf0, 0x03, 0x00, 0xc6, 0x0f, 0x00,
  0x24, 0x72, 0x03, 0xff, 0xff, 0x00, 0x00, 0x00, 0x11, 0x06, 0x0e, 0x03,
  0x00, 0xe2, 0x0f, 0x00, 0x0c, 0x72, 0x00, 0x8c, 0x1f, 0x00, 0x00, 0x00,
  0x70, 0x12, 0x7c, 0x04, 0x00, 0xe4, 0x0f, 0x00, 0x10, 0x7c, 0x1d, 0x8a,
  0x06, 0x00, 0x00, 0x00, 0xff, 0xe0, 0xff, 0x0f, 0x00, 0xd6, 0x4f, 0x00,
  0xae, 0x7f, 0x1d, 0x10, 0x00, 0x01, 0x00, 0x04, 0x52, 0x1c, 0x10, 0x0b,
  0x00, 0xe2, 0x03, 0x00, 0x10, 0x72, 0x12, 0x02, 0x07, 0x00, 0x00, 0x00,
  0xff, 0xe0, 0xfd, 0x07, 0x00, 0xca, 0x0f, 0x00, 0x24, 0x78, 0x13, 0x03,
  0x01, 0x00, 0x00, 0x00, 0x06, 0x06, 0x0e, 0x03, 0x00, 0xe2, 0x0f, 0x00,
  0x0c, 0x72, 0x00, 0x88, 0x1f, 0x00, 0x00, 0x00, 0x70, 0x12, 0x7c, 0x04,
  0x00, 0xda, 0x0f, 0x00, 0xae, 0x7f, 0x1d, 0x12, 0x00, 0x00, 0x80, 0x04,
  0x52, 0x1c, 0x10, 0x0b, 0x00, 0xe2, 0x05, 0x00, 0x10, 0x72, 0x14, 0x12,
  0x07, 0x00, 0x00, 0x00, 0xff, 0xe0, 0xfd, 0x07, 0x00, 0xca, 0x0f, 0x00,
  0x24, 0x78, 0x15, 0x13, 0x01, 0x00, 0x00, 0x00, 0x06, 0x06, 0x0e, 0x03,
  0x00, 0xe2, 0x0f, 0x00, 0x0c, 0x72, 0x00, 0x87, 0x1f, 0x00, 0x00, 0x00,
  0x70, 0x12, 0x7c, 0x04, 0x00, 0xda, 0x0f, 0x00, 0xae, 0x7f, 0x1d, 0x14,
  0x00, 0x00, 0x00, 0x05, 0x52, 0x1c, 0x10, 0x0b, 0x00, 0xe2, 0x07, 0x00,
  0x10, 0x72, 0x16, 0x14, 0x07, 0x00, 0x00, 0x00, 0xff, 0xe0, 0xfd, 0x07,
  0x00, 0xca, 0x0f, 0x00, 0x24, 0x78, 0x17, 0x15, 0x01, 0x00, 0x00, 0x00,
  0x06, 0x06, 0x0e, 0x03, 0x00, 0xe2, 0x0f, 0x00, 0x0c, 0x72, 0x00, 0x86,
  0x1f, 0x00, 0x00, 0x00, 0x70, 0x12, 0x7c, 0x04, 0x00, 0xda, 0x0f, 0x00,
  0xae, 0x7f, 0x1d, 0x16, 0x00, 0x00, 0x80, 0x05, 0x52, 0x1c, 0x10, 0x0b,
  0x00, 0xe2, 0x09, 0x00, 0x10, 0x72, 0x10, 0x16, 0x07, 0x00, 0x00, 0x00,
  0xff, 0xe0, 0xfd, 0x07, 0x00, 0xca, 0x2f, 0x00, 0x24, 0x78, 0x11, 0x17,
  0x01, 0x00, 0x00, 0x00, 0x06, 0x06, 0x0e, 0x03, 0x00, 0xe2, 0x0f, 0x00,
  0x0c, 0x72, 0x00, 0x84, 0x1f, 0x00, 0x00, 0x00, 0x70, 0x12, 0x7c, 0x04,
  0x00, 0xda, 0x0f, 0x00, 0xae, 0x7f, 0x1d, 0x10, 0x00, 0x00, 0x00, 0x06,
  0x52, 0x1c, 0x10, 0x0b, 0x00, 0xe2, 0x03, 0x00, 0x10, 0x72, 0x12, 0x10,
  0x07, 0x00, 0x00, 0x00, 0xff, 0xe0, 0xfd, 0x07, 0x00, 0xca, 0x4f, 0x00,
  0x24, 0x78, 0x13, 0x11, 0x01, 0x00, 0x00, 0x00, 0x06, 0x06, 0x0e, 0x03,
  0x00, 0xe2, 0x0f, 0x00, 0x0c, 0x72, 0x00, 0x83, 0x1f, 0x00, 0x00, 0x00,
  0x70, 0x12, 0x7c, 0x04, 0x00, 0xda, 0x0f, 0x00, 0xae, 0x7f, 0x1d, 0x12,
  0x00, 0x00, 0x80, 0x06, 0x52, 0x1c, 0x10, 0x0b, 0x00, 0xe2, 0x03, 0x00,
  0x10, 0x72, 0x14, 0x12, 0x07, 0x00, 0x00, 0x00, 0xff, 0xe0, 0xfd, 0x07,
  0x00, 0xca, 0x8f, 0x00, 0x24, 0x78, 0x15, 0x13, 0x01, 0x00, 0x00, 0x00,
  0x06, 0x06, 0x0e, 0x03, 0x00, 0xe2, 0x0f, 0x00, 0x10, 0x72, 0x16, 0x14,
  0x07, 0x00, 0x00, 0x00, 0xff, 0xe0, 0xfd, 0x07, 0x00, 0xca, 0x0f, 0x01,
  0x24, 0x78, 0x17, 0x15, 0x01, 0x00, 0x00, 0x00, 0x06, 0x06, 0x0e, 0x03,
  0x00, 0xe2, 0x0f, 0x00, 0x0c, 0x72, 0x00, 0x82, 0x1f, 0x00, 0x00, 0x00,
  0x70, 0x12, 0x7c, 0x04, 0x00, 0xe4, 0x0f, 0x08, 0x0c, 0x72, 0x00, 0x81,
  0x1f, 0x00, 0x00, 0x00, 0x70, 0x12, 0x70, 0x04, 0x00, 0xd6, 0x0f, 0x00,
  0xae, 0x7f, 0x1d, 0x14, 0x00, 0x00, 0x00, 0x07, 0x52, 0x1c, 0x10, 0x0b,
  0x00, 0xe8, 0x03, 0x00, 0xae, 0x7f, 0x1d, 0x16, 0x00, 0x00, 0x80, 0x07,
  0x52, 0x1c, 0x10, 0x08, 0x00, 0xe8, 0x03, 0x00, 0xaf, 0x79, 0x00, 0x00,
  0x00, 0x00, 0x00, 0x00, 0x00, 0x00, 0x00, 0x00, 0x00, 0x22, 0x0e, 0x00,
  0x1a, 0x79, 0x00, 0x00, 0x40, 0x80, 0x00, 0x00, 0x00, 0x00, 0x00, 0x00,
  0x00, 0xc8, 0x0f, 0x00, 0x1d, 0x7b, 0x00, 0x00, 0x00, 0x00, 0x00, 0x00,
  0x00, 0x00, 0x01, 0x00, 0x00, 0xec, 0x0f, 0x00, 0x8c, 0x78, 0x00, 0x09,
  0xff, 0x3f, 0x00, 0x00, 0x70, 0x42, 0xf0, 0x0b, 0x00, 0xe4, 0x2f, 0x00,
  0x90, 0x78, 0x0c, 0x09, 0x00, 0xc0, 0xff, 0xff, 0x3f, 0xe0, 0xff, 0x0f,
  0x00, 0xe4, 0x0f, 0x00, 0x8c, 0x78, 0x00, 0x14, 0xff, 0x3f, 0x00, 0x00,
  0x70, 0x42, 0xf2, 0x0b, 0x00, 0xe4, 0x0f, 0x00, 0x8c, 0x78, 0x00, 0x0f,
  0xff, 0x1f, 0x00, 0x00, 0x70, 0x42, 0xf4, 0x0b, 0x00, 0xe4, 0x0f, 0x00,
  0x90, 0x78, 0x06, 0x14, 0x00, 0xc0, 0xff, 0xff, 0x3f, 0xe0, 0xff, 0x0f,
  0x00, 0xe4, 0x0f, 0x00, 0x90, 0x78, 0x04, 0x0f, 0x00, 0xe0, 0xff, 0xff,
  0x3f, 0xe0, 0xff, 0x0f, 0x00, 0xc4, 0x0f, 0x00, 0x90, 0x88, 0x0c, 0x09,
  0x00, 0x40, 0x00, 0x00, 0x3f, 0xe0, 0xff, 0x0f, 0x00, 0xc6, 0x0f, 0x00,
  0x90, 0x98, 0x06, 0x14, 0x00, 0x40, 0x00, 0x00, 0x3f, 0xe0, 0xff, 0x0f,
  0x00, 0xe4, 0x0f, 0x00, 0x8c, 0x78, 0x00, 0x0c, 0xff, 0x3f, 0x00, 0x00,
  0x70, 0x42, 0xf0, 0x0b, 0x00, 0xe4, 0x0f, 0x00, 0x90, 0x78, 0x09, 0x0c,
  0x00, 0xc0, 0xff, 0xff, 0x3f, 0xe0, 0xff, 0x0f, 0x00, 0xe4, 0x0f, 0x00,
  0x3b, 0x78, 0x10, 0x71, 0x0c, 0x00, 0xc0, 0x00, 0x00, 0x42, 0x00, 0x08,
  0x00, 0x62, 0x0e, 0x00, 0x90, 0xa8, 0x04, 0x0f, 0x00, 0x20, 0x00, 0x00,
  0x3f, 0xe0, 0xff, 0x0f, 0x00, 0xc6, 0x0f, 0x00, 0x3b, 0x78, 0x28, 0x90,
  0x0c, 0x00, 0xc0, 0x00, 0x00, 0x42, 0x00, 0x08, 0x00, 0xa6, 0x0e, 0x00,
  0x90, 0x88, 0x09, 0x0c, 0x00, 0x40, 0x00, 0x00, 0x3f, 0xe0, 0xff, 0x0f,
  0x00, 0xe2, 0x0f, 0x00, 0x3b, 0x78, 0x24, 0x74, 0x0c, 0x00, 0xc0, 0x00,
  0x00, 0x42, 0x00, 0x08, 0x00, 0xe8, 0x0e, 0x00, 0x3b, 0x78, 0x1c, 0x72,
  0x0c, 0x00, 0xc0, 0x00, 0x00, 0x42, 0x00, 0x08, 0x00, 0x28, 0x0f, 0x00,
  0x3b, 0x78, 0x14, 0x6f, 0x0c, 0x00, 0xc0, 0x00, 0x00, 0x42, 0x00, 0x08,
  0x00, 0x68, 0x0f, 0x00, 0x3b, 0x78, 0x20, 0x73, 0x0c, 0x00, 0xc0, 0x00,
  0x00, 0x42, 0x00, 0x08, 0x00, 0xe8, 0x0e, 0x00, 0x3b, 0x78, 0x54, 0x70,
  0x0c, 0x00, 0xc0, 0x00, 0x00, 0x42, 0x00, 0x08, 0x00, 0xe8, 0x0e, 0x00,
  0x3b, 0x78, 0x40, 0x6e, 0x0c, 0x00, 0xc0, 0x00, 0x00, 0x42, 0x00, 0x08,
  0x00, 0xe8, 0x0f, 0x00, 0x3b, 0x78, 0x44, 0x90, 0x0c, 0x00, 0xd0, 0x00,
  0x00, 0x42, 0x00, 0x08, 0x00, 0xe8, 0x0f, 0x00, 0x3b, 0x78, 0x38, 0x71,
  0x0c, 0x00, 0xd0, 0x00, 0x00, 0x42, 0x00, 0x08, 0x00, 0xe2, 0x0f, 0x00,
  0x3c, 0x72, 0x5a, 0x3c, 0x10, 0x00, 0x00, 0x00, 0x5a, 0x08, 0x00, 0x00,
  0x00, 0xf0, 0x2f, 0x04, 0x3c, 0x72, 0x5c, 0x3c, 0x12, 0x00, 0x00, 0x00,
  0x5c, 0x08, 0x00, 0x00, 0x00, 0xe2, 0x0f, 0x04, 0x3b, 0x78, 0x10, 0x74,
  0x0c, 0x00, 0xd0, 0x00, 0x00, 0x42, 0x00, 0x08, 0x00, 0x6e, 0x0e, 0x00,
  0x3c, 0x72, 0x66, 0x3c, 0x28, 0x00, 0x00, 0x00, 0x30, 0x08, 0x00, 0x00,
  0x00, 0xe2, 0x4f, 0x04, 0x3b, 0x78, 0x30, 0x73, 0x0c, 0x00, 0xd0, 0x00,
  0x00, 0x42, 0x00, 0x08, 0x00, 0xae, 0x0e, 0x00, 0x3c, 0x72, 0x58, 0x3c,
  0x24, 0x00, 0x00, 0x00, 0x58, 0x08, 0x00, 0x00, 0x00, 0xf0, 0x8f, 0x04,
  0x3c, 0x72, 0x0e, 0x3c, 0x26, 0x00, 0x00, 0x00, 0x0e, 0x08, 0x00, 0x00,
  0x00, 0xe2, 0x0f, 0x04, 0x3b, 0x78, 0x24, 0x70, 0x0c, 0x00, 0xd0, 0x00,
  0x00, 0x42, 0x00, 0x08, 0x00, 0xee, 0x0f, 0x00, 0x3c, 0x72, 0x68, 0x3c,
  0x2a, 0x00, 0x00, 0x00, 0x68, 0x08, 0x00, 0x00, 0x00, 0xe2, 0x0f, 0x04,
  0x3b, 0x78, 0x28, 0x72, 0x0c, 0x00, 0xd0, 0x00, 0x00, 0x42, 0x00, 0x08,
  0x00, 0xee, 0x0f, 0x00, 0x3c, 0x72, 0x4e, 0x3c, 0x1c, 0x00, 0x00, 0x00,
  0x4e, 0x08, 0x00, 0x00, 0x00, 0xf0, 0x0f, 0x05, 0x3c, 0x72, 0x50, 0x3c,
  0x1e, 0x00, 0x00, 0x00, 0x50, 0x08, 0x00, 0x00, 0x00, 0xe2, 0x0f, 0x04,
  0x3b, 0x78, 0x1c, 0x6e, 0x0c, 0x00, 0xd0, 0x00, 0x00, 0x42, 0x00, 0x08,
  0x00, 0xee, 0x0e, 0x00, 0x3c, 0x72, 0x4a, 0x3c, 0x14, 0x00, 0x00, 0x00,
  0x4a, 0x08, 0x00, 0x00, 0x00, 0xf0, 0x0f, 0x06, 0x3c, 0x72, 0x62, 0x3c,
  0x16, 0x00, 0x00, 0x00, 0x62, 0x08, 0x00, 0x00, 0x00, 0xe2, 0x0f, 0x04,
  0x3b, 0x78, 0x14, 0x90, 0x0c, 0x00, 0xe0, 0x00, 0x00, 0x42, 0x00, 0x08,
  0x00, 0x2e, 0x0f, 0x00, 0x3c, 0x72, 0x64, 0x3c, 0x20, 0x00, 0x00, 0x00,
  0x64, 0x08, 0x00, 0x00, 0x00, 0xf0, 0x0f, 0x04, 0x3c, 0x72, 0x4c, 0x3c,
  0x22, 0x00, 0x00, 0x00, 0x4c, 0x08, 0x00, 0x00, 0x00, 0xe2, 0x0f, 0x04,
  0x3b, 0x78, 0x20, 0x6f, 0x0c, 0x00, 0xd0, 0x00, 0x00, 0x42, 0x00, 0x08,
  0x00, 0x6e, 0x0f, 0x00, 0x3c, 0x72, 0x52, 0x3c, 0x54, 0x00, 0x00, 0x00,
  0x52, 0x08, 0x00, 0x00, 0x00, 0xf0, 0x0f, 0x00, 0x3c, 0x72, 0x58, 0x18,
  0x10, 0x00, 0x00, 0x00, 0x58, 0x08, 0x00, 0x00, 0x00, 0xf0, 0x2f, 0x04,
  0x3c, 0x72, 0x54, 0x18, 0x12, 0x00, 0x00, 0x00, 0x0e, 0x08, 0x00, 0x00,
  0x00, 0xe2, 0x0f, 0x00, 0x3b, 0x78, 0x10, 0x71, 0x0c, 0x00, 0xe0, 0x00,
  0x00, 0x42, 0x00, 0x08, 0x00, 0x6e, 0x0e, 0x00, 0x3c, 0x72, 0x40, 0x3c,
  0x40, 0x00, 0x00, 0x00, 0x6a, 0x08, 0x00, 0x00, 0x00, 0xf0, 0x0f, 0x04,
  0x3c, 0x72, 0x42, 0x3c, 0x42, 0x00, 0x00, 0x00, 0x48, 0x08, 0x00, 0x00,
  0x00, 0xf0, 0x0f, 0x00, 0x3c, 0x72, 0x44, 0x18, 0x44, 0x00, 0x00, 0x00,
  0x66, 0x08, 0x00, 0x00, 0x00, 0xf0, 0x0f, 0x04, 0x3c, 0x72, 0x48, 0x18,
  0x46, 0x00, 0x00, 0x00, 0x68, 0x08, 0x00, 0x00, 0x00, 0xf0, 0x0f, 0x04,
  0x3c, 0x72, 0x0e, 0x18, 0x30, 0x00, 0x00, 0x00, 0x64, 0x08, 0x00, 0x00,
  0x00, 0xf0, 0x4f, 0x04, 0x3c, 0x72, 0x4c, 0x18, 0x32, 0x00, 0x00, 0x00,
  0x4c, 0x08, 0x00, 0x00, 0x00, 0xe2, 0x0f, 0x04, 0x3b, 0x78, 0x30, 0x74,
  0x0c, 0x00, 0xe0, 0x00, 0x00, 0x42, 0x00, 0x08, 0x00, 0xae, 0x0e, 0x00,
  0x3c, 0x72, 0x5a, 0x18, 0x38, 0x00, 0x00, 0x00, 0x5a, 0x08, 0x00, 0x00,
  0x00, 0xf0, 0x0f, 0x04, 0x3c, 0x72, 0x5c, 0x18, 0x3a, 0x00, 0x00, 0x00,
  0x5c, 0x08, 0x00, 0x00, 0x00, 0xe2, 0x0f, 0x00, 0x3b, 0x78, 0x38, 0x73,
  0x0c, 0x00, 0xe0, 0x00, 0x00, 0x42, 0x00, 0x08, 0x00, 0x6e, 0x0e, 0x00,
  0x3c, 0x72, 0x56, 0x3c, 0x56, 0x00, 0x00, 0x00, 0x6c, 0x08, 0x00, 0x00,
  0x00, 0xe2, 0x0f, 0x00, 0x3b, 0x78, 0x3c, 0x72, 0x0c, 0x00, 0xe0, 0x00,
  0x00, 0x42, 0x00, 0x08, 0x00, 0x6e, 0x0e, 0x00, 0x3c, 0x72, 0x66, 0x18,
  0x1c, 0x00, 0x00, 0x00, 0x40, 0x08, 0x00, 0x00, 0x00, 0xf0, 0x8f, 0x04,
  0x3c, 0x72, 0x68, 0x18, 0x1e, 0x00, 0x00, 0x00, 0x42, 0x08, 0x00, 0x00,
  0x00, 0xe2, 0x0f, 0x00, 0x3b, 0x78, 0x40, 0x70, 0x0c, 0x00, 0xe0, 0x00,
  0x00, 0x42, 0x00, 0x08, 0x00, 0xe8, 0x0e, 0x00, 0x3b, 0x78, 0x1c, 0x73,
  0x0c, 0x00, 0xf0, 0x00, 0x00, 0x42, 0x00, 0x08, 0x00, 0xe6, 0x0f, 0x00,
  0x3c, 0x72, 0x6a, 0x34, 0x14, 0x00, 0x00, 0x00, 0x44, 0x08, 0x00, 0x00,
  0x00, 0xe2, 0x0f, 0x01, 0x3b, 0x78, 0x44, 0x6f, 0x0c, 0x00, 0xe0, 0x00,
  0x00, 0x42, 0x00, 0x08, 0x00, 0x2e, 0x0f, 0x00, 0x3c, 0x72, 0x64, 0x18,
  0x20, 0x00, 0x00, 0x00, 0x4a, 0x08, 0x00, 0x00, 0x00, 0xf0, 0x0f, 0x02,
  0x3c, 0x72, 0x6c, 0x34, 0x16, 0x00, 0x00, 0x00, 0x48, 0x08, 0x00, 0x00,
  0x00, 0xe2, 0x0f, 0x04, 0x3b, 0x78, 0x48, 0x6e, 0x0c, 0x00, 0xe0, 0x00,
  0x00, 0x42, 0x00, 0x08, 0x00, 0x68, 0x0f, 0x00, 0x3b, 0x78, 0x14, 0x71,
  0x0c, 0x00, 0xf0, 0x00, 0x00, 0x42, 0x00, 0x08, 0x00, 0xe6, 0x0f, 0x00,
  0x3c, 0x72, 0x5a, 0x34, 0x10, 0x00, 0x00, 0x00, 0x5a, 0x08, 0x00, 0x00,
  0x00, 0xf0, 0x2f, 0x04, 0x3c, 0x72, 0x5c, 0x34, 0x12, 0x00, 0x00, 0x00,
  0x5c, 0x08, 0x00, 0x00, 0x00, 0xe2, 0x0f, 0x00, 0x3b, 0x78, 0x10, 0x90,
  0x0c, 0x00, 0xf0, 0x00, 0x00, 0x42, 0x00, 0x08, 0x00, 0x6e, 0x0e, 0x00,
  0x3c, 0x72, 0x4e, 0x18, 0x28, 0x00, 0x00, 0x00, 0x4e, 0x08, 0x00, 0x00,
  0x00, 0xf0, 0x0f, 0x04, 0x3c, 0x72, 0x50, 0x18, 0x2a, 0x00, 0x00, 0x00,
  0x50, 0x08, 0x00, 0x00, 0x00, 0xe2, 0x0f, 0x04, 0x3b, 0x78, 0x28, 0x6f,
  0x0c, 0x00, 0xf0, 0x00, 0x00, 0x42, 0x00, 0x08, 0x00, 0xee, 0x0f, 0x00,
  0x3c, 0x72, 0x52, 0x18, 0x24, 0x00, 0x00, 0x00, 0x52, 0x08, 0x00, 0x00,
  0x00, 0xf0, 0x0f, 0x04, 0x3c, 0x72, 0x56, 0x18, 0x26, 0x00, 0x00, 0x00,
  0x56, 0x08, 0x00, 0x00, 0x00, 0xe2, 0x0f, 0x04, 0x3b, 0x78, 0x24, 0x70,
  0x0c, 0x00, 0xf0, 0x00, 0x00, 0x42, 0x00, 0x08, 0x00, 0xee, 0x0f, 0x00,
  0x3c, 0x72, 0x62, 0x18, 0x22, 0x00, 0x00, 0x00, 0x62, 0x08, 0x00, 0x00,
  0x00, 0xe2, 0x0f, 0x00, 0x3b, 0x78, 0x18, 0x74, 0x0c, 0x00, 0xf0, 0x00,
  0x00, 0x42, 0x00, 0x08, 0x00, 0x68, 0x0e, 0x00, 0x3b, 0x78, 0x20, 0x72,
  0x0c, 0x00, 0xf0, 0x00, 0x00, 0x42, 0x00, 0x08, 0x00, 0x66, 0x0e, 0x00,
  0x3c, 0x72, 0x58, 0x34, 0x30, 0x00, 0x00, 0x00, 0x58, 0x08, 0x00, 0x00,
  0x00, 0xf0, 0x4f, 0x04, 0x3c, 0x72, 0x54, 0x34, 0x32, 0x00, 0x00, 0x00,
  0x54, 0x08, 0x00, 0x00, 0x00, 0xe2, 0x0f, 0x04, 0x3b, 0x78, 0x30, 0x6e,
  0x0c, 0x00, 0xf0, 0x00, 0x00, 0x42, 0x00, 0x08, 0x00, 0xae, 0x0e, 0x00,
  0x3c, 0x72, 0x38, 0x34, 0x38, 0x00, 0x00, 0x00, 0x0e, 0x08, 0x00, 0x00,
  0x00, 0xf0, 0x0f, 0x04, 0x3c, 0x72, 0x3a, 0x34, 0x3a, 0x00, 0x00, 0x00,
  0x4c, 0x08, 0x00, 0x00, 0x00, 0xf0, 0x0f, 0x04, 0x3c, 0x72, 0x3c, 0x34,
  0x3c, 0x00, 0x00, 0x00, 0x4e, 0x08, 0x00, 0x00, 0x00, 0xf0, 0x0f, 0x04,
  0x3c, 0x72, 0x3e, 0x34, 0x3e, 0x00, 0x00, 0x00, 0x50, 0x08, 0x00, 0x00,
  0x00, 0xf0, 0x0f, 0x04, 0x3c, 0x72, 0x40, 0x34, 0x40, 0x00, 0x00, 0x00,
  0x52, 0x08, 0x00, 0x00, 0x00, 0xf0, 0x8f, 0x04, 0x3c, 0x72, 0x42, 0x34,
  0x42, 0x00, 0x00, 0x00, 0x56, 0x08, 0x00, 0x00, 0x00, 0xf0, 0x0f, 0x04,
  0x3c, 0x72, 0x44, 0x34, 0x44, 0x00, 0x00, 0x00, 0x64, 0x08, 0x00, 0x00,
  0x00, 0xf0, 0x0f, 0x05, 0x3c, 0x72, 0x46, 0x34, 0x46, 0x00, 0x00, 0x00,
  0x62, 0x08, 0x00, 0x00, 0x00, 0xf0, 0x0f, 0x04, 0x3c, 0x72, 0x48, 0x34,
  0x48, 0x00, 0x00, 0x00, 0x66, 0x08, 0x00, 0x00, 0x00, 0xf0, 0x0f, 0x06,
  0x3c, 0x72, 0x4a, 0x34, 0x4a, 0x00, 0x00, 0x00, 0x68, 0x08, 0x00, 0x00,
  0x00, 0xf0, 0x0f, 0x00, 0x3c, 0x72, 0x0e, 0x2c, 0x10, 0x00, 0x00, 0x00,
  0x6a, 0x08, 0x00, 0x00, 0x00, 0xf0, 0x2f, 0x04, 0x3c, 0x72, 0x10, 0x2c,
  0x12, 0x00, 0x00, 0x00, 0x6c, 0x08, 0x00, 0x00, 0x00, 0xf0, 0x0f, 0x04,
  0x3c, 0x72, 0x12, 0x2c, 0x14, 0x00, 0x00, 0x00, 0x5a, 0x08, 0x00, 0x00,
  0x00, 0xf0, 0x0f, 0x04, 0x3c, 0x72, 0x14, 0x2c, 0x16, 0x00, 0x00, 0x00,
  0x5c, 0x08, 0x00, 0x00, 0x00, 0xf0, 0x0f, 0x04, 0x3c, 0x72, 0x16, 0x2c,
  0x18, 0x00, 0x00, 0x00, 0x58, 0x08, 0x00, 0x00, 0x00, 0xf0, 0x0f, 0x04,
  0x3c, 0x72, 0x18, 0x2c, 0x1a, 0x00, 0x00, 0x00, 0x54, 0x08, 0x00, 0x00,
  0x00, 0xf0, 0x0f, 0x04, 0x3c, 0x72, 0x1a, 0x2c, 0x1c, 0x00, 0x00, 0x00,
  0x38, 0x08, 0x00, 0x00, 0x00, 0xf0, 0x0f, 0x04, 0x3c, 0x72, 0x1c, 0x2c,
  0x1e, 0x00, 0x00, 0x00, 0x3a, 0x08, 0x00, 0x00, 0x00, 0xf0, 0x0f, 0x04,
  0x3c, 0x72, 0x1e, 0x2c, 0x20, 0x00, 0x00, 0x00, 0x3c, 0x08, 0x00, 0x00,
  0x00, 0xf0, 0x0f, 0x04, 0x3c, 0x72, 0x20, 0x2c, 0x22, 0x00, 0x00, 0x00,
  0x3e, 0x08, 0x00, 0x00, 0x00, 0xf0, 0x0f, 0x04, 0x3c, 0x72, 0x22, 0x2c,
  0x24, 0x00, 0x00, 0x00, 0x40, 0x08, 0x00, 0x00, 0x00, 0xf0, 0x0f, 0x04,
  0x3c, 0x72, 0x24, 0x2c, 0x26, 0x00, 0x00, 0x00, 0x42, 0x08, 0x00, 0x00,
  0x00, 0xf0, 0x0f, 0x04, 0x3c, 0x72, 0x26, 0x2c, 0x28, 0x00, 0x00, 0x00,
  0x44, 0x08, 0x00, 0x00, 0x00, 0xf0, 0x0f, 0x04, 0x3c, 0x72, 0x28, 0x2c,
  0x2a, 0x00, 0x00, 0x00, 0x46, 0x08, 0x00, 0x00, 0x00, 0xf0, 0x0f, 0x04,
  0x3c, 0x72, 0x2a, 0x2c, 0x30, 0x00, 0x00, 0x00, 0x48, 0x08, 0x00, 0x00,
  0x00, 0xf0, 0x4f, 0x04, 0x3c, 0x72, 0x5c, 0x2c, 0x32, 0x00, 0x00, 0x00,
  0x4a, 0x08, 0x00, 0x00, 0x00, 0xe2, 0x0f, 0x00, 0x44, 0x59, 0x00, 0x00,
  0x10, 0x00, 0x00, 0x00, 0x00, 0x00, 0xc0, 0x03, 0x00, 0xe2, 0x0f, 0x00,
  0x47, 0x79, 0x00, 0x00, 0x70, 0x98, 0xff, 0xff, 0xff, 0xff, 0x83, 0x03,
  0x00, 0xec, 0x0f, 0x00, 0x0b, 0x72, 0x00, 0x5f, 0xff, 0x00, 0x00, 0x00,
  0x00, 0x50, 0xf1, 0x03, 0x00, 0xe2, 0x0f, 0x00, 0x24, 0x74, 0x03, 0xff,
  0x00, 0x00, 0x80, 0x3f, 0xff, 0x00, 0x8e, 0x07, 0x00, 0xe2, 0x0f, 0x00,
  0x0b, 0x72, 0x00, 0x60, 0xff, 0x00, 0x00, 0x00, 0x00, 0x50, 0xf3, 0x03,
  0x00, 0xe2, 0x0f, 0x00, 0x24, 0x74, 0x02, 0xff, 0x00, 0x00, 0x80, 0x3f,
  0xff, 0x00, 0x8e, 0x07, 0x00, 0xe2, 0x0f, 0x00, 0x1d, 0x7b, 0x00, 0x00,
  0x00, 0x00, 0x00, 0x00, 0x00, 0x00, 0x01, 0x00, 0x00, 0xe2, 0x0f, 0x00,
  0x12, 0x78, 0x05, 0x00, 0x60, 0x00, 0x00, 0x00, 0xff, 0xc0, 0x8e, 0x07,
  0x00, 0xe2, 0x0f, 0x04, 0x24, 0x78, 0x04, 0x00, 0x04, 0x00, 0x00, 0x00,
  0xff, 0x00, 0x8e, 0x07, 0x00, 0xe2, 0x0f, 0x04, 0x12, 0x78, 0x06, 0x00,
  0x1c, 0x00, 0x00, 0x00, 0xff, 0xc0, 0x8e, 0x07, 0x00, 0xc4, 0x0f, 0x00,
  0x19, 0x78, 0x05, 0xff, 0x01, 0x00, 0x00, 0x00, 0x05, 0x16, 0x01, 0x00,
  0x00, 0xe2, 0x0f, 0x00, 0x19, 0x79, 0x0a, 0x00, 0x00, 0x00, 0x00, 0x00,
  0x00, 0x26, 0x00, 0x00, 0x00, 0x62, 0x0e, 0x00, 0x12, 0x78, 0x04, 0x04,
  0x7c, 0x00, 0x00, 0x00, 0xff, 0xc0, 0x8e, 0x07, 0x00, 0xe2, 0x0f, 0x00,
  0x45, 0x79, 0x00, 0x00, 0x90, 0x0e, 0x00, 0x00, 0x00, 0x00, 0x80, 0x03,
  0x00, 0xe2, 0x0f, 0x00, 0x08, 0x03, 0x03, 0x00, 0x5f, 0x00, 0x00, 0x00,
  0x00, 0x10, 0x00, 0x00, 0x00, 0xa2, 0x0e, 0x00, 0x11, 0x72, 0x05, 0x06,
  0x05, 0x00, 0x00, 0x00, 0xff, 0xf0, 0x8f, 0x07, 0x00, 0xe4, 0x0f, 0x00,
  0x19, 0x78, 0x0b, 0xff, 0x1f, 0x00, 0x00, 0x00, 0x00, 0x14, 0x01, 0x00,
  0x00, 0xc6, 0x0f, 0x00, 0x24, 0x78, 0x04, 0x05, 0x00, 0x01, 0x00, 0x00,
  0x04, 0x02, 0x8e, 0x07, 0x00, 0xe2, 0x0f, 0x00, 0x11, 0x72, 0x0b, 0x0b,
  0x00, 0x00, 0x00, 0x00, 0xff, 0x20, 0x8f, 0x07, 0x00, 0xe2, 0x0f, 0x00,
  0x08, 0x13, 0x02, 0x00, 0x60, 0x00, 0x00, 0x00, 0x00, 0x10, 0x00, 0x00,
  0x00, 0xe6, 0x0e, 0x00, 0x12, 0x78, 0x05, 0x04, 0x30, 0x00, 0x00, 0x00,
  0xff, 0x3c, 0x8e, 0x07, 0x00, 0xe4, 0x0f, 0x04, 0x12, 0x78, 0x06, 0x04,
  0x40, 0x00, 0x00, 0x00, 0xff, 0x3c, 0x8e, 0x07, 0x00, 0xe4, 0x0f, 0x04,
  0x12, 0x78, 0x07, 0x04, 0x50, 0x00, 0x00, 0x00, 0xff, 0x3c, 0x8e, 0x07,
  0x00, 0xe4, 0x0f, 0x00, 0x3e, 0x72, 0x03, 0x03, 0x03, 0x00, 0x00, 0x00,
  0xff, 0x00, 0x00, 0x00, 0x00, 0xc4, 0x4f, 0x00, 0x12, 0x78, 0x09, 0x04,
  0x60, 0x00, 0x00, 0x00, 0xff, 0x3c, 0x8e, 0x07, 0x00, 0xe2, 0x0f, 0x00,
  0x24, 0x7a, 0x8f, 0x8f, 0x00, 0xd3, 0x00, 0x00, 0x0a, 0x02, 0x8e, 0x07,
  0x00, 0xe4, 0x2f, 0x00, 0x32, 0x72, 0x0e, 0x0e, 0x03, 0x00, 0x00, 0x00,
  0x00, 0x00, 0x00, 0x00, 0x00, 0xe2, 0x0f, 0x08, 0x3e, 0x72, 0x02, 0x02,
  0x02, 0x00, 0x00, 0x00, 0xff, 0x00, 0x00, 0x00, 0x00, 0xe2, 0x8f, 0x00,
  0x32, 0x72, 0x10, 0x10, 0x03, 0x00, 0x00, 0x00, 0x00, 0x00, 0x00, 0x00,
  0x00, 0xe4, 0x0f, 0x08, 0x32, 0x72, 0x12, 0x12, 0x03, 0x00, 0x00, 0x00,
  0x00, 0x00, 0x00, 0x00, 0x00, 0xe2, 0x0f, 0x00, 0x88, 0x73, 0x00, 0x04,
  0x0e, 0x00, 0x00, 0x00, 0x00, 0x08, 0x00, 0x00, 0x00, 0xe2, 0x0f, 0x00,
  0x32, 0x72, 0x0f, 0x0f, 0x02, 0x00, 0x00, 0x00, 0x00, 0x00, 0x00, 0x00,
  0x00, 0xe4, 0x0f, 0x08, 0x32, 0x72, 0x11, 0x11, 0x02, 0x00, 0x00, 0x00,
  0x00, 0x00, 0x00, 0x00, 0x00, 0xc4, 0x0f, 0x00, 0x32, 0x72, 0x13, 0x13,
  0x02, 0x00, 0x00, 0x00, 0x00, 0x00, 0x00, 0x00, 0x00, 0xe2, 0x0f, 0x08,
  0x88, 0x73, 0x00, 0x04, 0x0f, 0x00, 0x08, 0x00, 0x00, 0x08, 0x00, 0x00,
  0x00, 0xe2, 0x0f, 0x00, 0x32, 0x72, 0x15, 0x15, 0x02, 0x00, 0x00, 0x00,
  0x00, 0x00, 0x00, 0x00, 0x00, 0xe4, 0x0f, 0x08, 0x32, 0x72, 0x17, 0x17,
  0x02, 0x00, 0x00, 0x00, 0x00, 0x00, 0x00, 0x00, 0x00, 0xe4, 0x0f, 0x08,
  0x32, 0x72, 0x19, 0x19, 0x02, 0x00, 0x00, 0x00, 0x00, 0x00, 0x00, 0x00,
  0x00, 0xe4, 0x0f, 0x08, 0x32, 0x72, 0x1b, 0x1b, 0x02, 0x00, 0x00, 0x00,
  0x00, 0x00, 0x00, 0x00, 0x00, 0xe4, 0x0f, 0x08, 0x32, 0x72, 0x1d, 0x1d,
  0x02, 0x00, 0x00, 0x00, 0x00, 0x00, 0x00, 0x00, 0x00, 0xc4, 0x0f, 0x00,
  0x32, 0x72, 0x1f, 0x1f, 0x02, 0x00, 0x00, 0x00, 0x00, 0x00, 0x00, 0x00,
  0x00, 0xe4, 0x0f, 0x08, 0x32, 0x72, 0x21, 0x21, 0x02, 0x00, 0x00, 0x00,
  0x00, 0x00, 0x00, 0x00, 0x00, 0xe4, 0x0f, 0x08, 0x32, 0x72, 0x23, 0x23,
  0x02, 0x00, 0x00, 0x00, 0x00, 0x00, 0x00, 0x00, 0x00, 0xe4, 0x0f, 0x08,
  0x32, 0x72, 0x25, 0x25, 0x02, 0x00, 0x00, 0x00, 0x00, 0x00, 0x00, 0x00,
  0x00, 0xe4, 0x0f, 0x08, 0x32, 0x72, 0x27, 0x27, 0x02, 0x00, 0x00, 0x00,
  0x00, 0x00, 0x00, 0x00, 0x00, 0xe4, 0x0f, 0x08, 0x32, 0x72, 0x29, 0x29,
  0x02, 0x00, 0x00, 0x00, 0x00, 0x00, 0x00, 0x00, 0x00, 0xc4, 0x0f, 0x00,
  0x32, 0x72, 0x2b, 0x2b, 0x02, 0x00, 0x00, 0x00, 0x00, 0x00, 0x00, 0x00,
  0x00, 0xe4, 0x0f, 0x08, 0x32, 0x72, 0x5d, 0x5d, 0x02, 0x00, 0x00, 0x00,
  0x00, 0x00, 0x00, 0x00, 0x00, 0xe2, 0x0f, 0x00, 0x12, 0x78, 0x02, 0x04,
  0x10, 0x00, 0x00, 0x00, 0xff, 0x3c, 0x8e, 0x07, 0x00, 0xe2, 0x0f, 0x00,
  0x32, 0x72, 0x14, 0x14, 0x03, 0x00, 0x00, 0x00, 0x00, 0x00, 0x00, 0x00,
  0x00, 0xe4, 0x0f, 0x08, 0x32, 0x72, 0x16, 0x16, 0x03, 0x00, 0x00, 0x00,
  0x00, 0x00, 0x00, 0x00, 0x00, 0xe4, 0x0f, 0x08, 0x32, 0x72, 0x18, 0x18,
  0x03, 0x00, 0x00, 0x00, 0x00, 0x00, 0x00, 0x00, 0x00, 0xe2, 0x0f, 0x08,
  0x88, 0x73, 0x00, 0x02, 0x10, 0x00, 0x00, 0x00, 0x00, 0x08, 0x00, 0x00,
  0x00, 0xe2, 0x0f, 0x00, 0x32, 0x72, 0x1a, 0x1a, 0x03, 0x00, 0x00, 0x00,
  0x00, 0x00, 0x00, 0x00, 0x00, 0xc4, 0x0f, 0x00, 0x32, 0x72, 0x1c, 0x1c,
  0x03, 0x00, 0x00, 0x00, 0x00, 0x00, 0x00, 0x00, 0x00, 0xe2, 0x0f, 0x08,
  0x88, 0x73, 0x00, 0x02, 0x11, 0x00, 0x08, 0x00, 0x00, 0x08, 0x00, 0x00,
  0x00, 0xe2, 0x03, 0x00, 0x32, 0x72, 0x1e, 0x1e, 0x03, 0x00, 0x00, 0x00,
  0x00, 0x00, 0x00, 0x00, 0x00, 0xe4, 0x0f, 0x08, 0x32, 0x72, 0x20, 0x20,
  0x03, 0x00, 0x00, 0x00, 0x00, 0x00, 0x00, 0x00, 0x00, 0xe4, 0x0f, 0x08,
  0x32, 0x72, 0x22, 0x22, 0x03, 0x00, 0x00, 0x00, 0x00, 0x00, 0x00, 0x00,
  0x00, 0xe4, 0x0f, 0x08, 0x32, 0x72, 0x24, 0x24, 0x03, 0x00, 0x00, 0x00,
  0x00, 0x00, 0x00, 0x00, 0x00, 0xe4, 0x0f, 0x08, 0x32, 0x72, 0x26, 0x26,
  0x03, 0x00, 0x00, 0x00, 0x00, 0x00, 0x00, 0x00, 0x00, 0xe2, 0x0f, 0x08,
  0x12, 0x78, 0x02, 0x04, 0x70, 0x00, 0x00, 0x00, 0xff, 0x3c, 0x8e, 0x07,
  0x00, 0xe2, 0x2f, 0x00, 0x32, 0x72, 0x28, 0x28, 0x03, 0x00, 0x00, 0x00,
  0x00, 0x00, 0x00, 0x00, 0x00, 0xc4, 0x0f, 0x00, 0x32, 0x72, 0x2a, 0x2a,
  0x03, 0x00, 0x00, 0x00, 0x00, 0x00, 0x00, 0x00, 0x00, 0xe4, 0x0f, 0x08,
  0x32, 0x72, 0x5c, 0x5c, 0x03, 0x00, 0x00, 0x00, 0x00, 0x00, 0x00, 0x00,
  0x00, 0xe2, 0x0f, 0x00, 0x12, 0x78, 0x03, 0x04, 0x20, 0x00, 0x00, 0x00,
  0xff, 0x3c, 0x8e, 0x07, 0x00, 0xca, 0x0f, 0x00, 0x88, 0x73, 0x00, 0x03,
  0x12, 0x00, 0x00, 0x00, 0x00, 0x08, 0x00, 0x00, 0x00, 0xe8, 0x0f, 0x00,
  0x88, 0x73, 0x00, 0x03, 0x13, 0x00, 0x08, 0x00, 0x00, 0x08, 0x00, 0x00,
  0x00, 0xe8, 0x03, 0x00, 0x88, 0x73, 0x00, 0x05, 0x14, 0x00, 0x00, 0x00,
  0x00, 0x08, 0x00, 0x00, 0x00, 0xe8, 0x0f, 0x00, 0x88, 0x73, 0x00, 0x05,
  0x15, 0x00, 0x08, 0x00, 0x00, 0x08, 0x00, 0x00, 0x00, 0xe2, 0x05, 0x00,
  0x12, 0x78, 0x03, 0x04, 0x80, 0x00, 0x00, 0x00, 0xff, 0x3c, 0x8e, 0x07,
  0x00, 0xc6, 0x2f, 0x00, 0x88, 0x73, 0x00, 0x06, 0x16, 0x00, 0x00, 0x00,
  0x00, 0x08, 0x00, 0x00, 0x00, 0xe8, 0x0f, 0x00, 0x88, 0x73, 0x00, 0x06,
  0x17, 0x00, 0x08, 0x00, 0x00, 0x08, 0x00, 0x00, 0x00, 0xe2, 0x03, 0x00,
  0x12, 0x78, 0x05, 0x04, 0x90, 0x00, 0x00, 0x00, 0xff, 0x3c, 0x8e, 0x07,
  0x00, 0xc6, 0x4f, 0x00, 0x88, 0x73, 0x00, 0x07, 0x18, 0x00, 0x00, 0x00,
  0x00, 0x08, 0x00, 0x00, 0x00, 0xe8, 0x0f, 0x00, 0x88, 0x73, 0x00, 0x07,
  0x19, 0x00, 0x08, 0x00, 0x00, 0x08, 0x00, 0x00, 0x00, 0xe2, 0x05, 0x00,
  0x12, 0x78, 0x06, 0x04, 0xa0, 0x00, 0x00, 0x00, 0xff, 0x3c, 0x8e, 0x07,
  0x00, 0xc6, 0x2f, 0x00, 0x88, 0x73, 0x00, 0x09, 0x1a, 0x00, 0x00, 0x00,
  0x00, 0x08, 0x00, 0x00, 0x00, 0xe8, 0x0f, 0x00, 0x88, 0x73, 0x00, 0x09,
  0x1b, 0x00, 0x08, 0x00, 0x00, 0x08, 0x00, 0x00, 0x00, 0xe2, 0x03, 0x00,
  0x12, 0x78, 0x07, 0x04, 0xb0, 0x00, 0x00, 0x00, 0xff, 0x3c, 0x8e, 0x07,
  0x00, 0xc6, 0x4f, 0x00, 0x88, 0x73, 0x00, 0x02, 0x1c, 0x00, 0x00, 0x00,
  0x00, 0x08, 0x00, 0x00, 0x00, 0xe8, 0x0f, 0x00, 0x88, 0x73, 0x00, 0x02,
  0x1d, 0x00, 0x08, 0x00, 0x00, 0x08, 0x00, 0x00, 0x00, 0xe2, 0x05, 0x00,
  0x12, 0x78, 0x09, 0x04, 0xc0, 0x00, 0x00, 0x00, 0xff, 0x3c, 0x8e, 0x07,
  0x00, 0xc6, 0x2f, 0x00, 0x88, 0x73, 0x00, 0x03, 0x1e, 0x00, 0x00, 0x00,
  0x00, 0x08, 0x00, 0x00, 0x00, 0xe8, 0x0f, 0x00, 0x88, 0x73, 0x00, 0x03,
  0x1f, 0x00, 0x08, 0x00, 0x00, 0x08, 0x00, 0x00, 0x00, 0xe2, 0x03, 0x00,
  0x12, 0x78, 0x02, 0x04, 0xd0, 0x00, 0x00, 0x00, 0xff, 0x3c, 0x8e, 0x07,
  0x00, 0xc6, 0x4f, 0x00, 0x88, 0x73, 0x00, 0x05, 0x20, 0x00, 0x00, 0x00,
  0x00, 0x08, 0x00, 0x00, 0x00, 0xe8, 0x0f, 0x00, 0x88, 0x73, 0x00, 0x05,
  0x21, 0x00, 0x08, 0x00, 0x00, 0x08, 0x00, 0x00, 0x00, 0xe2, 0x05, 0x00,
  0x12, 0x78, 0x03, 0x04, 0xe0, 0x00, 0x00, 0x00, 0xff, 0x3c, 0x8e, 0x07,
  0x00, 0xc6, 0x2f, 0x00, 0x88, 0x73, 0x00, 0x06, 0x22, 0x00, 0x00, 0x00,
  0x00, 0x08, 0x00, 0x00, 0x00, 0xe2, 0x0f, 0x00, 0x12, 0x78, 0x04, 0x04,
  0xf0, 0x00, 0x00, 0x00, 0xff, 0x3c, 0x8e, 0x07, 0x00, 0xc6, 0x0f, 0x00,
  0x88, 0x73, 0x00, 0x06, 0x23, 0x00, 0x08, 0x00, 0x00, 0x08, 0x00, 0x00,
  0x00, 0xe2, 0x0f, 0x00, 0x24, 0x7a, 0x05, 0x8f, 0x00, 0xd9, 0x00, 0x00,
  0xff, 0x02, 0x8e, 0x07, 0x00, 0xc6, 0x4f, 0x00, 0x88, 0x73, 0x00, 0x07,
  0x24, 0x00, 0x00, 0x00, 0x00, 0x08, 0x00, 0x00, 0x00, 0xe2, 0x0f, 0x00,
  0x24, 0x78, 0x05, 0x05, 0x02, 0x00, 0x00, 0x00, 0xff, 0x00, 0x8e, 0x07,
  0x00, 0xc6, 0x0f, 0x00, 0x88, 0x73, 0x00, 0x07, 0x25, 0x00, 0x08, 0x00,
  0x00, 0x08, 0x00, 0x00, 0x00, 0xe8, 0x03, 0x00, 0x88, 0x73, 0x00, 0x09,
  0x27, 0x00, 0x08, 0x00, 0x00, 0x08, 0x00, 0x00, 0x00, 0xe8, 0x05, 0x00,
  0x88, 0x73, 0x00, 0x09, 0x26, 0x00, 0x00, 0x00, 0x00, 0x08, 0x00, 0x00,
  0x00, 0xe2, 0x0f, 0x00, 0x12, 0x78, 0x07, 0x0b, 0xf0, 0xff, 0xff, 0xff,
  0xff, 0xc0, 0x8e, 0x07, 0x00, 0xe2, 0x2f, 0x00, 0x24, 0x72, 0x25, 0xff,
  0xff, 0x00, 0x00, 0x00, 0x0d, 0x00, 0x8e, 0x07, 0x00, 0xe2, 0x0f, 0x00,
  0x19, 0x78, 0x0b, 0xff, 0x04, 0x00, 0x00, 0x00, 0x0b, 0x14, 0x01, 0x00,
  0x00, 0xe2, 0x0f, 0x00, 0x88, 0x73, 0x00, 0x02, 0x28, 0x00, 0x00, 0x00,
  0x00, 0x08, 0x00, 0x00, 0x00, 0xe4, 0x0f, 0x00, 0x24, 0x78, 0x07, 0x00,
  0x01, 0x00, 0x00, 0x00, 0x07, 0x0a, 0x8e, 0x07, 0x00, 0xe2, 0x0f, 0x00,
  0x10, 0x7c, 0x27, 0x0b, 0x0b, 0x00, 0x00, 0x00, 0xff, 0xe0, 0xff, 0x0f,
  0x00, 0xe2, 0x4f, 0x00, 0x88, 0x73, 0x00, 0x02, 0x29, 0x00, 0x08, 0x00,
  0x00, 0x08, 0x00, 0x00, 0x00, 0xe4, 0x03, 0x00, 0x24, 0x78, 0x06, 0x07,
  0x10, 0x00, 0x00, 0x00, 0xff, 0x00, 0x8e, 0x07, 0x00, 0xe2, 0x0f, 0x00,
  0x0c, 0x72, 0x00, 0x27, 0x8e, 0x00, 0x00, 0x00, 0x70, 0x62, 0xf0, 0x03,
  0x00, 0xe2, 0x0f, 0x00, 0x88, 0x73, 0x00, 0x03, 0x2a, 0x00, 0x00, 0x00,
  0x00, 0x08, 0x00, 0x00, 0x00, 0xe6, 0x0f, 0x00, 0x19, 0x78, 0x0a, 0xff,
  0x1f, 0x00, 0x00, 0x00, 0x06, 0x14, 0x01, 0x00, 0x00, 0xe2, 0x0f, 0x00,
  0x88, 0x73, 0x00, 0x03, 0x2b, 0x00, 0x08, 0x00, 0x00, 0x08, 0x00, 0x00,
  0x00, 0xe2, 0x05, 0x00, 0x10, 0x72, 0x02, 0x06, 0x05, 0x00, 0x00, 0x00,
  0xff, 0xe0, 0xf3, 0x07, 0x00, 0xc6, 0x2f, 0x00, 0x88, 0x73, 0x00, 0x04,
  0x5c, 0x00, 0x00, 0x00, 0x00, 0x08, 0x00, 0x00, 0x00, 0xe8, 0x03, 0x00,
  0x88, 0x73, 0x00, 0x04, 0x5d, 0x00, 0x08, 0x00, 0x00, 0x08, 0x00, 0x00,
  0x00, 0xe2, 0x03, 0x00, 0x11, 0x72, 0x03, 0x05, 0x0a, 0x00, 0x00, 0x00,
  0xff, 0x0e, 0x8f, 0x00, 0x00, 0xc6, 0x4f, 0x00, 0x1d, 0x7b, 0x00, 0x00,
  0x00, 0x00, 0x00, 0x00, 0x00, 0x00, 0x01, 0x00, 0x00, 0xec, 0x0f, 0x00,
  0x47, 0x09, 0x00, 0x00, 0x20, 0x08, 0x00, 0x00, 0x00, 0x00, 0x80, 0x03,
  0x00, 0xea, 0x0f, 0x00, 0x19, 0x78, 0x05, 0xff, 0x1f, 0x00, 0x00, 0x00,
  0x00, 0x14, 0x01, 0x00, 0x00, 0xe2, 0x2f, 0x00, 0x84, 0x79, 0x0c, 0x08,
  0x00, 0x00, 0x00, 0x00, 0x00, 0xcc, 0x00, 0x00, 0x00, 0x62, 0x0e, 0x00,
  0xb9, 0x7a, 0x04, 0x00, 0x00, 0xd9, 0x00, 0x00, 0x00, 0x08, 0x00, 0x00,
  0x00, 0xe2, 0x0f, 0x00, 0x19, 0x78, 0x26, 0xff, 0x1f, 0x00, 0x00, 0x00,
  0x27, 0x14, 0x01, 0x00, 0x00, 0xe2, 0x0f, 0x00, 0x99, 0x78, 0x04, 0x04,
  0x01, 0x00, 0x00, 0x00, 0x3f, 0x06, 0x00, 0x08, 0x00, 0xe2, 0x0f, 0x00,
  0x11, 0x72, 0x05, 0x05, 0x00, 0x00, 0x00, 0x00, 0xff, 0x20, 0x8f, 0x07,
  0x00, 0xc8, 0x0f, 0x00, 0x12, 0x78, 0x05, 0x05, 0xf0, 0xff, 0xff, 0xff,
  0xff, 0xc0, 0x8e, 0x07, 0x00, 0xca, 0x0f, 0x00, 0x24, 0x78, 0x05, 0x00,
  0x01, 0x00, 0x00, 0x00, 0x05, 0x0a, 0x8e, 0x07, 0x00, 0xc8, 0x0f, 0x00,
  0x24, 0x78, 0x05, 0x05, 0x10, 0x00, 0x00, 0x00, 0xff, 0x00, 0x8e, 0x07,
  0x00, 0xca, 0x0f, 0x00, 0x0c, 0x7c, 0x00, 0x05, 0x04, 0x00, 0x00, 0x00,
  0x70, 0x62, 0xf0, 0x0b, 0x00, 0xda, 0x0f, 0x00, 0x24, 0x8a, 0x06, 0x26,
  0x00, 0x84, 0x00, 0x00, 0xff, 0x02, 0x8e, 0x07, 0x00, 0xe4, 0x0f, 0x00,
  0x25, 0x8a, 0x04, 0x27, 0x00, 0x84, 0x00, 0x00, 0x02, 0x00, 0x8e, 0x07,
  0x00, 0xc8, 0x0f, 0x00, 0x24, 0x8a, 0x07, 0x27, 0x00, 0x85, 0x00, 0x00,
  0x06, 0x02, 0x8e, 0x07, 0x00, 0xe2, 0x0f, 0x00, 0x10, 0x8a, 0x04, 0x04,
  0x00, 0x78, 0x00, 0x00, 0xff, 0xe0, 0xf3, 0x07, 0x00, 0xc8, 0x0f, 0x00,
  0x10, 0x8a, 0x05, 0x05, 0x00, 0x79, 0x00, 0x00, 0x07, 0xe4, 0xff, 0x00,
  0x00, 0xe4, 0x0f, 0x00, 0x10, 0x78, 0x07, 0x27, 0x08, 0x00, 0x00, 0x00,
  0xff, 0xe0, 0xff, 0x07, 0x00, 0xc6, 0x0f, 0x00, 0x86, 0x89, 0x00, 0x04,
  0x0c, 0x00, 0x00, 0x00, 0x12, 0x1d, 0x10, 0x0c, 0x00, 0xe2, 0x23, 0x00,
  0x0c, 0x72, 0x00, 0x07, 0x8e, 0x00, 0x00, 0x00, 0x70, 0x62, 0xf2, 0x03,
  0x00, 0xda, 0x0f, 0x00, 0x47, 0x19, 0x00, 0x00, 0xf0, 0x06, 0x00, 0x00,
  0x00, 0x00, 0x80, 0x03, 0x00, 0xea, 0x0f, 0x00, 0x84, 0x79, 0x20, 0x08,
  0x00, 0x00, 0x10, 0x00, 0x00, 0xcc, 0x00, 0x00, 0x00, 0xe2, 0x04, 0x00,
  0x10, 0x78, 0x09, 0x27, 0x10, 0x00, 0x00, 0x00, 0xff, 0xe0, 0xff, 0x07,
  0x00, 0xe2, 0x0f, 0x00, 0x45, 0x79, 0x01, 0x00, 0x30, 0x01, 0x00, 0x00,
  0x00, 0x00, 0x80, 0x03, 0x00, 0xe4, 0x0f, 0x00, 0x84, 0x79, 0x18, 0x08,
  0x00, 0x00, 0x18, 0x00, 0x00, 0xcc, 0x00, 0x00, 0x00, 0x22, 0x05, 0x00,
  0x0c, 0x72, 0x00, 0x09, 0x8e, 0x00, 0x00, 0x00, 0x70, 0x62, 0xf2, 0x03,
  0x00, 0xc6, 0x0f, 0x00, 0x84, 0x79, 0x14, 0x08, 0x00, 0x00, 0x20, 0x00,
  0x00, 0xcc, 0x00, 0x00, 0x00, 0x68, 0x04, 0x00, 0x84, 0x79, 0x10, 0x08,
  0x00, 0x00, 0x28, 0x00, 0x00, 0xcc, 0x00, 0x00, 0x00, 0x68, 0x04, 0x00,
  0x84, 0x79, 0x0c, 0x08, 0x00, 0x00, 0x30, 0x00, 0x00, 0xcc, 0x00, 0x00,
  0x00, 0x68, 0x24, 0x00, 0x84, 0x79, 0x04, 0x08, 0x00, 0x00, 0x38, 0x00,
  0x00, 0xcc, 0x00, 0x00, 0x00, 0x62, 0x04, 0x00, 0x47, 0x09, 0x00, 0x00,
  0xb0, 0x00, 0x00, 0x00, 0x00, 0x00, 0x80, 0x03, 0x00, 0xea, 0x0f, 0x00,
  0x84, 0x79, 0x1c, 0x08, 0x00, 0x00, 0x08, 0x00, 0x00, 0xcc, 0x00, 0x00,
  0x00, 0x62, 0x0f, 0x00, 0x10, 0x78, 0x09, 0x27, 0x08, 0x00, 0x00, 0x00,
  0xff, 0xe0, 0xf5, 0x07, 0x00, 0xe2, 0x0f, 0x00, 0x24, 0x72, 0x0a, 0xff,
  0xff, 0x00, 0x00, 0x00, 0x02, 0x00, 0x8e, 0x07, 0x00, 0xc4, 0x0f, 0x00,
  0x24, 0x72, 0x0b, 0xff, 0xff, 0x00, 0x00, 0x00, 0x03, 0x00, 0x8e, 0x07,
  0x00, 0xe4, 0x0f, 0x00, 0x24, 0x72, 0x24, 0xff, 0xff, 0x00, 0x00, 0x00,
  0x26, 0x06, 0x0e, 0x01, 0x00, 0xe4, 0x0f, 0x00, 0x25, 0x7a, 0x0a, 0x09,
  0x00, 0x84, 0x00, 0x00, 0x0a, 0x00, 0x8e, 0x07, 0x00, 0xc8, 0x0f, 0x00,
  0x24, 0x7a, 0x24, 0x24, 0x00, 0x84, 0x00, 0x00, 0xff, 0x02, 0x8e, 0x07,
  0x00, 0xe2, 0x0f, 0x00, 0x10, 0x7a, 0x0a, 0x0a, 0x00, 0x78, 0x00, 0x00,
  0xff, 0xe0, 0xf5, 0x07, 0x00, 0xc6, 0x0f, 0x00, 0x24, 0x7a, 0x09, 0x09,
  0x00, 0x85, 0x00, 0x00, 0x24, 0x02, 0x8e, 0x07, 0x00, 0xca, 0x0f, 0x00,
  0x10, 0x7a, 0x0b, 0x0b, 0x00, 0x79, 0x00, 0x00, 0x09, 0xe4, 0x7f, 0x01,
  0x00, 0xca, 0x0f, 0x00, 0x86, 0x79, 0x00, 0x0a, 0x1c, 0x00, 0x00, 0x00,
  0x12, 0x1d, 0x10, 0x0c, 0x00, 0xe4, 0x05, 0x02, 0x41, 0x79, 0x01, 0x00,
  0x00, 0x00, 0x00, 0x00, 0x00, 0x00, 0x80, 0x03, 0x00, 0xea, 0x0f, 0x00,
  0x47, 0x19, 0x00, 0x00, 0x80, 0x05, 0x00, 0x00, 0x00, 0x00, 0x80, 0x03,
  0x00, 0xea, 0x0f, 0x00, 0x10, 0x78, 0x09, 0x27, 0x18, 0x00, 0x00, 0x00,
  0xff, 0xe0, 0xff, 0x07, 0x00, 0xe2, 0x0f, 0x00, 0x45, 0x79, 0x01, 0x00,
  0xd0, 0x00, 0x00, 0x00, 0x00, 0x00, 0x80, 0x03, 0x00, 0xe6, 0x0f, 0x00,
  0x0c, 0x72, 0x00, 0x09, 0x8e, 0x00, 0x00, 0x00, 0x70, 0x62, 0xf2, 0x03,
  0x00, 0xe2, 0x0f, 0x00, 0x47, 0x09, 0x00, 0x00, 0xa0, 0x00, 0x00, 0x00,
  0x00, 0x00, 0x80, 0x03, 0x00, 0xee, 0x0f, 0x00, 0x10, 0x78, 0x0b, 0x27,
  0x10, 0x00, 0x00, 0x00, 0xff, 0xe0, 0xf5, 0x07, 0x00, 0xe2, 0x4f, 0x00,
  0x24, 0x72, 0x08, 0xff, 0xff, 0x00, 0x00, 0x00, 0x02, 0x00, 0x8e, 0x07,
  0x00, 0xe4, 0x0f, 0x00, 0x24, 0x72, 0x09, 0xff, 0xff, 0x00, 0x00, 0x00,
  0x03, 0x00, 0x8e, 0x07, 0x00, 0xe4, 0x0f, 0x00, 0x24, 0x72, 0x0a, 0xff,
  0xff, 0x00, 0x00, 0x00, 0x26, 0x06, 0x0e, 0x01, 0x00, 0xc4, 0x0f, 0x00,
  0x25, 0x7a, 0x08, 0x0b, 0x00, 0x84, 0x00, 0x00, 0x08, 0x00, 0x8e, 0x07,
  0x00, 0xc8, 0x0f, 0x00, 0x24, 0x7a, 0x0a, 0x0a, 0x00, 0x84, 0x00, 0x00,
  0xff, 0x02, 0x8e, 0x07, 0x00, 0xe2, 0x0f, 0x00, 0x10, 0x7a, 0x08, 0x08,
  0x00, 0x78, 0x00, 0x00, 0xff, 0xe0, 0xf5, 0x07, 0x00, 0xc6, 0x0f, 0x00,
  0x24, 0x7a, 0x0b, 0x0b, 0x00, 0x85, 0x00, 0x00, 0x0a, 0x02, 0x8e, 0x07,
  0x00, 0xca, 0x0f, 0x00, 0x10, 0x7a, 0x09, 0x09, 0x00, 0x79, 0x00, 0x00,
  0x0b, 0xe4, 0x7f, 0x01, 0x00, 0xca, 0x0f, 0x00, 0x86, 0x79, 0x00, 0x08,
  0x20, 0x00, 0x00, 0x00, 0x12, 0x1d, 0x10, 0x0c, 0x00, 0xe4, 0x85, 0x00,
  0x41, 0x79, 0x01, 0x00, 0x00, 0x00, 0x00, 0x00, 0x00, 0x00, 0x80, 0x03,
  0x00, 0xea, 0x0f, 0x00, 0x47, 0x19, 0x00, 0x00, 0x80, 0x04, 0x00, 0x00,
  0x00, 0x00, 0x80, 0x03, 0x00, 0xea, 0x0f, 0x00, 0x10, 0x78, 0x09, 0x27,
  0x20, 0x00, 0x00, 0x00, 0xff, 0xe0, 0xff, 0x07, 0x00, 0xe2, 0x4f, 0x00,
  0x45, 0x79, 0x01, 0x00, 0xd0, 0x00, 0x00, 0x00, 0x00, 0x00, 0x80, 0x03,
  0x00, 0xe6, 0x0f, 0x00, 0x0c, 0x72, 0x00, 0x09, 0x8e, 0x00, 0x00, 0x00,
  0x70, 0x62, 0xf2, 0x03, 0x00, 0xe2, 0x0f, 0x00, 0x47, 0x09, 0x00, 0x00,
  0xa0, 0x00, 0x00, 0x00, 0x00, 0x00, 0x80, 0x03, 0x00, 0xee, 0x0f, 0x00,
  0x10, 0x78, 0x0b, 0x27, 0x18, 0x00, 0x00, 0x00, 0xff, 0xe0, 0xf5, 0x07,
  0x00, 0xe2, 0x0f, 0x00, 0x24, 0x72, 0x08, 0xff, 0xff, 0x00, 0x00, 0x00,
  0x02, 0x00, 0x8e, 0x07, 0x00, 0xe4, 0x0f, 0x00, 0x24, 0x72, 0x09, 0xff,
  0xff, 0x00, 0x00, 0x00, 0x03, 0x00, 0x8e, 0x07, 0x00, 0xe4, 0x0f, 0x00,
  0x24, 0x72, 0x0a, 0xff, 0xff, 0x00, 0x00, 0x00, 0x26, 0x06, 0x0e, 0x01,
  0x00, 0xc4, 0x0f, 0x00, 0x25, 0x7a, 0x08, 0x0b, 0x00, 0x84, 0x00, 0x00,
  0x08, 0x00, 0x8e, 0x07, 0x00, 0xc8, 0x0f, 0x00, 0x24, 0x7a, 0x0a, 0x0a,
  0x00, 0x84, 0x00, 0x00, 0xff, 0x02, 0x8e, 0x07, 0x00, 0xe2, 0x0f, 0x00,
  0x10, 0x7a, 0x08, 0x08, 0x00, 0x78, 0x00, 0x00, 0xff, 0xe0, 0xf5, 0x07,
  0x00, 0xc6, 0x0f, 0x00, 0x24, 0x7a, 0x0b, 0x0b, 0x00, 0x85, 0x00, 0x00,
  0x0a, 0x02, 0x8e, 0x07, 0x00, 0xca, 0x0f, 0x00, 0x10, 0x7a, 0x09, 0x09,
  0x00, 0x79, 0x00, 0x00, 0x0b, 0xe4, 0x7f, 0x01, 0x00, 0xca, 0x0f, 0x00,
  0x86, 0x79, 0x00, 0x08, 0x18, 0x00, 0x00, 0x00, 0x12, 0x1d, 0x10, 0x0c,
  0x00, 0xe4, 0x05, 0x01, 0x41, 0x79, 0x01, 0x00, 0x00, 0x00, 0x00, 0x00,
  0x00, 0x00, 0x80, 0x03, 0x00, 0xea, 0x0f, 0x00, 0x47, 0x19, 0x00, 0x00,
  0x80, 0x03, 0x00, 0x00, 0x00, 0x00, 0x80, 0x03, 0x00, 0xea, 0x0f, 0x00,
  0x10, 0x78, 0x09, 0x27, 0x28, 0x00, 0x00, 0x00, 0xff, 0xe0, 0xff, 0x07,
  0x00, 0xe2, 0x4f, 0x00, 0x45, 0x79, 0x01, 0x00, 0xd0, 0x00, 0x00, 0x00,
  0x00, 0x00, 0x80, 0x03, 0x00, 0xe6, 0x0f, 0x00, 0x0c, 0x72, 0x00, 0x09,
  0x8e, 0x00, 0x00, 0x00, 0x70, 0x62, 0xf2, 0x03, 0x00, 0xe2, 0x0f, 0x00,
  0x47, 0x09, 0x00, 0x00, 0xa0, 0x00, 0x00, 0x00, 0x00, 0x00, 0x80, 0x03,
  0x00, 0xee, 0x0f, 0x00, 0x10, 0x78, 0x0b, 0x27, 0x20, 0x00, 0x00, 0x00,
  0xff, 0xe0, 0xf5, 0x07, 0x00, 0xe2, 0x0f, 0x00, 0x24, 0x72, 0x08, 0xff,
  0xff, 0x00, 0x00, 0x00, 0x02, 0x00, 0x8e, 0x07, 0x00, 0xe4, 0x0f, 0x00,
  0x24, 0x72, 0x09, 0xff, 0xff, 0x00, 0x00, 0x00, 0x03, 0x00, 0x8e, 0x07,
  0x00, 0xe4, 0x0f, 0x00, 0x24, 0x72, 0x0a, 0xff, 0xff, 0x00, 0x00, 0x00,
  0x26, 0x06, 0x0e, 0x01, 0x00, 0xc4, 0x0f, 0x00, 0x25, 0x7a, 0x08, 0x0b,
  0x00, 0x84, 0x00, 0x00, 0x08, 0x00, 0x8e, 0x07, 0x00, 0xc8, 0x0f, 0x00,
  0x24, 0x7a, 0x0a, 0x0a, 0x00, 0x84, 0x00, 0x00, 0xff, 0x02, 0x8e, 0x07,
  0x00, 0xe2, 0x0f, 0x00, 0x10, 0x7a, 0x08, 0x08, 0x00, 0x78, 0x00, 0x00,
  0xff, 0xe0, 0xf5, 0x07, 0x00, 0xc6, 0x0f, 0x00, 0x24, 0x7a, 0x0b, 0x0b,
  0x00, 0x85, 0x00, 0x00, 0x0a, 0x02, 0x8e, 0x07, 0x00, 0xca, 0x0f, 0x00,
  0x10, 0x7a, 0x09, 0x09, 0x00, 0x79, 0x00, 0x00, 0x0b, 0xe4, 0x7f, 0x01,
  0x00, 0xca, 0x0f, 0x00, 0x86, 0x79, 0x00, 0x08, 0x14, 0x00, 0x00, 0x00,
  0x12, 0x1d, 0x10, 0x0c, 0x00, 0xe4, 0x05, 0x00, 0x41, 0x79, 0x01, 0x00,
  0x00, 0x00, 0x00, 0x00, 0x00, 0x00, 0x80, 0x03, 0x00, 0xea, 0x0f, 0x00,
  0x47, 0x19, 0x00, 0x00, 0x80, 0x02, 0x00, 0x00, 0x00, 0x00, 0x80, 0x03,
  0x00, 0xea, 0x0f, 0x00, 0x10, 0x78, 0x09, 0x27, 0x30, 0x00, 0x00, 0x00,
  0xff, 0xe0, 0xff, 0x07, 0x00, 0xe2, 0x4f, 0x00, 0x45, 0x79, 0x01, 0x00,
  0xd0, 0x00, 0x00, 0x00, 0x00, 0x00, 0x80, 0x03, 0x00, 0xe6, 0x0f, 0x00,
  0x0c, 0x72, 0x00, 0x09, 0x8e, 0x00, 0x00, 0x00, 0x70, 0x62, 0xf2, 0x03,
  0x00, 0xe2, 0x0f, 0x00, 0x47, 0x09, 0x00, 0x00, 0xa0, 0x00, 0x00, 0x00,
  0x00, 0x00, 0x80, 0x03, 0x00, 0xee, 0x0f, 0x00, 0x10, 0x78, 0x0b, 0x27,
  0x28, 0x00, 0x00, 0x00, 0xff, 0xe0, 0xf5, 0x07, 0x00, 0xe2, 0x0f, 0x00,
  0x24, 0x72, 0x08, 0xff, 0xff, 0x00, 0x00, 0x00, 0x02, 0x00, 0x8e, 0x07,
  0x00, 0xe4, 0x0f, 0x00, 0x24, 0x72, 0x09, 0xff, 0xff, 0x00, 0x00, 0x00,
  0x03, 0x00, 0x8e, 0x07, 0x00, 0xe4, 0x0f, 0x00, 0x24, 0x72, 0x0a, 0xff,
  0xff, 0x00, 0x00, 0x00, 0x26, 0x06, 0x0e, 0x01, 0x00, 0xc4, 0x0f, 0x00,
  0x25, 0x7a, 0x08, 0x0b, 0x00, 0x84, 0x00, 0x00, 0x08, 0x00, 0x8e, 0x07,
  0x00, 0xc8, 0x0f, 0x00, 0x24, 0x7a, 0x0a, 0x0a, 0x00, 0x84, 0x00, 0x00,
  0xff, 0x02, 0x8e, 0x07, 0x00, 0xe2, 0x0f, 0x00, 0x10, 0x7a, 0x08, 0x08,
  0x00, 0x78, 0x00, 0x00, 0xff, 0xe0, 0xf5, 0x07, 0x00, 0xc6, 0x0f, 0x00,
  0x24, 0x7a, 0x0b, 0x0b, 0x00, 0x85, 0x00, 0x00, 0x0a, 0x02, 0x8e, 0x07,
  0x00, 0xca, 0x0f, 0x00, 0x10, 0x7a, 0x09, 0x09, 0x00, 0x79, 0x00, 0x00,
  0x0b, 0xe4, 0x7f, 0x01, 0x00, 0xca, 0x0f, 0x00, 0x86, 0x79, 0x00, 0x08,
  0x10, 0x00, 0x00, 0x00, 0x12, 0x1d, 0x10, 0x0c, 0x00, 0xe4, 0x05, 0x00,
  0x41, 0x79, 0x01, 0x00, 0x00, 0x00, 0x00, 0x00, 0x00, 0x00, 0x80, 0x03,
  0x00, 0xea, 0x0f, 0x00, 0x47, 0x19, 0x00, 0x00, 0x80, 0x01, 0x00, 0x00,
  0x00, 0x00, 0x80, 0x03, 0x00, 0xea, 0x0f, 0x00, 0x10, 0x78, 0x09, 0x27,
  0x38, 0x00, 0x00, 0x00, 0xff, 0xe0, 0xff, 0x07, 0x00, 0xe2, 0x4f, 0x00,
  0x45, 0x79, 0x01, 0x00, 0xd0, 0x00, 0x00, 0x00, 0x00, 0x00, 0x80, 0x03,
  0x00, 0xe6, 0x0f, 0x00, 0x0c, 0x72, 0x00, 0x09, 0x8e, 0x00, 0x00, 0x00,
  0x70, 0x66, 0x72, 0x00, 0x00, 0xe2, 0x0f, 0x00, 0x47, 0x09, 0x00, 0x00,
  0xa0, 0x00, 0x00, 0x00, 0x00, 0x00, 0x80, 0x03, 0x00, 0xee, 0x0f, 0x00,
  0x10, 0x78, 0x0b, 0x27, 0x30, 0x00, 0x00, 0x00, 0xff, 0xe0, 0xf1, 0x07,
  0x00, 0xe2, 0x0f, 0x00, 0x24, 0x72, 0x08, 0xff, 0xff, 0x00, 0x00, 0x00,
  0x02, 0x00, 0x8e, 0x07, 0x00, 0xe4, 0x0f, 0x00, 0x24, 0x72, 0x09, 0xff,
  0xff, 0x00, 0x00, 0x00, 0x03, 0x00, 0x8e, 0x07, 0x00, 0xe4, 0x0f, 0x00,
  0x24, 0x72, 0x0a, 0xff, 0xff, 0x00, 0x00, 0x00, 0x26, 0x06, 0x0e, 0x00,
  0x00, 0xc4, 0x0f, 0x00, 0x25, 0x7a, 0x08, 0x0b, 0x00, 0x84, 0x00, 0x00,
  0x08, 0x00, 0x8e, 0x07, 0x00, 0xc8, 0x0f, 0x00, 0x24, 0x7a, 0x0a, 0x0a,
  0x00, 0x84, 0x00, 0x00, 0xff, 0x02, 0x8e, 0x07, 0x00, 0xe2, 0x0f, 0x00,
  0x10, 0x7a, 0x08, 0x08, 0x00, 0x78, 0x00, 0x00, 0xff, 0xe0, 0xf1, 0x07,
  0x00, 0xc6, 0x0f, 0x00, 0x24, 0x7a, 0x0b, 0x0b, 0x00, 0x85, 0x00, 0x00,
  0x0a, 0x02, 0x8e, 0x07, 0x00, 0xca, 0x0f, 0x00, 0x10, 0x7a, 0x09, 0x09,
  0x00, 0x79, 0x00, 0x00, 0x0b, 0xe4, 0x7f, 0x00, 0x00, 0xca, 0x0f, 0x00,
  0x86, 0x79, 0x00, 0x08, 0x0c, 0x00, 0x00, 0x00, 0x12, 0x1d, 0x10, 0x0c,
  0x00, 0xe4, 0x23, 0x00, 0x41, 0x79, 0x01, 0x00, 0x00, 0x00, 0x00, 0x00,
  0x00, 0x00, 0x80, 0x03, 0x00, 0xea, 0x0f, 0x00, 0x47, 0x19, 0x00, 0x00,
  0x80, 0x00, 0x00, 0x00, 0x00, 0x00, 0x80, 0x03, 0x00, 0xea, 0x0f, 0x00,
  0x10, 0x78, 0x09, 0x27, 0x38, 0x00, 0x00, 0x00, 0xff, 0xe0, 0xf1, 0x07,
  0x00, 0xca, 0x2f, 0x00, 0x24, 0x72, 0x08, 0xff, 0xff, 0x00, 0x00, 0x00,
  0x26, 0x06, 0x0e, 0x00, 0x00, 0xe4, 0x0f, 0x00, 0x25, 0x7a, 0x02, 0x09,
  0x00, 0x84, 0x00, 0x00, 0x02, 0x00, 0x8e, 0x07, 0x00, 0xc8, 0x0f, 0x00,
  0x24, 0x7a, 0x08, 0x08, 0x00, 0x84, 0x00, 0x00, 0xff, 0x02, 0x8e, 0x07,
  0x00, 0xe2, 0x0f, 0x00, 0x10, 0x7a, 0x02, 0x02, 0x00, 0x78, 0x00, 0x00,
  0xff, 0xe0, 0xf1, 0x07, 0x00, 0xc6, 0x0f, 0x00, 0x24, 0x7a, 0x09, 0x09,
  0x00, 0x85, 0x00, 0x00, 0x08, 0x02, 0x8e, 0x07, 0x00, 0xca, 0x0f, 0x00,
  0x10, 0x7a, 0x03, 0x03, 0x00, 0x79, 0x00, 0x00, 0x09, 0xe4, 0x7f, 0x00,
  0x00, 0xca, 0x0f, 0x00, 0x86, 0x79, 0x00, 0x02, 0x04, 0x00, 0x00, 0x00,
  0x12, 0x1d, 0x10, 0x0c, 0x00, 0xe4, 0x03, 0x00, 0x41, 0x79, 0x00, 0x00,
  0x00, 0x00, 0x00, 0x00, 0x00, 0x00, 0x80, 0x03, 0x00, 0xea, 0x2f, 0x00,
  0x0c, 0x7a, 0x00, 0xff, 0x00, 0x7a, 0x00, 0x00, 0x70, 0x50, 0xf0, 0x03,
  0x00, 0xc8, 0x0f, 0x00, 0x0c, 0x7a, 0x00, 0xff, 0x00, 0x7b, 0x00, 0x00,
  0x00, 0x53, 0xf0, 0x03, 0x00, 0xda, 0x0f, 0x00, 0x4d, 0x89, 0x00, 0x00,
  0x00, 0x00, 0x00, 0x00, 0x00, 0x00, 0x80, 0x03, 0x00, 0xea, 0x0f, 0x00,
  0x12, 0x78, 0xff, 0x00, 0x83, 0xff, 0xff, 0xff, 0xff, 0xc0, 0x80, 0x07,
  0x00, 0xda, 0x0f, 0x00, 0x4d, 0x09, 0x00, 0x00, 0x00, 0x00, 0x00, 0x00,
  0x00, 0x00, 0x80, 0x03, 0x00, 0xea, 0x0f, 0x00, 0x19, 0x79, 0x04, 0x00,
  0x00, 0x00, 0x00, 0x00, 0x00, 0x25, 0x00, 0x00, 0x00, 0x62, 0x0e, 0x00,
  0x19, 0x78, 0x02, 0xff, 0x01, 0x00, 0x00, 0x00, 0x00, 0x16, 0x01, 0x00,
  0x00, 0xe4, 0x0f, 0x00, 0x12, 0x78, 0x03, 0x00, 0x1f, 0x00, 0x00, 0x00,
  0xff, 0xc0, 0x8e, 0x07, 0x00, 0xe4, 0x0f, 0x00, 0x12, 0x78, 0x02, 0x02,
  0x30, 0x00, 0x00, 0x00, 0xff, 0xc0, 0x8e, 0x07, 0x00, 0xc8, 0x0f, 0x00,
  0x11, 0x72, 0x05, 0x03, 0x02, 0x00, 0x00, 0x00, 0xff, 0xf0, 0x8f, 0x07,
  0x00, 0xca, 0x0f, 0x00, 0x25, 0x7a, 0x02, 0x05, 0x00, 0x86, 0x00, 0x00,
  0xff, 0x00, 0x8e, 0x07, 0x00, 0xc8, 0x0f, 0x00, 0x24, 0x7a, 0x03, 0x05,
  0x00, 0x87, 0x00, 0x00, 0x03, 0x02, 0x8e, 0x07, 0x00, 0xe4, 0x0f, 0x00,
  0x24, 0x78, 0x07, 0x04, 0x40, 0x00, 0x00, 0x00, 0x05, 0x02, 0x8e, 0x07,
  0x00, 0xca, 0x2f, 0x00, 0x0c, 0x72, 0x00, 0x07, 0x8e, 0x00, 0x00, 0x00,
  0x70, 0x62, 0xf0, 0x03, 0x00, 0xe4, 0x0f, 0x04, 0x10, 0x78, 0x07, 0x07,
  0x08, 0x00, 0x00, 0x00, 0xff, 0xe0, 0xff, 0x07, 0x00, 0xd6, 0x0f, 0x00,
  0x24, 0x8a, 0x00, 0x04, 0x00, 0x86, 0x00, 0x00, 0xff, 0x02, 0x8e, 0x07,
  0x00, 0xe4, 0x0f, 0x00, 0x25, 0x78, 0x04, 0x8f, 0x08, 0x00, 0x00, 0x00,
  0x02, 0x02, 0x8e, 0x07, 0x00, 0xc8, 0x0f, 0x00, 0x24, 0x88, 0x03, 0x00,
  0x40, 0x00, 0x00, 0x00, 0xff, 0x00, 0x8e, 0x07, 0x00, 0xca, 0x0f, 0x00,
  0x19, 0x88, 0x09, 0xff, 0x1f, 0x00, 0x00, 0x00, 0x03, 0x14, 0x01, 0x00,
  0x00, 0xe4, 0x4f, 0x10, 0x10, 0x8a, 0x02, 0x04, 0x00, 0x7a, 0x00, 0x00,
  0x03, 0xe0, 0xa3, 0x07, 0x00, 0xc8, 0x0f, 0x00, 0x10, 0x8a, 0x03, 0x05,
  0x00, 0x7b, 0x00, 0x00, 0x09, 0x44, 0xfe, 0x00, 0x00, 0xe4, 0x0f, 0x00,
  0x0c, 0x72, 0x00, 0x07, 0x8e, 0x00, 0x00, 0x00, 0x70, 0x62, 0xf2, 0x03,
  0x00, 0xc6, 0x0f, 0x00, 0x86, 0x89, 0x00, 0x02, 0x25, 0x00, 0x00, 0x00,
  0x12, 0x19, 0x10, 0x0c, 0x00, 0xe8, 0x03, 0x00, 0x86, 0x89, 0x00, 0x02,
  0x5f, 0x04, 0x00, 0x00, 0x12, 0x19, 0x10, 0x0c, 0x00, 0xec, 0x03, 0x00,
  0x4d, 0x19, 0x00, 0x00, 0x00, 0x00, 0x00, 0x00, 0x00, 0x00, 0x80, 0x03,
  0x00, 0xea, 0x0f, 0x00, 0x90, 0x78, 0x04, 0x0b, 0x08, 0x00, 0x00, 0x00,
  0x3f, 0xe0, 0xff, 0x0f, 0x00, 0xe4, 0x0f, 0x00, 0xb9, 0x7a, 0x05, 0x00,
  0x00, 0x86, 0x00, 0x00, 0x00, 0x08, 0x00, 0x00, 0x00, 0xc4, 0x0f, 0x00,
  0xa4, 0x72, 0x04, 0x04, 0x05, 0x00, 0x00, 0x00, 0x3f, 0x02, 0x8e, 0x0f,
  0x00, 0xc8, 0x0f, 0x00, 0x99, 0x78, 0x05, 0x3f, 0x1f, 0x00, 0x00, 0x00,
  0x04, 0x14, 0x01, 0x08, 0x00, 0xe4, 0x0f, 0x00, 0x24, 0x7e, 0x03, 0xff,
  0x04, 0x00, 0x00, 0x00, 0xff, 0x00, 0x8e, 0x0f, 0x00, 0xca, 0x2f, 0x00,
  0x10, 0x7a, 0x02, 0x04, 0x00, 0x7a, 0x00, 0x00, 0x03, 0xe0, 0x91, 0x07,
  0x00, 0xe2, 0x0f, 0x00, 0x24, 0x7e, 0x03, 0xff, 0x05, 0x00, 0x00, 0x00,
  0xff, 0x00, 0x8e, 0x0f, 0x00, 0xca, 0x0f, 0x00, 0x10, 0x7a, 0x03, 0x05,
  0x00, 0x7b, 0x00, 0x00, 0x03, 0x24, 0x7e, 0x00, 0x00, 0xca, 0x0f, 0x00,
  0x86, 0x79, 0x00, 0x02, 0x5e, 0x00, 0x00, 0x00, 0x12, 0x19, 0x10, 0x0c,
  0x00, 0xe8, 0x0f, 0x00, 0x86, 0x79, 0x00, 0x02, 0x60, 0x04, 0x00, 0x00,
  0x12, 0x19, 0x10, 0x0c, 0x00, 0xe2, 0x0f, 0x00, 0x4d, 0x79, 0x00, 0x00,
  0x00, 0x00, 0x00, 0x00, 0x00, 0x00, 0x80, 0x03, 0x00, 0xea, 0x0f, 0x00,
  0x47, 0x79, 0x00, 0x00, 0xf0, 0xff, 0xff, 0xff, 0xff, 0xff, 0x83, 0x03,
  0x00, 0xc0, 0x0f, 0x00, 0x18, 0x79, 0x00, 0x00, 0x00, 0x00, 0x00, 0x00,
  0x00, 0x00, 0x00, 0x00, 0x00, 0xc0, 0x0f, 0x00, 0x18, 0x79, 0x00, 0x00,
  0x00, 0x00, 0x00, 0x00, 0x00, 0x00, 0x00, 0x00, 0x00, 0xc0, 0x0f, 0x00,
  0x18, 0x79, 0x00, 0x00, 0x00, 0x00, 0x00, 0x00, 0x00, 0x00, 0x00, 0x00,
  0x00, 0xc0, 0x0f, 0x00, 0x18, 0x79, 0x00, 0x00, 0x00, 0x00, 0x00, 0x00,
  0x00, 0x00, 0x00, 0x00, 0x00, 0xc0, 0x0f, 0x00, 0x18, 0x79, 0x00, 0x00,
  0x00, 0x00, 0x00, 0x00, 0x00, 0x00, 0x00, 0x00, 0x00, 0xc0, 0x0f, 0x00,
  0x18, 0x79, 0x00, 0x00, 0x00, 0x00, 0x00, 0x00, 0x00, 0x00, 0x00, 0x00,
  0x00, 0xc0, 0x0f, 0x00, 0x18, 0x79, 0x00, 0x00, 0x00, 0x00, 0x00, 0x00,
  0x00, 0x00, 0x00, 0x00, 0x00, 0xc0, 0x0f, 0x00, 0x18, 0x79, 0x00, 0x00,
  0x00, 0x00, 0x00, 0x00, 0x00, 0x00, 0x00, 0x00, 0x00, 0xc0, 0x0f, 0x00,
  0x18, 0x79, 0x00, 0x00, 0x00, 0x00, 0x00, 0x00, 0x00, 0x00, 0x00, 0x00,
  0x00, 0xc0, 0x0f, 0x00, 0x18, 0x79, 0x00, 0x00, 0x00, 0x00, 0x00, 0x00,
  0x00, 0x00, 0x00, 0x00, 0x00, 0xc0, 0x0f, 0x00, 0x18, 0x79, 0x00, 0x00,
  0x00, 0x00, 0x00, 0x00, 0x00, 0x00, 0x00, 0x00, 0x00, 0xc0, 0x0f, 0x00,
  0x18, 0x79, 0x00, 0x00, 0x00, 0x00, 0x00, 0x00, 0x00, 0x00, 0x00, 0x00,
  0x00, 0xc0, 0x0f, 0x00, 0x18, 0x79, 0x00, 0x00, 0x00, 0x00, 0x00, 0x00,
  0x00, 0x00, 0x00, 0x00, 0x00, 0xc0, 0x0f, 0x00, 0x18, 0x79, 0x00, 0x00,
  0x00, 0x00, 0x00, 0x00, 0x00, 0x00, 0x00, 0x00, 0x00, 0xc0, 0x0f, 0x00,
  0x18, 0x79, 0x00, 0x00, 0x00, 0x00, 0x00, 0x00, 0x00, 0x00, 0x00, 0x00,
  0x00, 0xc0, 0x0f, 0x00, 0x00, 0x00, 0x00, 0x00, 0x00, 0x00, 0x00, 0x00,
  0x00, 0x00, 0x00, 0x00, 0x00, 0x00, 0x00, 0x00, 0x00, 0x00, 0x00, 0x00,
  0x00, 0x00, 0x00, 0x00, 0x00, 0x00, 0x00, 0x00, 0x00, 0x00, 0x00, 0x00,
  0x00, 0x00, 0x00, 0x00, 0x00, 0x00, 0x00, 0x00, 0x00, 0x00, 0x00, 0x00,
  0x00, 0x00, 0x00, 0x00, 0x00, 0x00, 0x00, 0x00, 0x00, 0x00, 0x00, 0x00,
  0x00, 0x00, 0x00, 0x00, 0x00, 0x00, 0x00, 0x00, 0x01, 0x00, 0x00, 0x00,
  0x03, 0x00, 0x00, 0x00, 0x00, 0x00, 0x00, 0x00, 0x00, 0x00, 0x00, 0x00,
  0x00, 0x00, 0x00, 0x00, 0x00, 0x00, 0x00, 0x00, 0x40, 0x00, 0x00, 0x00,
  0x00, 0x00, 0x00, 0x00, 0x16, 0x02, 0x00, 0x00, 0x00, 0x00, 0x00, 0x00,
  0x00, 0x00, 0x00, 0x00, 0x00, 0x00, 0x00, 0x00, 0x01, 0x00, 0x00, 0x00,
  0x00, 0x00, 0x00, 0x00, 0x00, 0x00, 0x00, 0x00, 0x00, 0x00, 0x00, 0x00,
  0x0b, 0x00, 0x00, 0x00, 0x03, 0x00, 0x00, 0x00, 0x00, 0x00, 0x00, 0x00,
  0x00, 0x00, 0x00, 0x00, 0x00, 0x00, 0x00, 0x00, 0x00, 0x00, 0x00, 0x00,
  0x56, 0x02, 0x00, 0x00, 0x00, 0x00, 0x00, 0x00, 0x59, 0x02, 0x00, 0x00,
  0x00, 0x00, 0x00, 0x00, 0x00, 0x00, 0x00, 0x00, 0x00, 0x00, 0x00, 0x00,
  0x01, 0x00, 0x00, 0x00, 0x00, 0x00, 0x00, 0x00, 0x00, 0x00, 0x00, 0x00,
  0x00, 0x00, 0x00, 0x00, 0x13, 0x00, 0x00, 0x00, 0x02, 0x00, 0x00, 0x00,
  0x00, 0x00, 0x00, 0x00, 0x00, 0x00, 0x00, 0x00, 0x00, 0x00, 0x00, 0x00,
  0x00, 0x00, 0x00, 0x00, 0xb0, 0x04, 0x00, 0x00, 0x00, 0x00, 0x00, 0x00,
  0xa8, 0x00, 0x00, 0x00, 0x00, 0x00, 0x00, 0x00, 0x02, 0x00, 0x00, 0x00,
  0x06, 0x00, 0x00, 0x00, 0x08, 0x00, 0x00, 0x00, 0x00, 0x00, 0x00, 0x00,
  0x18, 0x00, 0x00, 0x00, 0x00, 0x00, 0x00, 0x00, 0xbb, 0x01, 0x00, 0x00,
  0x01, 0x00, 0x00, 0x00, 0x00, 0x00, 0x00, 0x00, 0x00, 0x00, 0x00, 0x00,
  0x00, 0x00, 0x00, 0x00, 0x00, 0x00, 0x00, 0x00, 0x58, 0x05, 0x00, 0x00,
  0x00, 0x00, 0x00, 0x00, 0x70, 0x00, 0x00, 0x00, 0x00, 0x00, 0x00, 0x00,
  0x00, 0x00, 0x00, 0x00, 0x00, 0x00, 0x00, 0x00, 0x01, 0x00, 0x00, 0x00,
  0x00, 0x00, 0x00, 0x00, 0x00, 0x00, 0x00, 0x00, 0x00, 0x00, 0x00, 0x00,
  0x29, 0x00, 0x00, 0x00, 0x00, 0x00, 0x00, 0x70, 0x00, 0x00, 0x00, 0x00,
  0x00, 0x00, 0x00, 0x00, 0x00, 0x00, 0x00, 0x00, 0x00, 0x00, 0x00, 0x00,
  0xc8, 0x05, 0x00, 0x00, 0x00, 0x00, 0x00, 0x00, 0x24, 0x00, 0x00, 0x00,
  0x00, 0x00, 0x00, 0x00, 0x03, 0x00, 0x00, 0x00, 0x00, 0x00, 0x00, 0x00,
  0x04, 0x00, 0x00, 0x00, 0x00, 0x00, 0x00, 0x00, 0x00, 0x00, 0x00, 0x00,
  0x00, 0x00, 0x00, 0x00, 0x7b, 0x00, 0x00, 0x00, 0x00, 0x00, 0x00, 0x70,
  0x40, 0x00, 0x00, 0x00, 0x00, 0x00, 0x00, 0x00, 0x00, 0x00, 0x00, 0x00,
  0x00, 0x00, 0x00, 0x00, 0xec, 0x05, 0x00, 0x00, 0x00, 0x00, 0x00, 0x00,
  0xdc, 0x00, 0x00, 0x00, 0x00, 0x00, 0x00, 0x00, 0x03, 0x00, 0x00, 0x00,
  0x0b, 0x00, 0x00, 0x00, 0x04, 0x00, 0x00, 0x00, 0x00, 0x00, 0x00, 0x00,
  0x00, 0x00, 0x00, 0x00, 0x00, 0x00, 0x00, 0x00, 0xeb, 0x01, 0x00, 0x00,
  0x01, 0x00, 0x00, 0x70, 0x00, 0x00, 0x00, 0x00, 0x00, 0x00, 0x00, 0x00,
  0x00, 0x00, 0x00, 0x00, 0x00, 0x00, 0x00, 0x00, 0xc8, 0x06, 0x00, 0x00,
  0x00, 0x00, 0x00, 0x00, 0x20, 0x00, 0x00, 0x00, 0x00, 0x00, 0x00, 0x00,
  0x03, 0x00, 0x00, 0x00, 0x00, 0x00, 0x00, 0x00, 0x04, 0x00, 0x00, 0x00,
  0x00, 0x00, 0x00, 0x00, 0x08, 0x00, 0x00, 0x00, 0x00, 0x00, 0x00, 0x00,
  0x07, 0x02, 0x00, 0x00, 0x0b, 0x00, 0x00, 0x70, 0x00, 0x00, 0x00, 0x00,
  0x00, 0x00, 0x00, 0x00, 0x00, 0x00, 0x00, 0x00, 0x00, 0x00, 0x00, 0x00,
  0xe8, 0x06, 0x00, 0x00, 0x00, 0x00, 0x00, 0x00, 0x10, 0x00, 0x00, 0x00,
  0x00, 0x00, 0x00, 0x00, 0x00, 0x00, 0x00, 0x00, 0x00, 0x00, 0x00, 0x00,
  0x08, 0x00, 0x00, 0x00, 0x00, 0x00, 0x00, 0x00, 0x08, 0x00, 0x00, 0x00,
  0x00, 0x00, 0x00, 0x00, 0xc8, 0x01, 0x00, 0x00, 0x09, 0x00, 0x00, 0x00,
  0x40, 0x00, 0x00, 0x00, 0x00, 0x00, 0x00, 0x00, 0x00, 0x00, 0x00, 0x00,
  0x00, 0x00, 0x00, 0x00, 0xf8, 0x06, 0x00, 0x00, 0x00, 0x00, 0x00, 0x00,
  0x10, 0x00, 0x00, 0x00, 0x00, 0x00, 0x00, 0x00, 0x03, 0x00, 0x00, 0x00,
  0x04, 0x00, 0x00, 0x00, 0x08, 0x00, 0x00, 0x00, 0x00, 0x00, 0x00, 0x00,
  0x10, 0x00, 0x00, 0x00, 0x00, 0x00, 0x00, 0x00, 0x15, 0x01, 0x00, 0x00,
  0x01, 0x00, 0x00, 0x00, 0x42, 0x00, 0x00, 0x00, 0x00, 0x00, 0x00, 0x00,
  0x00, 0x00, 0x00, 0x00, 0x00, 0x00, 0x00, 0x00, 0x08, 0x07, 0x00, 0x00,
  0x00, 0x00, 0x00, 0x00, 0x40, 0x04, 0x00, 0x00, 0x00, 0x00, 0x00, 0x00,
  0x00, 0x00, 0x00, 0x00, 0x0b, 0x00, 0x00, 0x00, 0x04, 0x00, 0x00, 0x00,
  0x00, 0x00, 0x00, 0x00, 0x00, 0x00, 0x00, 0x00, 0x00, 0x00, 0x00, 0x00,
  0x32, 0x00, 0x00, 0x00, 0x01, 0x00, 0x00, 0x00, 0x06, 0x00, 0x10, 0x00,
  0x00, 0x00, 0x00, 0x00, 0x00, 0x00, 0x00, 0x00, 0x00, 0x00, 0x00, 0x00,
  0x80, 0x0b, 0x00, 0x00, 0x00, 0x00, 0x00, 0x00, 0x80, 0x8e, 0x00, 0x00,
  0x00, 0x00, 0x00, 0x00, 0x03, 0x00, 0x00, 0x00, 0x06, 0x00, 0x00, 0xb6,
  0x80, 0x00, 0x00, 0x00, 0x00, 0x00, 0x00, 0x00, 0x00, 0x00, 0x00, 0x00,
  0x00, 0x00, 0x00, 0x00, 0xc7, 0x00, 0x00, 0x00, 0x08, 0x00, 0x00, 0x00,
  0x43, 0x00, 0x00, 0x00, 0x00, 0x00, 0x00, 0x00, 0x00, 0x00, 0x00, 0x00,
  0x00, 0x00, 0x00, 0x00, 0x00, 0x9a, 0x00, 0x00, 0x00, 0x00, 0x00, 0x00,
  0x00, 0x00, 0x00, 0x00, 0x00, 0x00, 0x00, 0x00, 0x00, 0x00, 0x00, 0x00,
  0x0b, 0x00, 0x00, 0x00, 0x10, 0x00, 0x00, 0x00, 0x00, 0x00, 0x00, 0x00,
  0x00, 0x00, 0x00, 0x00, 0x00, 0x00, 0x00, 0x00, 0x06, 0x00, 0x00, 0x00,
  0x05, 0x00, 0x00, 0x00, 0x40, 0x9d, 0x00, 0x00, 0x00, 0x00, 0x00, 0x00,
  0x00, 0x00, 0x00, 0x00, 0x00, 0x00, 0x00, 0x00, 0x00, 0x00, 0x00, 0x00,
  0x00, 0x00, 0x00, 0x00, 0xe0, 0x00, 0x00, 0x00, 0x00, 0x00, 0x00, 0x00,
  0xe0, 0x00, 0x00, 0x00, 0x00, 0x00, 0x00, 0x00, 0x08, 0x00, 0x00, 0x00,
  0x00, 0x00, 0x00, 0x00, 0x01, 0x00, 0x00, 0x00, 0x05, 0x00, 0x00, 0x00,
  0x08, 0x07, 0x00, 0x00, 0x00, 0x00, 0x00, 0x00, 0x00, 0x00, 0x00, 0x00,
  0x00, 0x00, 0x00, 0x00, 0x00, 0x00, 0x00, 0x00, 0x00, 0x00, 0x00, 0x00,
  0xf8, 0x92, 0x00, 0x00, 0x00, 0x00, 0x00, 0x00, 0xf8, 0x92, 0x00, 0x00,
  0x00, 0x00, 0x00, 0x00, 0x08, 0x00, 0x00, 0x00, 0x00, 0x00, 0x00, 0x00,
  0x01, 0x00, 0x00, 0x00, 0x06, 0x00, 0x00, 0x00, 0x00, 0x9a, 0x00, 0x00,
  0x00, 0x00, 0x00, 0x00, 0x00, 0x00, 0x00, 0x00, 0x00, 0x00, 0x00, 0x00,
  0x00, 0x00, 0x00, 0x00, 0x00, 0x00, 0x00, 0x00, 0x00, 0x00, 0x00, 0x00,
  0x00, 0x00, 0x00, 0x00, 0x00, 0x00, 0x00, 0x00, 0x00, 0x00, 0x00, 0x00,
  0x08, 0x00, 0x00, 0x00, 0x00, 0x00, 0x00, 0x00, 0x01, 0x00, 0x00, 0x00,
  0x05, 0x00, 0x00, 0x00, 0x40, 0x9d, 0x00, 0x00, 0x00, 0x00, 0x00, 0x00,
  0x00, 0x00, 0x00, 0x00, 0x00, 0x00, 0x00, 0x00, 0x00, 0x00, 0x00, 0x00,
  0x00, 0x00, 0x00, 0x00, 0xe0, 0x00, 0x00, 0x00, 0x00, 0x00, 0x00, 0x00,
  0xe0, 0x00, 0x00, 0x00, 0x00, 0x00, 0x00, 0x00, 0x08, 0x00, 0x00, 0x00,
  0x00, 0x00, 0x00, 0x00
};
unsigned int vit_cubin_fmha_v2_flash_attention_fp16_64_128_S_qkv_128_sm86_cu_cubin_len = 40480;
